fight_id,event_id,fighter_1_id,fighter_2_id,event_date,event_year
1,1,4064,1717,2025-11-22,2025
1,1,1717,4064,2025-11-22,2025
2,1,2344,2730,2025-11-22,2025
2,1,2730,2344,2025-11-22,2025
3,1,2904,2574,2025-11-22,2025
3,1,2574,2904,2025-11-22,2025
4,1,2946,1644,2025-11-22,2025
4,1,1644,2946,2025-11-22,2025
5,1,772,1355,2025-11-22,2025
5,1,1355,772,2025-11-22,2025
6,1,1722,4091,2025-11-22,2025
6,1,4091,1722,2025-11-22,2025
7,1,3314,1472,2025-11-22,2025
7,1,1472,3314,2025-11-22,2025
8,1,852,1810,2025-11-22,2025
8,1,1810,852,2025-11-22,2025
9,1,90,3088,2025-11-22,2025
9,1,3088,90,2025-11-22,2025
10,1,4356,652,2025-11-22,2025
10,1,652,4356,2025-11-22,2025
11,1,4034,91,2025-11-22,2025
11,1,91,4034,2025-11-22,2025
12,1,2805,2276,2025-11-22,2025
12,1,2276,2805,2025-11-22,2025
13,1,81,3360,2025-11-22,2025
13,1,3360,81,2025-11-22,2025
14,1,1270,513,2025-11-22,2025
14,1,513,1270,2025-11-22,2025
15,2,2385,924,2025-11-15,2025
15,2,924,2385,2025-11-15,2025
16,2,3650,4428,2025-11-15,2025
16,2,4428,3650,2025-11-15,2025
17,2,2695,442,2025-11-15,2025
17,2,442,2695,2025-11-15,2025
18,2,3176,1072,2025-11-15,2025
18,2,1072,3176,2025-11-15,2025
19,2,3463,873,2025-11-15,2025
19,2,873,3463,2025-11-15,2025
20,2,2836,4178,2025-11-15,2025
20,2,4178,2836,2025-11-15,2025
21,2,3364,2075,2025-11-15,2025
21,2,2075,3364,2025-11-15,2025
22,2,380,773,2025-11-15,2025
22,2,773,380,2025-11-15,2025
23,2,1152,4268,2025-11-15,2025
23,2,4268,1152,2025-11-15,2025
24,2,875,2554,2025-11-15,2025
24,2,2554,875,2025-11-15,2025
25,2,3451,2418,2025-11-15,2025
25,2,2418,3451,2025-11-15,2025
26,2,2051,1673,2025-11-15,2025
26,2,1673,2051,2025-11-15,2025
27,2,3905,2503,2025-11-15,2025
27,2,2503,3905,2025-11-15,2025
28,2,565,418,2025-11-15,2025
28,2,418,565,2025-11-15,2025
29,3,406,485,2025-11-08,2025
29,3,485,406,2025-11-08,2025
30,3,2692,3588,2025-11-08,2025
30,3,3588,2692,2025-11-08,2025
31,3,2549,3479,2025-11-08,2025
31,3,3479,2549,2025-11-08,2025
32,3,2981,407,2025-11-08,2025
32,3,407,2981,2025-11-08,2025
33,3,1042,4075,2025-11-08,2025
33,3,4075,1042,2025-11-08,2025
34,3,1103,127,2025-11-08,2025
34,3,127,1103,2025-11-08,2025
35,3,266,3717,2025-11-08,2025
35,3,3717,266,2025-11-08,2025
36,3,644,511,2025-11-08,2025
36,3,511,644,2025-11-08,2025
37,3,1690,1386,2025-11-08,2025
37,3,1386,1690,2025-11-08,2025
38,3,1407,3071,2025-11-08,2025
38,3,3071,1407,2025-11-08,2025
39,3,2414,1867,2025-11-08,2025
39,3,1867,2414,2025-11-08,2025
40,3,3267,2542,2025-11-08,2025
40,3,2542,3267,2025-11-08,2025
41,4,1339,2943,2025-11-01,2025
41,4,2943,1339,2025-11-01,2025
42,4,772,923,2025-11-01,2025
42,4,923,772,2025-11-01,2025
43,4,4269,1445,2025-11-01,2025
43,4,1445,4269,2025-11-01,2025
44,4,917,1037,2025-11-01,2025
44,4,1037,917,2025-11-01,2025
45,4,3218,1284,2025-11-01,2025
45,4,1284,3218,2025-11-01,2025
46,4,2797,1048,2025-11-01,2025
46,4,1048,2797,2025-11-01,2025
47,4,1083,692,2025-11-01,2025
47,4,692,1083,2025-11-01,2025
48,4,821,2201,2025-11-01,2025
48,4,2201,821,2025-11-01,2025
49,4,1887,1039,2025-11-01,2025
49,4,1039,1887,2025-11-01,2025
50,4,1040,4177,2025-11-01,2025
50,4,4177,1040,2025-11-01,2025
51,4,174,3441,2025-11-01,2025
51,4,3441,174,2025-11-01,2025
52,4,2059,3424,2025-11-01,2025
52,4,3424,2059,2025-11-01,2025
53,4,67,610,2025-11-01,2025
53,4,610,67,2025-11-01,2025
55,5,935,1828,2025-10-25,2025
55,5,1828,935,2025-10-25,2025
56,5,2886,301,2025-10-25,2025
56,5,301,2886,2025-10-25,2025
57,5,4200,98,2025-10-25,2025
57,5,98,4200,2025-10-25,2025
58,5,2761,3227,2025-10-25,2025
58,5,3227,2761,2025-10-25,2025
59,5,3482,1569,2025-10-25,2025
59,5,1569,3482,2025-10-25,2025
60,5,82,3011,2025-10-25,2025
60,5,3011,82,2025-10-25,2025
61,5,2047,3257,2025-10-25,2025
61,5,3257,2047,2025-10-25,2025
62,5,4217,3906,2025-10-25,2025
62,5,3906,4217,2025-10-25,2025
63,5,4331,922,2025-10-25,2025
63,5,922,4331,2025-10-25,2025
64,5,6,274,2025-10-25,2025
64,5,274,6,2025-10-25,2025
65,5,3245,2388,2025-10-25,2025
65,5,2388,3245,2025-10-25,2025
66,5,2652,130,2025-10-25,2025
66,5,130,2652,2025-10-25,2025
67,6,87,909,2025-10-18,2025
67,6,909,87,2025-10-18,2025
68,6,2396,1694,2025-10-18,2025
68,6,1694,2396,2025-10-18,2025
69,6,4410,4158,2025-10-18,2025
69,6,4158,4410,2025-10-18,2025
70,6,1217,1839,2025-10-18,2025
70,6,1839,1217,2025-10-18,2025
71,6,1922,1477,2025-10-18,2025
71,6,1477,1922,2025-10-18,2025
72,6,2820,1280,2025-10-18,2025
72,6,1280,2820,2025-10-18,2025
73,6,978,3179,2025-10-18,2025
73,6,3179,978,2025-10-18,2025
74,6,164,1371,2025-10-18,2025
74,6,1371,164,2025-10-18,2025
75,6,3697,3013,2025-10-18,2025
75,6,3013,3697,2025-10-18,2025
76,6,3543,268,2025-10-18,2025
76,6,268,3543,2025-10-18,2025
77,6,2314,2930,2025-10-18,2025
77,6,2930,2314,2025-10-18,2025
78,6,320,315,2025-10-18,2025
78,6,315,320,2025-10-18,2025
79,6,809,2266,2025-10-18,2025
79,6,2266,809,2025-10-18,2025
80,7,2922,1324,2025-10-11,2025
80,7,1324,2922,2025-10-11,2025
81,7,1202,1822,2025-10-11,2025
81,7,1822,1202,2025-10-11,2025
82,7,111,2324,2025-10-11,2025
82,7,2324,111,2025-10-11,2025
83,7,3148,971,2025-10-11,2025
83,7,971,3148,2025-10-11,2025
84,7,2905,3239,2025-10-11,2025
84,7,3239,2905,2025-10-11,2025
85,7,210,99,2025-10-11,2025
85,7,99,210,2025-10-11,2025
86,7,1208,613,2025-10-11,2025
86,7,613,1208,2025-10-11,2025
87,7,3107,3104,2025-10-11,2025
87,7,3104,3107,2025-10-11,2025
88,7,2582,66,2025-10-11,2025
88,7,66,2582,2025-10-11,2025
89,7,3359,2839,2025-10-11,2025
89,7,2839,3359,2025-10-11,2025
90,7,3157,2086,2025-10-11,2025
90,7,2086,3157,2025-10-11,2025
91,7,2125,2928,2025-10-11,2025
91,7,2928,2125,2025-10-11,2025
92,8,3078,155,2025-10-04,2025
92,8,155,3078,2025-10-04,2025
93,8,1052,3506,2025-10-04,2025
93,8,3506,1052,2025-10-04,2025
94,8,3185,3420,2025-10-04,2025
94,8,3420,3185,2025-10-04,2025
95,8,4412,1104,2025-10-04,2025
95,8,1104,4412,2025-10-04,2025
96,8,3200,2369,2025-10-04,2025
96,8,2369,3200,2025-10-04,2025
97,8,1353,4190,2025-10-04,2025
97,8,4190,1353,2025-10-04,2025
98,8,3540,4389,2025-10-04,2025
98,8,4389,3540,2025-10-04,2025
99,8,4291,2647,2025-10-04,2025
99,8,2647,4291,2025-10-04,2025
100,8,3636,2739,2025-10-04,2025
100,8,2739,3636,2025-10-04,2025
101,8,3791,4163,2025-10-04,2025
101,8,4163,3791,2025-10-04,2025
102,8,3536,675,2025-10-04,2025
102,8,675,3536,2025-10-04,2025
103,8,291,1532,2025-10-04,2025
103,8,1532,291,2025-10-04,2025
104,8,444,4133,2025-10-04,2025
104,8,4133,444,2025-10-04,2025
105,8,1576,4216,2025-10-04,2025
105,8,4216,1576,2025-10-04,2025
106,9,4092,3284,2025-09-27,2025
106,9,3284,4092,2025-09-27,2025
107,9,817,1122,2025-09-27,2025
107,9,1122,817,2025-09-27,2025
108,9,1849,3967,2025-09-27,2025
108,9,3967,1849,2025-09-27,2025
109,9,2364,2480,2025-09-27,2025
109,9,2480,2364,2025-09-27,2025
110,9,2864,573,2025-09-27,2025
110,9,573,2864,2025-09-27,2025
111,9,3862,321,2025-09-27,2025
111,9,321,3862,2025-09-27,2025
112,9,3425,3108,2025-09-27,2025
112,9,3108,3425,2025-09-27,2025
113,9,2734,311,2025-09-27,2025
113,9,311,2734,2025-09-27,2025
114,9,3999,2762,2025-09-27,2025
114,9,2762,3999,2025-09-27,2025
115,9,2669,611,2025-09-27,2025
115,9,611,2669,2025-09-27,2025
116,9,3093,1094,2025-09-27,2025
116,9,1094,3093,2025-09-27,2025
117,9,3994,2284,2025-09-27,2025
117,9,2284,3994,2025-09-27,2025
118,10,2288,3707,2025-09-13,2025
118,10,3707,2288,2025-09-13,2025
119,10,2457,1240,2025-09-13,2025
119,10,1240,2457,2025-09-13,2025
120,10,1341,1440,2025-09-13,2025
120,10,1440,1341,2025-09-13,2025
121,10,1348,3867,2025-09-13,2025
121,10,3867,1348,2025-09-13,2025
122,10,1648,1192,2025-09-13,2025
122,10,1192,1648,2025-09-13,2025
123,10,2321,2178,2025-09-13,2025
123,10,2178,2321,2025-09-13,2025
124,10,4023,865,2025-09-13,2025
124,10,865,4023,2025-09-13,2025
125,10,3693,3191,2025-09-13,2025
125,10,3191,3693,2025-09-13,2025
126,10,3890,2211,2025-09-13,2025
126,10,2211,3890,2025-09-13,2025
127,10,32,1524,2025-09-13,2025
127,10,1524,32,2025-09-13,2025
129,10,765,783,2025-09-13,2025
129,10,783,765,2025-09-13,2025
130,10,3278,3081,2025-09-13,2025
130,10,3081,3278,2025-09-13,2025
131,10,991,3634,2025-09-13,2025
131,10,3634,991,2025-09-13,2025
132,11,1778,416,2025-09-06,2025
132,11,416,1778,2025-09-06,2025
133,11,3463,3437,2025-09-06,2025
133,11,3437,3463,2025-09-06,2025
134,11,514,801,2025-09-06,2025
134,11,801,514,2025-09-06,2025
135,11,1908,2915,2025-09-06,2025
135,11,2915,1908,2025-09-06,2025
136,11,3774,2530,2025-09-06,2025
136,11,2530,3774,2025-09-06,2025
137,11,1419,3435,2025-09-06,2025
137,11,3435,1419,2025-09-06,2025
138,11,3916,3297,2025-09-06,2025
138,11,3297,3916,2025-09-06,2025
139,11,923,4084,2025-09-06,2025
139,11,4084,923,2025-09-06,2025
140,11,1186,1574,2025-09-06,2025
140,11,1574,1186,2025-09-06,2025
141,11,3038,4249,2025-09-06,2025
141,11,4249,3038,2025-09-06,2025
142,11,499,3966,2025-09-06,2025
142,11,3966,499,2025-09-06,2025
143,11,1163,1529,2025-09-06,2025
143,11,1529,1163,2025-09-06,2025
144,11,1751,255,2025-09-06,2025
144,11,255,1751,2025-09-06,2025
145,12,4215,4429,2025-08-23,2025
145,12,4429,4215,2025-08-23,2025
146,12,3853,2948,2025-08-23,2025
146,12,2948,3853,2025-08-23,2025
147,12,3042,772,2025-08-23,2025
147,12,772,3042,2025-08-23,2025
148,12,3902,414,2025-08-23,2025
148,12,414,3902,2025-08-23,2025
149,12,3936,811,2025-08-23,2025
149,12,811,3936,2025-08-23,2025
150,12,4402,2376,2025-08-23,2025
150,12,2376,4402,2025-08-23,2025
151,12,1886,1976,2025-08-23,2025
151,12,1976,1886,2025-08-23,2025
152,12,3401,1743,2025-08-23,2025
152,12,1743,3401,2025-08-23,2025
153,12,875,3077,2025-08-23,2025
153,12,3077,875,2025-08-23,2025
154,12,4383,4314,2025-08-23,2025
154,12,4314,4383,2025-08-23,2025
155,12,4395,4350,2025-08-23,2025
155,12,4350,4395,2025-08-23,2025
156,12,3561,2882,2025-08-23,2025
156,12,2882,3561,2025-08-23,2025
158,13,2757,3133,2025-08-16,2025
158,13,3133,2757,2025-08-16,2025
159,13,3176,2812,2025-08-16,2025
159,13,2812,3176,2025-08-16,2025
160,13,2983,587,2025-08-16,2025
160,13,587,2983,2025-08-16,2025
161,13,1090,193,2025-08-16,2025
161,13,193,1090,2025-08-16,2025
162,13,3905,2865,2025-08-16,2025
162,13,2865,3905,2025-08-16,2025
163,13,2919,2554,2025-08-16,2025
163,13,2554,2919,2025-08-16,2025
164,13,1399,144,2025-08-16,2025
164,13,144,1399,2025-08-16,2025
165,13,1648,1718,2025-08-16,2025
165,13,1718,1648,2025-08-16,2025
166,13,2053,265,2025-08-16,2025
166,13,265,2053,2025-08-16,2025
167,13,3703,263,2025-08-16,2025
167,13,263,3703,2025-08-16,2025
168,13,2692,1768,2025-08-16,2025
168,13,1768,2692,2025-08-16,2025
169,14,1649,985,2025-08-09,2025
169,14,985,1649,2025-08-09,2025
170,14,1117,2953,2025-08-09,2025
170,14,2953,1117,2025-08-09,2025
171,14,2315,1673,2025-08-09,2025
171,14,1673,2315,2025-08-09,2025
172,14,1209,3379,2025-08-09,2025
172,14,3379,1209,2025-08-09,2025
173,14,2476,1867,2025-08-09,2025
173,14,1867,2476,2025-08-09,2025
174,14,1042,134,2025-08-09,2025
174,14,134,1042,2025-08-09,2025
175,14,4218,652,2025-08-09,2025
175,14,652,4218,2025-08-09,2025
176,14,3760,1983,2025-08-09,2025
176,14,1983,3760,2025-08-09,2025
177,14,1075,553,2025-08-09,2025
177,14,553,1075,2025-08-09,2025
178,14,2549,4101,2025-08-09,2025
178,14,4101,2549,2025-08-09,2025
179,14,1185,3866,2025-08-09,2025
179,14,3866,1185,2025-08-09,2025
180,14,2503,493,2025-08-09,2025
180,14,493,2503,2025-08-09,2025
181,15,3934,3013,2025-08-02,2025
181,15,3013,3934,2025-08-02,2025
182,15,1041,3257,2025-08-02,2025
182,15,3257,1041,2025-08-02,2025
183,15,3298,456,2025-08-02,2025
183,15,456,3298,2025-08-02,2025
184,15,3407,767,2025-08-02,2025
184,15,767,3407,2025-08-02,2025
185,15,2364,4413,2025-08-02,2025
185,15,4413,2364,2025-08-02,2025
186,15,4122,3708,2025-08-02,2025
186,15,3708,4122,2025-08-02,2025
187,15,2784,1227,2025-08-02,2025
187,15,1227,2784,2025-08-02,2025
188,15,4178,1443,2025-08-02,2025
188,15,1443,4178,2025-08-02,2025
189,15,3198,2048,2025-08-02,2025
189,15,2048,3198,2025-08-02,2025
190,15,292,4374,2025-08-02,2025
190,15,4374,292,2025-08-02,2025
191,15,1135,518,2025-08-02,2025
191,15,518,1135,2025-08-02,2025
192,15,3378,3809,2025-08-02,2025
192,15,3809,3378,2025-08-02,2025
193,16,909,4286,2025-07-26,2025
193,16,4286,909,2025-07-26,2025
194,16,4368,2522,2025-07-26,2025
194,16,2522,4368,2025-07-26,2025
195,16,2370,282,2025-07-26,2025
195,16,282,2370,2025-07-26,2025
196,16,90,2901,2025-07-26,2025
196,16,2901,90,2025-07-26,2025
197,16,1525,2094,2025-07-26,2025
197,16,2094,1525,2025-07-26,2025
198,16,2639,2884,2025-07-26,2025
198,16,2884,2639,2025-07-26,2025
199,16,3479,2179,2025-07-26,2025
199,16,2179,3479,2025-07-26,2025
200,16,1477,378,2025-07-26,2025
200,16,378,1477,2025-07-26,2025
201,16,3301,3293,2025-07-26,2025
201,16,3293,3301,2025-07-26,2025
202,16,1083,204,2025-07-26,2025
202,16,204,1083,2025-07-26,2025
203,16,2834,4355,2025-07-26,2025
203,16,4355,2834,2025-07-26,2025
204,16,506,501,2025-07-26,2025
204,16,501,506,2025-07-26,2025
205,17,1696,3154,2025-07-19,2025
205,17,3154,1696,2025-07-19,2025
206,17,781,2075,2025-07-19,2025
206,17,2075,781,2025-07-19,2025
207,17,3373,1694,2025-07-19,2025
207,17,1694,3373,2025-07-19,2025
208,17,1272,1769,2025-07-19,2025
208,17,1769,1272,2025-07-19,2025
209,17,1876,4421,2025-07-19,2025
209,17,4421,1876,2025-07-19,2025
210,17,2929,3125,2025-07-19,2025
210,17,3125,2929,2025-07-19,2025
211,17,87,4167,2025-07-19,2025
211,17,4167,87,2025-07-19,2025
212,17,4163,3172,2025-07-19,2025
212,17,3172,4163,2025-07-19,2025
213,17,1353,4115,2025-07-19,2025
213,17,4115,1353,2025-07-19,2025
214,17,1036,1288,2025-07-19,2025
214,17,1288,1036,2025-07-19,2025
215,17,817,3170,2025-07-19,2025
215,17,3170,817,2025-07-19,2025
216,17,3814,500,2025-07-19,2025
216,17,500,3814,2025-07-19,2025
217,17,1194,2542,2025-07-19,2025
217,17,2542,1194,2025-07-19,2025
218,17,1931,559,2025-07-19,2025
218,17,559,1931,2025-07-19,2025
219,18,2234,3981,2025-07-12,2025
219,18,3981,2234,2025-07-12,2025
220,18,406,4008,2025-07-12,2025
220,18,4008,406,2025-07-12,2025
221,18,1339,1974,2025-07-12,2025
221,18,1974,1339,2025-07-12,2025
222,18,665,2140,2025-07-12,2025
222,18,2140,665,2025-07-12,2025
223,18,3107,2141,2025-07-12,2025
223,18,2141,3107,2025-07-12,2025
224,18,4024,3931,2025-07-12,2025
224,18,3931,4024,2025-07-12,2025
225,18,841,1493,2025-07-12,2025
225,18,1493,841,2025-07-12,2025
226,18,2480,2854,2025-07-12,2025
226,18,2854,2480,2025-07-12,2025
227,18,2722,2755,2025-07-12,2025
227,18,2755,2722,2025-07-12,2025
228,18,4217,2888,2025-07-12,2025
228,18,2888,4217,2025-07-12,2025
229,18,888,3235,2025-07-12,2025
229,18,3235,888,2025-07-12,2025
230,18,2051,2455,2025-07-12,2025
230,18,2455,2051,2025-07-12,2025
231,19,4033,2922,2025-06-28,2025
231,19,2922,4033,2025-06-28,2025
232,19,3001,1963,2025-06-28,2025
232,19,1963,3001,2025-06-28,2025
233,19,4124,3428,2025-06-28,2025
233,19,3428,4124,2025-06-28,2025
234,19,873,2658,2025-06-28,2025
234,19,2658,873,2025-06-28,2025
235,19,3945,2257,2025-06-28,2025
235,19,2257,3945,2025-06-28,2025
236,19,3364,1644,2025-06-28,2025
236,19,1644,3364,2025-06-28,2025
237,19,922,127,2025-06-28,2025
237,19,127,922,2025-06-28,2025
238,19,773,171,2025-06-28,2025
238,19,171,773,2025-06-28,2025
239,19,2534,418,2025-06-28,2025
239,19,418,2534,2025-06-28,2025
240,19,3761,3182,2025-06-28,2025
240,19,3182,3761,2025-06-28,2025
241,19,971,1677,2025-06-28,2025
241,19,1677,971,2025-06-28,2025
242,20,3420,1675,2025-06-21,2025
242,20,1675,3420,2025-06-21,2025
243,20,1224,241,2025-06-21,2025
243,20,241,1224,2025-06-21,2025
244,20,383,2104,2025-06-21,2025
244,20,2104,383,2025-06-21,2025
245,20,2946,2763,2025-06-21,2025
245,20,2763,2946,2025-06-21,2025
246,20,3453,2720,2025-06-21,2025
246,20,2720,3453,2025-06-21,2025
247,20,2775,1472,2025-06-21,2025
247,20,1472,2775,2025-06-21,2025
248,20,2059,1091,2025-06-21,2025
248,20,1091,2059,2025-06-21,2025
249,20,3011,2805,2025-06-21,2025
249,20,2805,3011,2025-06-21,2025
250,20,4433,2736,2025-06-21,2025
250,20,2736,4433,2025-06-21,2025
251,20,3917,66,2025-06-21,2025
251,20,66,3917,2025-06-21,2025
252,20,4091,2388,2025-06-21,2025
252,20,2388,4091,2025-06-21,2025
253,20,4107,6,2025-06-21,2025
253,20,6,4107,2025-06-21,2025
254,21,4106,505,2025-06-14,2025
254,21,505,4106,2025-06-14,2025
255,21,2792,2486,2025-06-14,2025
255,21,2486,2792,2025-06-14,2025
256,21,3636,3108,2025-06-14,2025
256,21,3108,3636,2025-06-14,2025
257,21,266,1333,2025-06-14,2025
257,21,1333,266,2025-06-14,2025
259,21,2574,3916,2025-06-14,2025
259,21,3916,2574,2025-06-14,2025
261,21,676,2521,2025-06-14,2025
261,21,2521,676,2025-06-14,2025
262,21,4268,2724,2025-06-14,2025
262,21,2724,4268,2025-06-14,2025
263,21,2901,1048,2025-06-14,2025
263,21,1048,2901,2025-06-14,2025
264,21,3717,3766,2025-06-14,2025
264,21,3766,3717,2025-06-14,2025
265,21,3424,2285,2025-06-14,2025
265,21,2285,3424,2025-06-14,2025
266,21,1727,929,2025-06-14,2025
266,21,929,1727,2025-06-14,2025
267,22,1052,2894,2025-06-07,2025
267,22,2894,1052,2025-06-07,2025
268,22,1589,3059,2025-06-07,2025
268,22,3059,1589,2025-06-07,2025
269,22,3200,1348,2025-06-07,2025
269,22,1348,3200,2025-06-07,2025
270,22,301,2647,2025-06-07,2025
270,22,2647,301,2025-06-07,2025
271,22,1694,2324,2025-06-07,2025
271,22,2324,1694,2025-06-07,2025
272,22,4124,3697,2025-06-07,2025
272,22,3697,4124,2025-06-07,2025
273,22,2761,3297,2025-06-07,2025
273,22,3297,2761,2025-06-07,2025
274,22,772,3826,2025-06-07,2025
274,22,3826,772,2025-06-07,2025
275,22,1529,4306,2025-06-07,2025
275,22,4306,1529,2025-06-07,2025
276,22,4234,847,2025-06-07,2025
276,22,847,4234,2025-06-07,2025
277,22,4389,3548,2025-06-07,2025
277,22,3548,4389,2025-06-07,2025
278,22,3482,196,2025-06-07,2025
278,22,196,3482,2025-06-07,2025
279,22,2548,686,2025-06-07,2025
279,22,686,2548,2025-06-07,2025
280,23,1324,2047,2025-05-31,2025
280,23,2047,1324,2025-05-31,2025
281,23,444,1402,2025-05-31,2025
281,23,1402,444,2025-05-31,2025
282,23,1825,2289,2025-05-31,2025
282,23,2289,1825,2025-05-31,2025
283,23,4177,675,2025-05-31,2025
283,23,675,4177,2025-05-31,2025
284,23,3267,4023,2025-05-31,2025
284,23,4023,3267,2025-05-31,2025
285,23,2797,1208,2025-05-31,2025
285,23,1208,2797,2025-05-31,2025
286,23,2180,1703,2025-05-31,2025
286,23,1703,2180,2025-05-31,2025
287,23,2915,210,2025-05-31,2025
287,23,210,2915,2025-05-31,2025
288,23,174,1001,2025-05-31,2025
288,23,1001,174,2025-05-31,2025
289,24,2695,525,2025-05-17,2025
289,24,525,2695,2025-05-17,2025
290,24,3544,4406,2025-05-17,2025
290,24,4406,3544,2025-05-17,2025
291,24,3445,3867,2025-05-17,2025
291,24,3867,3445,2025-05-17,2025
292,24,784,1120,2025-05-17,2025
292,24,1120,784,2025-05-17,2025
293,24,1488,565,2025-05-17,2025
293,24,565,1488,2025-05-17,2025
294,24,1440,2659,2025-05-17,2025
294,24,2659,1440,2025-05-17,2025
295,24,917,2481,2025-05-17,2025
295,24,2481,917,2025-05-17,2025
296,24,3542,2266,2025-05-17,2025
296,24,2266,3542,2025-05-17,2025
297,24,1407,3263,2025-05-17,2025
297,24,3263,1407,2025-05-17,2025
298,24,3013,1651,2025-05-17,2025
298,24,1651,3013,2025-05-17,2025
299,24,3071,3147,2025-05-17,2025
299,24,3147,3071,2025-05-17,2025
300,25,924,2730,2025-05-10,2025
300,25,2730,924,2025-05-10,2025
301,25,3650,1217,2025-05-10,2025
301,25,1217,3650,2025-05-10,2025
302,25,4410,64,2025-05-10,2025
302,25,64,4410,2025-05-10,2025
303,25,3700,1479,2025-05-10,2025
303,25,1479,3700,2025-05-10,2025
304,25,3463,3179,2025-05-10,2025
304,25,3179,3463,2025-05-10,2025
305,25,2396,3218,2025-05-10,2025
305,25,3218,2396,2025-05-10,2025
306,25,1839,144,2025-05-10,2025
306,25,144,1839,2025-05-10,2025
307,25,514,842,2025-05-10,2025
307,25,842,514,2025-05-10,2025
308,25,3862,1122,2025-05-10,2025
308,25,1122,3862,2025-05-10,2025
309,25,282,3697,2025-05-10,2025
309,25,3697,282,2025-05-10,2025
310,25,3540,2199,2025-05-10,2025
310,25,2199,3540,2025-05-10,2025
311,25,91,1973,2025-05-10,2025
311,25,1973,91,2025-05-10,2025
312,26,3506,1202,2025-05-03,2025
312,26,1202,3506,2025-05-03,2025
313,26,909,2836,2025-05-03,2025
313,26,2836,909,2025-05-03,2025
314,26,3373,3160,2025-05-03,2025
314,26,3160,3373,2025-05-03,2025
315,26,1822,2414,2025-05-03,2025
315,26,2414,1822,2025-05-03,2025
316,26,3673,3766,2025-05-03,2025
316,26,3766,3673,2025-05-03,2025
317,26,1908,3852,2025-05-03,2025
317,26,3852,1908,2025-05-03,2025
318,26,3536,3961,2025-05-03,2025
318,26,3961,3536,2025-05-03,2025
319,26,315,2276,2025-05-03,2025
319,26,2276,315,2025-05-03,2025
320,26,3350,3372,2025-05-03,2025
320,26,3372,3350,2025-05-03,2025
321,26,2178,401,2025-05-03,2025
321,26,401,2178,2025-05-03,2025
322,26,3104,2491,2025-05-03,2025
322,26,2491,3104,2025-05-03,2025
323,26,2611,3110,2025-05-03,2025
323,26,3110,2611,2025-05-03,2025
324,27,2344,3176,2025-04-26,2025
324,27,3176,2344,2025-04-26,2025
325,27,4429,3752,2025-04-26,2025
325,27,3752,4429,2025-04-26,2025
326,27,2943,677,2025-04-26,2025
326,27,677,2943,2025-04-26,2025
327,27,2369,3077,2025-04-26,2025
327,27,3077,2369,2025-04-26,2025
328,27,485,852,2025-04-26,2025
328,27,852,485,2025-04-26,2025
329,27,82,2739,2025-04-26,2025
329,27,2739,82,2025-04-26,2025
330,27,3588,1228,2025-04-26,2025
330,27,1228,3588,2025-04-26,2025
331,27,1082,4402,2025-04-26,2025
331,27,4402,1082,2025-04-26,2025
332,27,1532,633,2025-04-26,2025
332,27,633,1532,2025-04-26,2025
333,27,378,48,2025-04-26,2025
333,27,48,378,2025-04-26,2025
334,27,4268,3448,2025-04-26,2025
334,27,3448,4268,2025-04-26,2025
335,27,130,4170,2025-04-26,2025
335,27,4170,130,2025-04-26,2025
336,27,821,3397,2025-04-26,2025
336,27,3397,821,2025-04-26,2025
337,27,1075,660,2025-04-26,2025
337,27,660,1075,2025-04-26,2025
338,28,4198,2288,2025-04-12,2025
338,28,2288,4198,2025-04-12,2025
339,28,3142,659,2025-04-12,2025
339,28,659,3142,2025-04-12,2025
340,28,3370,1272,2025-04-12,2025
340,28,1272,3370,2025-04-12,2025
341,28,3707,2639,2025-04-12,2025
341,28,2639,3707,2025-04-12,2025
342,28,3284,2094,2025-04-12,2025
342,28,2094,3284,2025-04-12,2025
343,28,1769,4336,2025-04-12,2025
343,28,4336,1769,2025-04-12,2025
344,28,1828,4367,2025-04-12,2025
344,28,4367,1828,2025-04-12,2025
345,28,1718,2605,2025-04-12,2025
345,28,2605,1718,2025-04-12,2025
346,28,1120,1087,2025-04-12,2025
346,28,1087,1120,2025-04-12,2025
347,28,2919,1039,2025-04-12,2025
347,28,1039,2919,2025-04-12,2025
348,28,3902,3245,2025-04-12,2025
348,28,3245,3902,2025-04-12,2025
349,28,4075,1443,2025-04-12,2025
349,28,1443,4075,2025-04-12,2025
350,28,767,797,2025-04-12,2025
350,28,797,767,2025-04-12,2025
351,29,2757,1104,2025-04-05,2025
351,29,1104,2757,2025-04-05,2025
352,29,3451,467,2025-04-05,2025
352,29,467,3451,2025-04-05,2025
353,29,2201,3399,2025-04-05,2025
353,29,3399,2201,2025-04-05,2025
354,29,3966,2554,2025-04-05,2025
354,29,2554,3966,2025-04-05,2025
355,29,2953,1524,2025-04-05,2025
355,29,1524,2953,2025-04-05,2025
356,29,1214,4115,2025-04-05,2025
356,29,4115,1214,2025-04-05,2025
357,29,263,317,2025-04-05,2025
357,29,317,263,2025-04-05,2025
358,29,2530,1284,2025-04-05,2025
358,29,1284,2530,2025-04-05,2025
359,29,2284,2880,2025-04-05,2025
359,29,2880,2284,2025-04-05,2025
360,29,1639,1165,2025-04-05,2025
360,29,1165,1639,2025-04-05,2025
361,29,506,3561,2025-04-05,2025
361,29,3561,506,2025-04-05,2025
362,29,67,929,2025-04-05,2025
362,29,929,67,2025-04-05,2025
363,30,2703,1117,2025-03-29,2025
363,30,1117,2703,2025-03-29,2025
364,30,4043,978,2025-03-29,2025
364,30,978,4043,2025-03-29,2025
365,30,656,4164,2025-03-29,2025
365,30,4164,656,2025-03-29,2025
366,30,3409,2693,2025-03-29,2025
366,30,2693,3409,2025-03-29,2025
367,30,2457,2928,2025-03-29,2025
367,30,2928,2457,2025-03-29,2025
368,30,414,3375,2025-03-29,2025
368,30,3375,414,2025-03-29,2025
369,30,1353,865,2025-03-29,2025
369,30,865,1353,2025-03-29,2025
370,30,784,3379,2025-03-29,2025
370,30,3379,784,2025-03-29,2025
371,30,1399,3157,2025-03-29,2025
371,30,3157,1399,2025-03-29,2025
372,30,1341,3130,2025-03-29,2025
372,30,3130,1341,2025-03-29,2025
373,30,1103,2629,2025-03-29,2025
373,30,2629,1103,2025-03-29,2025
374,30,2548,1743,2025-03-29,2025
374,30,1743,2548,2025-03-29,2025
375,31,442,1072,2025-03-22,2025
375,31,1072,442,2025-03-22,2025
376,31,4092,372,2025-03-22,2025
376,31,372,4092,2025-03-22,2025
377,31,1694,2819,2025-03-22,2025
377,31,2819,1694,2025-03-22,2025
378,31,3994,2501,2025-03-22,2025
378,31,2501,3994,2025-03-22,2025
379,31,1041,4206,2025-03-22,2025
379,31,4206,1041,2025-03-22,2025
380,31,4331,665,2025-03-22,2025
380,31,665,4331,2025-03-22,2025
381,31,2981,1641,2025-03-22,2025
381,31,1641,2981,2025-03-22,2025
382,31,1976,1002,2025-03-22,2025
382,31,1002,1976,2025-03-22,2025
383,31,4084,3020,2025-03-22,2025
383,31,3020,4084,2025-03-22,2025
384,31,1042,3198,2025-03-22,2025
384,31,3198,1042,2025-03-22,2025
385,31,255,4028,2025-03-22,2025
385,31,4028,255,2025-03-22,2025
386,31,2302,1227,2025-03-22,2025
386,31,1227,2302,2025-03-22,2025
387,31,1186,2114,2025-03-22,2025
387,31,2114,1186,2025-03-22,2025
388,32,985,4167,2025-03-15,2025
388,32,4167,985,2025-03-15,2025
389,32,2854,4413,2025-03-15,2025
389,32,4413,2854,2025-03-15,2025
390,32,1648,1703,2025-03-15,2025
390,32,1703,1648,2025-03-15,2025
391,32,378,1371,2025-03-15,2025
391,32,1371,378,2025-03-15,2025
392,32,3297,2882,2025-03-15,2025
392,32,2882,3297,2025-03-15,2025
393,32,4122,683,2025-03-15,2025
393,32,683,4122,2025-03-15,2025
394,32,772,3814,2025-03-15,2025
394,32,3814,772,2025-03-15,2025
395,32,4395,833,2025-03-15,2025
395,32,833,4395,2025-03-15,2025
396,32,4159,2762,2025-03-15,2025
396,32,2762,4159,2025-03-15,2025
397,32,1751,2314,2025-03-15,2025
397,32,2314,1751,2025-03-15,2025
398,32,2256,267,2025-03-15,2025
398,32,267,2256,2025-03-15,2025
399,32,553,2881,2025-03-15,2025
399,32,2881,553,2025-03-15,2025
400,32,1931,1025,2025-03-15,2025
400,32,1025,1931,2025-03-15,2025
401,33,155,3078,2025-03-08,2025
401,33,3078,155,2025-03-08,2025
402,33,1306,1224,2025-03-08,2025
402,33,1224,1306,2025-03-08,2025
403,33,241,4082,2025-03-08,2025
403,33,4082,241,2025-03-08,2025
404,33,2211,2315,2025-03-08,2025
404,33,2315,2211,2025-03-08,2025
405,33,3437,1486,2025-03-08,2025
405,33,1486,3437,2025-03-08,2025
406,33,4124,4065,2025-03-08,2025
406,33,4065,4124,2025-03-08,2025
407,33,1194,3109,2025-03-08,2025
407,33,3109,1194,2025-03-08,2025
408,33,2179,2709,2025-03-08,2025
408,33,2709,2179,2025-03-08,2025
409,33,3544,2434,2025-03-08,2025
409,33,2434,3544,2025-03-08,2025
410,33,960,3543,2025-03-08,2025
410,33,3543,960,2025-03-08,2025
411,34,1961,90,2025-03-01,2025
411,34,90,1961,2025-03-01,2025
412,34,493,2426,2025-03-01,2025
412,34,2426,493,2025-03-01,2025
413,34,1569,3298,2025-03-01,2025
413,34,3298,1569,2025-03-01,2025
414,34,127,1419,2025-03-01,2025
414,34,1419,127,2025-03-01,2025
415,34,3038,268,2025-03-01,2025
415,34,268,3038,2025-03-01,2025
416,34,3148,2141,2025-03-01,2025
416,34,2141,3148,2025-03-01,2025
417,34,2418,3239,2025-03-01,2025
417,34,3239,2418,2025-03-01,2025
418,34,3708,99,2025-03-01,2025
418,34,99,3708,2025-03-01,2025
419,34,65,2198,2025-03-01,2025
419,34,2198,65,2025-03-01,2025
420,34,3983,1886,2025-03-01,2025
420,34,1886,3983,2025-03-01,2025
421,35,3781,648,2025-02-22,2025
421,35,648,3781,2025-02-22,2025
422,35,1649,87,2025-02-22,2025
422,35,87,1649,2025-02-22,2025
423,35,1240,2476,2025-02-22,2025
423,35,2476,1240,2025-02-22,2025
424,35,3707,239,2025-02-22,2025
424,35,239,3707,2025-02-22,2025
425,35,2574,4218,2025-02-22,2025
425,35,4218,2574,2025-02-22,2025
426,35,842,204,2025-02-22,2025
426,35,204,842,2025-02-22,2025
427,35,784,1209,2025-02-22,2025
427,35,1209,784,2025-02-22,2025
428,35,7,2048,2025-02-22,2025
428,35,2048,7,2025-02-22,2025
429,35,3717,290,2025-02-22,2025
429,35,290,3717,2025-02-22,2025
430,35,4133,4163,2025-02-22,2025
430,35,4163,4133,2025-02-22,2025
431,35,3445,2503,2025-02-22,2025
431,35,2503,3445,2025-02-22,2025
432,35,514,652,2025-02-22,2025
432,35,652,514,2025-02-22,2025
433,36,587,3364,2025-02-15,2025
433,36,3364,587,2025-02-15,2025
434,36,4412,1974,2025-02-15,2025
434,36,1974,4412,2025-02-15,2025
435,36,3636,508,2025-02-15,2025
435,36,508,3636,2025-02-15,2025
436,36,3453,407,2025-02-15,2025
436,36,407,3453,2025-02-15,2025
437,36,3108,4178,2025-02-15,2025
437,36,4178,3108,2025-02-15,2025
438,36,922,2481,2025-02-15,2025
438,36,2481,922,2025-02-15,2025
439,36,1673,3809,2025-02-15,2025
439,36,3809,1673,2025-02-15,2025
440,36,1135,32,2025-02-15,2025
440,36,32,1135,2025-02-15,2025
441,36,406,4306,2025-02-15,2025
441,36,4306,406,2025-02-15,2025
442,36,3760,2693,2025-02-15,2025
442,36,2693,3760,2025-02-15,2025
443,36,4217,2491,2025-02-15,2025
443,36,2491,4217,2025-02-15,2025
444,36,644,222,2025-02-15,2025
444,36,222,644,2025-02-15,2025
445,37,1021,3883,2025-02-08,2025
445,37,3883,1021,2025-02-08,2025
446,37,4428,3890,2025-02-08,2025
446,37,3890,4428,2025-02-08,2025
447,37,3981,3930,2025-02-08,2025
447,37,3930,3981,2025-02-08,2025
449,37,2480,3172,2025-02-08,2025
449,37,3172,2480,2025-02-08,2025
450,37,3541,1849,2025-02-08,2025
450,37,1849,3541,2025-02-08,2025
451,37,2864,418,2025-02-08,2025
451,37,418,2864,2025-02-08,2025
452,37,4234,450,2025-02-08,2025
452,37,450,4234,2025-02-08,2025
453,37,4034,3999,2025-02-08,2025
453,37,3999,4034,2025-02-08,2025
454,37,3401,3847,2025-02-08,2025
454,37,3847,3401,2025-02-08,2025
455,37,2588,1924,2025-02-08,2025
455,37,1924,2588,2025-02-08,2025
456,37,3482,1930,2025-02-08,2025
456,37,1930,3482,2025-02-08,2025
457,38,1778,21,2025-02-01,2025
457,38,21,1778,2025-02-01,2025
458,38,2983,2370,2025-02-01,2025
458,38,2370,2983,2025-02-01,2025
459,38,3042,3429,2025-02-01,2025
459,38,3429,3042,2025-02-01,2025
460,38,2929,2884,2025-02-01,2025
460,38,2884,2929,2025-02-01,2025
461,38,4438,888,2025-02-01,2025
461,38,888,4438,2025-02-01,2025
462,38,2775,2905,2025-02-01,2025
462,38,2905,2775,2025-02-01,2025
463,38,1355,3104,2025-02-01,2025
463,38,3104,1355,2025-02-01,2025
464,38,2534,1540,2025-02-01,2025
464,38,1540,2534,2025-02-01,2025
465,38,1839,511,2025-02-01,2025
465,38,511,1839,2025-02-01,2025
466,38,1472,72,2025-02-01,2025
466,38,72,1472,2025-02-01,2025
467,38,6,3152,2025-02-01,2025
467,38,3152,6,2025-02-01,2025
468,39,2385,2658,2025-01-18,2025
468,39,2658,2385,2025-01-18,2025
469,39,1052,2886,2025-01-18,2025
469,39,2886,1052,2025-01-18,2025
470,39,3185,1675,2025-01-18,2025
470,39,1675,3185,2025-01-18,2025
471,39,98,3826,2025-01-18,2025
471,39,3826,98,2025-01-18,2025
472,39,909,1694,2025-01-18,2025
472,39,1694,909,2025-01-18,2025
473,39,266,3945,2025-01-18,2025
473,39,3945,266,2025-01-18,2025
474,39,315,3267,2025-01-18,2025
474,39,3267,315,2025-01-18,2025
475,39,1525,1083,2025-01-18,2025
475,39,1083,1525,2025-01-18,2025
476,39,890,1192,2025-01-18,2025
476,39,1192,890,2025-01-18,2025
477,39,3090,3407,2025-01-18,2025
477,39,3407,3090,2025-01-18,2025
478,39,1308,2784,2025-01-18,2025
478,39,2784,1308,2025-01-18,2025
479,39,3788,4078,2025-01-18,2025
479,39,4078,3788,2025-01-18,2025
480,39,4091,613,2025-01-18,2025
480,39,613,4091,2025-01-18,2025
481,40,935,3293,2025-01-11,2025
481,40,3293,935,2025-01-11,2025
482,40,3160,1588,2025-01-11,2025
482,40,1588,3160,2025-01-11,2025
483,40,100,3255,2025-01-11,2025
483,40,3255,100,2025-01-11,2025
484,40,2075,841,2025-01-11,2025
484,40,841,2075,2025-01-11,2025
485,40,3379,292,2025-01-11,2025
485,40,292,3379,2025-01-11,2025
486,40,3791,2549,2025-01-11,2025
486,40,2549,3791,2025-01-11,2025
487,40,518,1885,2025-01-11,2025
487,40,1885,518,2025-01-11,2025
488,40,4075,3165,2025-01-11,2025
488,40,3165,4075,2025-01-11,2025
489,40,2659,2907,2025-01-11,2025
489,40,2907,2659,2025-01-11,2025
490,40,3761,3023,2025-01-11,2025
490,40,3023,3761,2025-01-11,2025
491,40,1966,559,2025-01-11,2025
491,40,559,1966,2025-01-11,2025
492,40,2289,1305,2025-01-11,2025
492,40,1305,2289,2025-01-11,2025
493,40,2051,1028,2025-01-11,2025
493,40,1028,2051,2025-01-11,2025
494,40,81,3776,2025-01-11,2025
494,40,3776,81,2025-01-11,2025
495,41,505,796,2024-12-14,2024
495,41,796,505,2024-12-14,2024
496,41,3913,3206,2024-12-14,2024
496,41,3206,3913,2024-12-14,2024
497,41,1961,3697,2024-12-14,2024
497,41,3697,1961,2024-12-14,2024
498,41,1825,3107,2024-12-14,2024
498,41,3107,1825,2024-12-14,2024
499,41,2414,4371,2024-12-14,2024
499,41,4371,2414,2024-12-14,2024
500,41,3862,4024,2024-12-14,2024
500,41,4024,3862,2024-12-14,2024
501,41,1876,227,2024-12-14,2024
501,41,227,1876,2024-12-14,2024
502,41,111,2053,2024-12-14,2024
502,41,2053,111,2024-12-14,2024
503,41,4336,2980,2024-12-14,2024
503,41,2980,4336,2024-12-14,2024
504,41,2257,1867,2024-12-14,2024
504,41,1867,2257,2024-12-14,2024
505,41,2486,1727,2024-12-14,2024
505,41,1727,2486,2024-12-14,2024
506,41,1477,3967,2024-12-14,2024
506,41,3967,1477,2024-12-14,2024
507,41,3378,2058,2024-12-14,2024
507,41,2058,3378,2024-12-14,2024
508,42,3001,193,2024-12-07,2024
508,42,193,3001,2024-12-07,2024
509,42,3225,2344,2024-12-07,2024
509,42,2344,3225,2024-12-07,2024
510,42,1328,4200,2024-12-07,2024
510,42,4200,1328,2024-12-07,2024
511,42,2639,1471,2024-12-07,2024
511,42,1471,2639,2024-12-07,2024
512,42,682,2140,2024-12-07,2024
512,42,2140,682,2024-12-07,2024
513,42,3284,3752,2024-12-07,2024
513,42,3752,3284,2024-12-07,2024
514,42,2324,1445,2024-12-07,2024
514,42,1445,2324,2024-12-07,2024
515,42,1148,3853,2024-12-07,2024
515,42,3853,1148,2024-12-07,2024
516,42,299,485,2024-12-07,2024
516,42,485,299,2024-12-07,2024
517,42,134,4265,2024-12-07,2024
517,42,4265,134,2024-12-07,2024
518,42,4124,1048,2024-12-07,2024
518,42,1048,4124,2024-12-07,2024
519,42,676,1493,2024-12-07,2024
519,42,1493,676,2024-12-07,2024
520,42,1718,1513,2024-12-07,2024
520,42,1513,1718,2024-12-07,2024
521,42,2888,500,2024-12-07,2024
521,42,500,2888,2024-12-07,2024
522,43,4368,1202,2024-11-23,2024
522,43,1202,4368,2024-11-23,2024
523,43,4367,3301,2024-11-23,2024
523,43,3301,4367,2024-11-23,2024
524,43,3479,3780,2024-11-23,2024
524,43,3780,3479,2024-11-23,2024
525,43,1185,4234,2024-11-23,2024
525,43,4234,1185,2024-11-23,2024
526,43,4092,2904,2024-11-23,2024
526,43,2904,4092,2024-11-23,2024
527,43,4429,960,2024-11-23,2024
527,43,960,4429,2024-11-23,2024
528,43,4395,1856,2024-11-23,2024
528,43,1856,4395,2024-11-23,2024
529,43,685,3459,2024-11-23,2024
529,43,3459,685,2024-11-23,2024
530,43,3652,1178,2024-11-23,2024
530,43,1178,3652,2024-11-23,2024
531,43,1651,4076,2024-11-23,2024
531,43,4076,1651,2024-11-23,2024
532,43,1976,2901,2024-11-23,2024
532,43,2901,1976,2024-11-23,2024
533,43,4350,2178,2024-11-23,2024
533,43,2178,4350,2024-11-23,2024
534,43,2720,2376,2024-11-23,2024
534,43,2376,2720,2024-11-23,2024
535,44,1893,2624,2024-11-16,2024
535,44,2624,1893,2024-11-16,2024
536,44,2922,659,2024-11-16,2024
536,44,659,2922,2024-11-16,2024
537,44,2836,801,2024-11-16,2024
537,44,801,2836,2024-11-16,2024
538,44,171,3703,2024-11-16,2024
538,44,3703,171,2024-11-16,2024
539,44,3437,2270,2024-11-16,2024
539,44,2270,3437,2024-11-16,2024
540,44,2522,2449,2024-11-16,2024
540,44,2449,2522,2024-11-16,2024
541,44,2605,1818,2024-11-16,2024
541,44,1818,2605,2024-11-16,2024
542,44,2943,3397,2024-11-16,2024
542,44,3397,2943,2024-11-16,2024
543,44,4084,971,2024-11-16,2024
543,44,971,4084,2024-11-16,2024
544,44,444,1314,2024-11-16,2024
544,44,1314,444,2024-11-16,2024
545,44,1091,1541,2024-11-16,2024
545,44,1541,1091,2024-11-16,2024
546,44,2722,1576,2024-11-16,2024
546,44,1576,2722,2024-11-16,2024
547,45,3176,2364,2024-11-09,2024
547,45,2364,3176,2024-11-09,2024
548,45,909,2554,2024-11-09,2024
548,45,2554,909,2024-11-09,2024
549,45,401,3399,2024-11-09,2024
549,45,3399,401,2024-11-09,2024
550,45,3350,3147,2024-11-09,2024
550,45,3147,3350,2024-11-09,2024
551,45,7,4023,2024-11-09,2024
551,45,4023,7,2024-11-09,2024
552,45,1407,2086,2024-11-09,2024
552,45,2086,1407,2024-11-09,2024
553,45,4413,3603,2024-11-09,2024
553,45,3603,4413,2024-11-09,2024
554,45,3218,3615,2024-11-09,2024
554,45,3615,3218,2024-11-09,2024
555,45,378,3834,2024-11-09,2024
555,45,3834,378,2024-11-09,2024
556,45,1443,4059,2024-11-09,2024
556,45,4059,1443,2024-11-09,2024
557,45,2736,3917,2024-11-09,2024
557,45,3917,2736,2024-11-09,2024
558,46,2703,49,2024-11-02,2024
558,46,49,2703,2024-11-02,2024
559,46,380,2792,2024-11-02,2024
559,46,2792,380,2024-11-02,2024
560,46,3297,2343,2024-11-02,2024
560,46,2343,3297,2024-11-02,2024
561,46,1839,847,2024-11-02,2024
561,46,847,1839,2024-11-02,2024
562,46,3867,282,2024-11-02,2024
562,46,282,3867,2024-11-02,2024
563,46,2396,1377,2024-11-02,2024
563,46,1377,2396,2024-11-02,2024
564,46,4410,2738,2024-11-02,2024
564,46,2738,4410,2024-11-02,2024
565,46,1922,1639,2024-11-02,2024
565,46,1639,1922,2024-11-02,2024
566,46,4412,3666,2024-11-02,2024
566,46,3666,4412,2024-11-02,2024
567,46,3392,2798,2024-11-02,2024
567,46,2798,3392,2024-11-02,2024
568,46,3673,181,2024-11-02,2024
568,46,181,3673,2024-11-02,2024
569,46,1371,153,2024-11-02,2024
569,46,153,1371,2024-11-02,2024
570,46,1727,3110,2024-11-02,2024
570,46,3110,1727,2024-11-02,2024
571,47,4033,1696,2024-10-26,2024
571,47,1696,4033,2024-10-26,2024
572,47,678,4286,2024-10-26,2024
572,47,4286,678,2024-10-26,2024
573,47,155,3227,2024-10-26,2024
573,47,3227,155,2024-10-26,2024
574,47,2757,1769,2024-10-26,2024
574,47,1769,2757,2024-10-26,2024
575,47,2370,3109,2024-10-26,2024
575,47,3109,2370,2024-10-26,2024
576,47,204,652,2024-10-26,2024
576,47,652,204,2024-10-26,2024
577,47,2812,995,2024-10-26,2024
577,47,995,2812,2024-10-26,2024
578,47,3257,2946,2024-10-26,2024
578,47,2946,3257,2024-10-26,2024
579,47,2369,1194,2024-10-26,2024
579,47,1194,2369,2024-10-26,2024
580,47,2888,274,2024-10-26,2024
580,47,274,2888,2024-10-26,2024
581,47,291,1752,2024-10-26,2024
581,47,1752,291,2024-10-26,2024
582,47,2805,3697,2024-10-26,2024
582,47,3697,2805,2024-10-26,2024
583,47,1163,2179,2024-10-26,2024
583,47,2179,1163,2024-10-26,2024
584,48,1649,3077,2024-10-19,2024
584,48,3077,1649,2024-10-19,2024
585,48,1240,3125,2024-10-19,2024
585,48,3125,1240,2024-10-19,2024
586,48,1886,3902,2024-10-19,2024
586,48,3902,1886,2024-10-19,2024
587,48,3766,1538,2024-10-19,2024
587,48,1538,3766,2024-10-19,2024
588,48,1087,3144,2024-10-19,2024
588,48,3144,1087,2024-10-19,2024
589,48,90,2838,2024-10-19,2024
589,48,2838,90,2024-10-19,2024
590,48,2476,1973,2024-10-19,2024
590,48,1973,2476,2024-10-19,2024
591,48,1075,4173,2024-10-19,2024
591,48,4173,1075,2024-10-19,2024
592,48,3263,3067,2024-10-19,2024
592,48,3067,3263,2024-10-19,2024
593,48,2455,174,2024-10-19,2024
593,48,174,2455,2024-10-19,2024
594,48,2141,938,2024-10-19,2024
594,48,938,2141,2024-10-19,2024
595,49,3428,3934,2024-10-12,2024
595,49,3934,3428,2024-10-12,2024
596,49,3011,3966,2024-10-12,2024
596,49,3966,3011,2024-10-12,2024
597,49,2854,1435,2024-10-12,2024
597,49,1435,2854,2024-10-12,2024
598,49,890,1341,2024-10-12,2024
598,49,1341,890,2024-10-12,2024
599,49,3373,2709,2024-10-12,2024
599,49,2709,3373,2024-10-12,2024
600,49,3983,4164,2024-10-12,2024
600,49,4164,3983,2024-10-12,2024
601,49,3451,3047,2024-10-12,2024
601,49,3047,3451,2024-10-12,2024
602,49,1445,3182,2024-10-12,2024
602,49,3182,1445,2024-10-12,2024
603,49,3931,3644,2024-10-12,2024
603,49,3644,3931,2024-10-12,2024
604,49,3157,2531,2024-10-12,2024
604,49,2531,3157,2024-10-12,2024
605,49,1537,177,2024-10-12,2024
605,49,177,1537,2024-10-12,2024
606,49,613,3359,2024-10-12,2024
606,49,3359,613,2024-10-12,2024
607,50,3078,3420,2024-10-05,2024
607,50,3420,3078,2024-10-05,2024
608,50,3059,3070,2024-10-05,2024
608,50,3070,3059,2024-10-05,2024
609,50,301,64,2024-10-05,2024
609,50,64,301,2024-10-05,2024
610,50,985,1694,2024-10-05,2024
610,50,1694,985,2024-10-05,2024
611,50,1589,4177,2024-10-05,2024
611,50,4177,1589,2024-10-05,2024
612,50,505,4008,2024-10-05,2024
612,50,4008,505,2024-10-05,2024
613,50,2315,3372,2024-10-05,2024
613,50,3372,2315,2024-10-05,2024
614,50,1648,1743,2024-10-05,2024
614,50,1743,1648,2024-10-05,2024
615,50,100,3165,2024-10-05,2024
615,50,3165,100,2024-10-05,2024
616,50,3814,3464,2024-10-05,2024
616,50,3464,3814,2024-10-05,2024
617,50,3071,1131,2024-10-05,2024
617,50,1131,3071,2024-10-05,2024
618,50,2521,2544,2024-10-05,2024
618,50,2544,2521,2024-10-05,2024
619,51,2658,3463,2024-09-28,2024
619,51,3463,2658,2024-09-28,2024
620,51,1778,87,2024-09-28,2024
620,51,87,1778,2024-09-28,2024
621,51,1419,467,2024-09-28,2024
621,51,467,1419,2024-09-28,2024
622,51,299,1924,2024-09-28,2024
622,51,1924,299,2024-09-28,2024
623,51,665,2629,2024-09-28,2024
623,51,2629,665,2024-09-28,2024
624,51,4438,1280,2024-09-28,2024
624,51,1280,4438,2024-09-28,2024
625,51,842,1122,2024-09-28,2024
625,51,1122,842,2024-09-28,2024
626,51,3916,1937,2024-09-28,2024
626,51,1937,3916,2024-09-28,2024
627,51,2047,3348,2024-09-28,2024
627,51,3348,2047,2024-09-28,2024
628,51,2146,2693,2024-09-28,2024
628,51,2693,2146,2024-09-28,2024
629,51,3090,4433,2024-09-28,2024
629,51,4433,3090,2024-09-28,2024
630,51,267,105,2024-09-28,2024
630,51,105,267,2024-09-28,2024
631,51,644,767,2024-09-28,2024
631,51,767,644,2024-09-28,2024
632,51,1041,2915,2024-09-28,2024
632,51,2915,1041,2024-09-28,2024
633,52,1052,2894,2024-09-14,2024
633,52,2894,1052,2024-09-14,2024
634,52,3650,1479,2024-09-14,2024
634,52,1479,3650,2024-09-14,2024
635,52,2288,2948,2024-09-14,2024
635,52,2948,2288,2024-09-14,2024
636,52,3298,4421,2024-09-14,2024
636,52,4421,3298,2024-09-14,2024
637,52,3375,2953,2024-09-14,2024
637,52,2953,3375,2024-09-14,2024
638,52,1040,61,2024-09-14,2024
638,52,61,1040,2024-09-14,2024
639,52,241,4043,2024-09-14,2024
639,52,4043,241,2024-09-14,2024
640,52,3809,1841,2024-09-14,2024
640,52,1841,3809,2024-09-14,2024
641,52,4124,656,2024-09-14,2024
641,52,656,4124,2024-09-14,2024
642,52,3409,164,2024-09-14,2024
642,52,164,3409,2024-09-14,2024
643,53,442,525,2024-09-07,2024
643,53,525,442,2024-09-07,2024
644,53,3700,144,2024-09-07,2024
644,53,144,3700,2024-09-07,2024
645,53,1339,2820,2024-09-07,2024
645,53,2820,1339,2024-09-07,2024
646,53,1048,3588,2024-09-07,2024
646,53,3588,1048,2024-09-07,2024
647,53,196,3054,2024-09-07,2024
647,53,3054,196,2024-09-07,2024
648,53,2981,3401,2024-09-07,2024
648,53,3401,2981,2024-09-07,2024
649,53,1037,2423,2024-09-07,2024
649,53,2423,1037,2024-09-07,2024
650,53,2256,1002,2024-09-07,2024
650,53,1002,2256,2024-09-07,2024
651,53,3541,4383,2024-09-07,2024
651,53,4383,3541,2024-09-07,2024
652,53,130,929,2024-09-07,2024
652,53,929,130,2024-09-07,2024
653,53,3108,508,2024-09-07,2024
653,53,508,3108,2024-09-07,2024
654,53,1227,3229,2024-09-07,2024
654,53,3229,1227,2024-09-07,2024
655,54,416,587,2024-08-24,2024
655,54,587,416,2024-08-24,2024
656,54,3301,1673,2024-08-24,2024
656,54,1673,3301,2024-08-24,2024
657,54,2276,4115,2024-08-24,2024
657,54,4115,2276,2024-08-24,2024
658,54,3544,2905,2024-08-24,2024
658,54,2905,3544,2024-08-24,2024
659,54,2695,2364,2024-08-24,2024
659,54,2364,2695,2024-08-24,2024
660,54,2554,3636,2024-08-24,2024
660,54,3636,2554,2024-08-24,2024
661,54,2434,544,2024-08-24,2024
661,54,544,2434,2024-08-24,2024
662,54,3267,865,2024-08-24,2024
662,54,865,3267,2024-08-24,2024
663,54,418,2270,2024-08-24,2024
663,54,2270,418,2024-08-24,2024
664,54,644,2881,2024-08-24,2024
664,54,2881,644,2024-08-24,2024
665,54,4234,2218,2024-08-24,2024
665,54,2218,4234,2024-08-24,2024
666,55,1021,21,2024-08-17,2024
666,55,21,1021,2024-08-17,2024
667,55,1963,1117,2024-08-17,2024
667,55,1117,1963,2024-08-17,2024
668,55,1717,1324,2024-08-17,2024
668,55,1324,1717,2024-08-17,2024
669,55,3429,4072,2024-08-17,2024
669,55,4072,3429,2024-08-17,2024
670,55,3176,2239,2024-08-17,2024
670,55,2239,3176,2024-08-17,2024
671,55,4217,3931,2024-08-17,2024
671,55,3931,4217,2024-08-17,2024
672,55,3239,824,2024-08-17,2024
672,55,824,3239,2024-08-17,2024
673,55,2897,3542,2024-08-17,2024
673,55,3542,2897,2024-08-17,2024
674,55,1849,527,2024-08-17,2024
674,55,527,1849,2024-08-17,2024
675,55,2864,3285,2024-08-17,2024
675,55,3285,2864,2024-08-17,2024
676,55,3780,1395,2024-08-17,2024
676,55,1395,3780,2024-08-17,2024
677,55,32,2839,2024-08-17,2024
677,55,2839,32,2024-08-17,2024
678,56,3826,4084,2024-08-10,2024
678,56,4084,3826,2024-08-10,2024
679,56,2418,1818,2024-08-10,2024
679,56,1818,2418,2024-08-10,2024
680,56,268,4163,2024-08-10,2024
680,56,4163,268,2024-08-10,2024
681,56,1532,2178,2024-08-10,2024
681,56,2178,1532,2024-08-10,2024
682,56,3536,660,2024-08-10,2024
682,56,660,3536,2024-08-10,2024
683,56,1983,1496,2024-08-10,2024
683,56,1496,1983,2024-08-10,2024
684,56,3407,2014,2024-08-10,2024
684,56,2014,3407,2024-08-10,2024
685,56,971,4307,2024-08-10,2024
685,56,4307,971,2024-08-10,2024
686,56,4412,1121,2024-08-10,2024
686,56,1121,4412,2024-08-10,2024
687,56,2314,67,2024-08-10,2024
687,56,67,2314,2024-08-10,2024
688,57,2886,3506,2024-08-03,2024
688,57,3506,2886,2024-08-03,2024
689,57,2370,2919,2024-08-03,2024
689,57,2919,2370,2024-08-03,2024
690,57,1202,4158,2024-08-03,2024
690,57,4158,1202,2024-08-03,2024
691,57,676,1181,2024-08-03,2024
691,57,1181,676,2024-08-03,2024
692,57,935,1399,2024-08-03,2024
692,57,1399,935,2024-08-03,2024
693,57,111,456,2024-08-03,2024
693,57,456,111,2024-08-03,2024
694,57,2761,2574,2024-08-03,2024
694,57,2574,2761,2024-08-03,2024
695,57,1186,4355,2024-08-03,2024
695,57,4355,1186,2024-08-03,2024
696,57,1355,2491,2024-08-03,2024
696,57,2491,1355,2024-08-03,2024
697,57,2114,4206,2024-08-03,2024
697,57,4206,2114,2024-08-03,2024
698,57,1751,1028,2024-08-03,2024
698,57,1028,1751,2024-08-03,2024
699,57,1641,311,2024-08-03,2024
699,57,311,1641,2024-08-03,2024
700,57,1039,4019,2024-08-03,2024
700,57,4019,1039,2024-08-03,2024
701,58,2730,1072,2024-07-27,2024
701,58,1072,2730,2024-07-27,2024
702,58,205,383,2024-07-27,2024
702,58,383,205,2024-07-27,2024
703,58,3142,1486,2024-07-27,2024
703,58,1486,3142,2024-07-27,2024
704,58,3364,1042,2024-07-27,2024
704,58,1042,3364,2024-07-27,2024
705,58,86,677,2024-07-27,2024
705,58,677,86,2024-07-27,2024
706,58,4331,3144,2024-07-27,2024
706,58,3144,4331,2024-07-27,2024
707,58,450,2501,2024-07-27,2024
707,58,2501,450,2024-07-27,2024
708,58,1538,2302,2024-07-27,2024
708,58,2302,1538,2024-07-27,2024
709,58,2660,1961,2024-07-27,2024
709,58,1961,2660,2024-07-27,2024
710,58,1091,3023,2024-07-27,2024
710,58,3023,1091,2024-07-27,2024
711,58,514,3170,2024-07-27,2024
711,58,3170,514,2024-07-27,2024
712,58,3038,811,2024-07-27,2024
712,58,811,3038,2024-07-27,2024
713,58,3020,500,2024-07-27,2024
713,58,500,3020,2024-07-27,2024
714,58,255,174,2024-07-27,2024
714,58,174,255,2024-07-27,2024
715,59,1828,2211,2024-07-20,2024
715,59,2211,1828,2024-07-20,2024
716,59,1339,683,2024-07-20,2024
716,59,683,1339,2024-07-20,2024
717,59,1703,2092,2024-07-20,2024
717,59,2092,1703,2024-07-20,2024
718,59,3697,1048,2024-07-20,2024
718,59,1048,3697,2024-07-20,2024
719,59,682,77,2024-07-20,2024
719,59,77,682,2024-07-20,2024
720,59,127,2199,2024-07-20,2024
720,59,2199,127,2024-07-20,2024
721,59,1371,1989,2024-07-20,2024
721,59,1989,1371,2024-07-20,2024
722,59,2486,263,2024-07-20,2024
722,59,263,2486,2024-07-20,2024
723,59,2907,3219,2024-07-20,2024
723,59,3219,2907,2024-07-20,2024
724,59,611,3190,2024-07-20,2024
724,59,3190,611,2024-07-20,2024
725,59,3104,4107,2024-07-20,2024
725,59,4107,3104,2024-07-20,2024
726,60,2792,773,2024-07-13,2024
726,60,773,2792,2024-07-13,2024
727,60,3479,3160,2024-07-13,2024
727,60,3160,3479,2024-07-13,2024
728,60,3707,978,2024-07-13,2024
728,60,978,3707,2024-07-13,2024
729,60,406,2285,2024-07-13,2024
729,60,2285,406,2024-07-13,2024
730,60,1120,3379,2024-07-13,2024
730,60,3379,1120,2024-07-13,2024
732,60,1886,4124,2024-07-13,2024
732,60,4124,1886,2024-07-13,2024
733,60,1839,2051,2024-07-13,2024
733,60,2051,1839,2024-07-13,2024
734,60,1822,378,2024-07-13,2024
734,60,378,1822,2024-07-13,2024
735,60,3542,25,2024-07-13,2024
735,60,25,3542,2024-07-13,2024
736,60,3108,1277,2024-07-13,2024
736,60,1277,3108,2024-07-13,2024
737,60,1082,1233,2024-07-13,2024
737,60,1233,1082,2024-07-13,2024
738,61,3078,3185,2024-06-29,2024
738,61,3185,3078,2024-06-29,2024
739,61,2288,1769,2024-06-29,2024
739,61,1769,2288,2024-06-29,2024
740,61,985,3752,2024-06-29,2024
740,61,3752,985,2024-06-29,2024
741,61,675,511,2024-06-29,2024
741,61,511,675,2024-06-29,2024
742,61,2344,2983,2024-06-29,2024
742,61,2983,2344,2024-06-29,2024
743,61,3200,282,2024-06-29,2024
743,61,282,3200,2024-06-29,2024
744,61,1209,3913,2024-06-29,2024
744,61,3913,1209,2024-06-29,2024
745,61,3707,1922,2024-06-29,2024
745,61,1922,3707,2024-06-29,2024
746,61,3945,1362,2024-06-29,2024
746,61,1362,3945,2024-06-29,2024
747,61,3350,4250,2024-06-29,2024
747,61,4250,3350,2024-06-29,2024
748,61,506,180,2024-06-29,2024
748,61,180,506,2024-06-29,2024
749,61,4065,1651,2024-06-29,2024
749,61,1651,4065,2024-06-29,2024
750,61,2929,3717,2024-06-29,2024
750,61,3717,2929,2024-06-29,2024
751,62,4286,82,2024-06-22,2024
751,62,82,4286,2024-06-22,2024
752,62,4200,3042,2024-06-22,2024
752,62,3042,4200,2024-06-22,2024
753,62,1348,3373,2024-06-22,2024
753,62,3373,1348,2024-06-22,2024
754,62,2370,4059,2024-06-22,2024
754,62,4059,2370,2024-06-22,2024
755,62,2904,4215,2024-06-22,2024
755,62,4215,2904,2024-06-22,2024
756,62,1569,1440,2024-06-22,2024
756,62,1440,1569,2024-06-22,2024
757,62,2257,2775,2024-06-22,2024
757,62,2775,2257,2024-06-22,2024
758,62,1163,852,2024-06-22,2024
758,62,852,1163,2024-06-22,2024
759,62,1308,1960,2024-06-22,2024
759,62,1960,1308,2024-06-22,2024
760,62,1305,3297,2024-06-22,2024
760,62,3297,1305,2024-06-22,2024
761,62,2201,4350,2024-06-22,2024
761,62,4350,2201,2024-06-22,2024
762,63,3934,3088,2024-06-15,2024
762,63,3088,3934,2024-06-15,2024
763,63,1867,3711,2024-06-15,2024
763,63,3711,1867,2024-06-15,2024
764,63,99,821,2024-06-15,2024
764,63,821,99,2024-06-15,2024
765,63,1666,181,2024-06-15,2024
765,63,181,1666,2024-06-15,2024
766,63,90,1885,2024-06-15,2024
766,63,1885,90,2024-06-15,2024
767,63,1288,3210,2024-06-15,2024
767,63,3210,1288,2024-06-15,2024
768,63,2400,1228,2024-06-15,2024
768,63,1228,2400,2024-06-15,2024
769,63,1185,1931,2024-06-15,2024
769,63,1931,1185,2024-06-15,2024
770,63,4314,3548,2024-06-15,2024
770,63,3548,4314,2024-06-15,2024
771,63,784,2875,2024-06-15,2024
771,63,2875,784,2024-06-15,2024
772,63,2058,3157,2024-06-15,2024
772,63,3157,2058,2024-06-15,2024
773,64,1778,587,2024-06-08,2024
773,64,587,1778,2024-06-08,2024
774,64,3284,1825,2024-06-08,2024
774,64,1825,3284,2024-06-08,2024
775,64,3409,4078,2024-06-08,2024
775,64,4078,3409,2024-06-08,2024
776,64,1194,3867,2024-06-08,2024
776,64,3867,1194,2024-06-08,2024
777,64,3267,2426,2024-06-08,2024
777,64,2426,3267,2024-06-08,2024
778,64,3791,236,2024-06-08,2024
778,64,236,3791,2024-06-08,2024
779,64,2047,2659,2024-06-08,2024
779,64,2659,2047,2024-06-08,2024
780,64,3176,3218,2024-06-08,2024
780,64,3218,3176,2024-06-08,2024
781,64,1973,542,2024-06-08,2024
781,64,542,1973,2024-06-08,2024
782,64,898,2198,2024-06-08,2024
782,64,2198,898,2024-06-08,2024
783,64,2414,633,2024-06-08,2024
783,64,633,2414,2024-06-08,2024
784,64,1407,2722,2024-06-08,2024
784,64,2722,1407,2024-06-08,2024
785,64,2146,3834,2024-06-08,2024
785,64,3834,2146,2024-06-08,2024
786,64,4028,1001,2024-06-08,2024
786,64,1001,4028,2024-06-08,2024
787,65,2385,3154,2024-06-01,2024
787,65,3154,2385,2024-06-01,2024
788,65,3883,781,2024-06-01,2024
788,65,781,3883,2024-06-01,2024
789,65,1694,2919,2024-06-01,2024
789,65,2919,1694,2024-06-01,2024
790,65,3182,2709,2024-06-01,2024
790,65,2709,3182,2024-06-01,2024
791,65,485,4413,2024-06-01,2024
791,65,4413,485,2024-06-01,2024
792,65,2075,100,2024-06-01,2024
792,65,100,2075,2024-06-01,2024
793,65,98,3392,2024-06-01,2024
793,65,3392,98,2024-06-01,2024
794,65,890,3776,2024-06-01,2024
794,65,3776,890,2024-06-01,2024
795,65,2480,3424,2024-06-01,2024
795,65,3424,2480,2024-06-01,2024
796,65,1541,1314,2024-06-01,2024
796,65,1314,1541,2024-06-01,2024
797,65,3090,1075,2024-06-01,2024
797,65,1075,3090,2024-06-01,2024
798,65,2256,3245,2024-06-01,2024
798,65,3245,2256,2024-06-01,2024
799,66,2757,265,2024-05-18,2024
799,66,265,2757,2024-05-18,2024
800,66,4306,1588,2024-05-18,2024
800,66,1588,4306,2024-05-18,2024
801,66,1445,444,2024-05-18,2024
801,66,444,1445,2024-05-18,2024
802,66,4371,3486,2024-05-18,2024
802,66,3486,4371,2024-05-18,2024
803,66,1673,3147,2024-05-18,2024
803,66,3147,1673,2024-05-18,2024
804,66,2864,2453,2024-05-18,2024
804,66,2453,2864,2024-05-18,2024
805,66,3916,4024,2024-05-18,2024
805,66,4024,3916,2024-05-18,2024
806,66,1350,4173,2024-05-18,2024
806,66,4173,1350,2024-05-18,2024
807,66,2369,115,2024-05-18,2024
807,66,115,2369,2024-05-18,2024
808,66,610,3378,2024-05-18,2024
808,66,3378,610,2024-05-18,2024
809,66,48,3365,2024-05-18,2024
809,66,3365,48,2024-05-18,2024
810,66,929,1027,2024-05-18,2024
810,66,1027,929,2024-05-18,2024
811,67,2234,2798,2024-05-11,2024
811,67,2798,2234,2024-05-11,2024
812,67,505,3445,2024-05-11,2024
812,67,3445,505,2024-05-11,2024
813,67,4092,2574,2024-05-11,2024
813,67,2574,4092,2024-05-11,2024
814,67,1192,3257,2024-05-11,2024
814,67,3257,1192,2024-05-11,2024
815,67,4336,551,2024-05-11,2024
815,67,551,4336,2024-05-11,2024
816,67,772,938,2024-05-11,2024
816,67,938,772,2024-05-11,2024
817,67,1718,418,2024-05-11,2024
817,67,418,1718,2024-05-11,2024
818,67,3298,2534,2024-05-11,2024
818,67,2534,3298,2024-05-11,2024
819,67,3301,3071,2024-05-11,2024
819,67,3071,3301,2024-05-11,2024
820,67,4249,1402,2024-05-11,2024
820,67,1402,4249,2024-05-11,2024
821,67,1886,1538,2024-05-11,2024
821,67,1538,1886,2024-05-11,2024
822,67,1576,65,2024-05-11,2024
822,67,65,1576,2024-05-11,2024
823,68,3001,1117,2024-05-04,2024
823,68,1117,3001,2024-05-04,2024
824,68,64,2449,2024-05-04,2024
824,68,2449,64,2024-05-04,2024
825,68,3752,3107,2024-05-04,2024
825,68,3107,3752,2024-05-04,2024
826,68,3077,3165,2024-05-04,2024
826,68,3165,3077,2024-05-04,2024
827,68,416,801,2024-05-04,2024
827,68,801,416,2024-05-04,2024
828,68,467,3666,2024-05-04,2024
828,68,3666,467,2024-05-04,2024
829,68,2315,2086,2024-05-04,2024
829,68,2086,2315,2024-05-04,2024
830,68,2946,456,2024-05-04,2024
830,68,456,2946,2024-05-04,2024
831,68,2053,3693,2024-05-04,2024
831,68,3693,2053,2024-05-04,2024
832,68,3437,2734,2024-05-04,2024
832,68,2734,3437,2024-05-04,2024
833,68,263,1966,2024-05-04,2024
833,68,1966,263,2024-05-04,2024
834,68,407,3130,2024-05-04,2024
834,68,3130,407,2024-05-04,2024
835,68,783,414,2024-05-04,2024
835,68,414,783,2024-05-04,2024
836,69,3088,2838,2024-04-27,2024
836,69,2838,3088,2024-04-27,2024
837,69,1525,3814,2024-04-27,2024
837,69,3814,1525,2024-04-27,2024
838,69,3703,847,2024-04-27,2024
838,69,847,3703,2024-04-27,2024
839,69,971,2141,2024-04-27,2024
839,69,2141,971,2024-04-27,2024
840,69,2943,3047,2024-04-27,2024
840,69,3047,2943,2024-04-27,2024
841,69,2549,2544,2024-04-27,2024
841,69,2544,2549,2024-04-27,2024
842,69,1639,4354,2024-04-27,2024
842,69,4354,1639,2024-04-27,2024
843,69,1743,1201,2024-04-27,2024
843,69,1201,1743,2024-04-27,2024
844,69,2491,2343,2024-04-27,2024
844,69,2343,2491,2024-04-27,2024
845,69,3809,2408,2024-04-27,2024
845,69,2408,3809,2024-04-27,2024
846,69,2981,2270,2024-04-27,2024
846,69,2270,2981,2024-04-27,2024
847,69,3110,2241,2024-04-27,2024
847,69,2241,3110,2024-04-27,2024
848,69,2376,329,2024-04-27,2024
848,69,329,2376,2024-04-27,2024
849,70,3078,1675,2024-04-13,2024
849,70,1675,3078,2024-04-13,2024
850,70,4428,4367,2024-04-13,2024
850,70,4367,4428,2024-04-13,2024
851,70,1696,1306,2024-04-13,2024
851,70,1306,1696,2024-04-13,2024
852,70,4064,2922,2024-04-13,2024
852,70,2922,4064,2024-04-13,2024
853,70,2836,493,2024-04-13,2024
853,70,493,2836,2024-04-13,2024
854,70,3185,3227,2024-04-13,2024
854,70,3227,3185,2024-04-13,2024
855,70,3853,1974,2024-04-13,2024
855,70,1974,3853,2024-04-13,2024
856,70,1589,1699,2024-04-13,2024
856,70,1699,1589,2024-04-13,2024
857,70,2288,4406,2024-04-13,2024
857,70,4406,2288,2024-04-13,2024
858,70,2658,4082,2024-04-13,2024
858,70,4082,2658,2024-04-13,2024
859,70,144,3372,2024-04-13,2024
859,70,3372,144,2024-04-13,2024
860,70,1486,2605,2024-04-13,2024
860,70,2605,1486,2024-04-13,2024
861,70,1202,1333,2024-04-13,2024
861,70,1333,1202,2024-04-13,2024
862,71,87,841,2024-04-06,2024
862,71,841,87,2024-04-06,2024
863,71,1818,1648,2024-04-06,2024
863,71,1648,1818,2024-04-06,2024
864,71,2418,665,2024-04-06,2024
864,71,665,2418,2024-04-06,2024
865,71,241,1365,2024-04-06,2024
865,71,1365,241,2024-04-06,2024
866,71,573,3054,2024-04-06,2024
866,71,3054,573,2024-04-06,2024
867,71,2709,2521,2024-04-06,2024
867,71,2521,2709,2024-04-06,2024
868,71,500,4217,2024-04-06,2024
868,71,4217,500,2024-04-06,2024
869,71,1040,908,2024-04-06,2024
869,71,908,1040,2024-04-06,2024
870,71,1752,1165,2024-04-06,2024
870,71,1165,1752,2024-04-06,2024
871,71,2476,177,2024-04-06,2024
871,71,177,2476,2024-04-06,2024
872,71,100,508,2024-04-06,2024
872,71,508,100,2024-04-06,2024
873,71,767,2736,2024-04-06,2024
873,71,2736,767,2024-04-06,2024
874,72,1217,380,2024-03-30,2024
874,72,380,1217,2024-03-30,2024
875,72,505,2324,2024-03-30,2024
875,72,2324,505,2024-03-30,2024
876,72,4265,3697,2024-03-30,2024
876,72,3697,4265,2024-03-30,2024
877,72,3445,1039,2024-03-30,2024
877,72,1039,3445,2024-03-30,2024
878,72,2820,77,2024-03-30,2024
878,72,77,2820,2024-03-30,2024
879,72,2854,2530,2024-03-30,2024
879,72,2530,2854,2024-03-30,2024
880,72,2140,1103,2024-03-30,2024
880,72,1103,2140,2024-03-30,2024
881,72,1828,1399,2024-03-30,2024
881,72,1399,1828,2024-03-30,2024
882,72,172,527,2024-03-30,2024
882,72,527,172,2024-03-30,2024
883,72,544,2481,2024-03-30,2024
883,72,2481,544,2024-03-30,2024
884,72,204,4079,2024-03-30,2024
884,72,4079,204,2024-03-30,2024
885,72,2395,3108,2024-03-30,2024
885,72,3108,2395,2024-03-30,2024
886,72,2302,2975,2024-03-30,2024
886,72,2975,2302,2024-03-30,2024
887,73,2792,3293,2024-03-23,2024
887,73,3293,2792,2024-03-23,2024
888,73,4307,3930,2024-03-23,2024
888,73,3930,4307,2024-03-23,2024
889,73,3636,980,2024-03-23,2024
889,73,980,3636,2024-03-23,2024
890,73,3945,3448,2024-03-23,2024
890,73,3448,3945,2024-03-23,2024
891,73,4412,3206,2024-03-23,2024
891,73,3206,4412,2024-03-23,2024
892,73,2980,2989,2024-03-23,2024
892,73,2989,2980,2024-03-23,2024
893,73,2907,1703,2024-03-23,2024
893,73,1703,2907,2024-03-23,2024
894,73,1120,3239,2024-03-23,2024
894,73,3239,1120,2024-03-23,2024
895,73,1867,1371,2024-03-23,2024
895,73,1371,1867,2024-03-23,2024
896,73,1121,2834,2024-03-23,2024
896,73,2834,1121,2024-03-23,2024
897,73,4433,3278,2024-03-23,2024
897,73,3278,4433,2024-03-23,2024
898,73,2256,3631,2024-03-23,2024
898,73,3631,2256,2024-03-23,2024
899,73,3020,4107,2024-03-23,2024
899,73,4107,3020,2024-03-23,2024
900,74,4084,4072,2024-03-16,2024
900,74,4072,4084,2024-03-16,2024
902,74,3464,2888,2024-03-16,2024
902,74,2888,3464,2024-03-16,2024
903,74,3379,1037,2024-03-16,2024
903,74,1037,3379,2024-03-16,2024
904,74,675,2014,2024-03-16,2024
904,74,2014,675,2024-03-16,2024
905,74,2554,261,2024-03-16,2024
905,74,261,2554,2024-03-16,2024
906,74,888,2232,2024-03-16,2024
906,74,2232,888,2024-03-16,2024
907,74,660,2881,2024-03-16,2024
907,74,2881,660,2024-03-16,2024
908,74,1208,2953,2024-03-16,2024
908,74,2953,1208,2024-03-16,2024
909,74,3708,824,2024-03-16,2024
909,74,824,3708,2024-03-16,2024
910,74,130,2531,2024-03-16,2024
910,74,2531,130,2024-03-16,2024
911,74,2659,3235,2024-03-16,2024
911,74,3235,2659,2024-03-16,2024
912,74,153,1496,2024-03-16,2024
912,74,1496,153,2024-03-16,2024
913,75,2894,4158,2024-03-09,2024
913,75,4158,2894,2024-03-09,2024
914,75,3154,3463,2024-03-09,2024
914,75,3463,3154,2024-03-09,2024
915,75,2983,1694,2024-03-09,2024
915,75,1694,2983,2024-03-09,2024
916,75,924,525,2024-03-09,2024
916,75,525,924,2024-03-09,2024
917,75,4368,3781,2024-03-09,2024
917,75,3781,4368,2024-03-09,2024
918,75,383,98,2024-03-09,2024
918,75,98,383,2024-03-09,2024
919,75,260,651,2024-03-09,2024
919,75,651,260,2024-03-09,2024
920,75,1324,995,2024-03-09,2024
920,75,995,1324,2024-03-09,2024
921,75,3125,2738,2024-03-09,2024
921,75,2738,3125,2024-03-09,2024
922,75,2265,842,2024-03-09,2024
922,75,842,2265,2024-03-09,2024
923,75,3077,2919,2024-03-09,2024
923,75,2919,3077,2024-03-09,2024
924,75,938,3008,2024-03-09,2024
924,75,3008,938,2024-03-09,2024
925,75,90,4164,2024-03-09,2024
925,75,4164,90,2024-03-09,2024
926,75,4330,2710,2024-03-09,2024
926,75,2710,4330,2024-03-09,2024
927,76,3429,1355,2024-03-02,2024
927,76,1355,3429,2024-03-02,2024
928,76,3107,3053,2024-03-02,2024
928,76,3053,3107,2024-03-02,2024
929,76,2660,3088,2024-03-02,2024
929,76,3088,2660,2024-03-02,2024
930,76,2886,91,2024-03-02,2024
930,76,91,2886,2024-03-02,2024
931,76,1117,3588,2024-03-02,2024
931,76,3588,1117,2024-03-02,2024
932,76,134,3132,2024-03-02,2024
932,76,3132,134,2024-03-02,2024
933,76,2929,3788,2024-03-02,2024
933,76,3788,2929,2024-03-02,2024
934,76,4410,290,2024-03-02,2024
934,76,290,4410,2024-03-02,2024
935,76,1042,3296,2024-03-02,2024
935,76,3296,1042,2024-03-02,2024
936,76,2047,833,2024-03-02,2024
936,76,833,2047,2024-03-02,2024
937,76,3219,44,2024-03-02,2024
937,76,44,3219,2024-03-02,2024
938,77,3428,2703,2024-02-24,2024
938,77,2703,3428,2024-02-24,2024
939,77,2948,3370,2024-02-24,2024
939,77,3370,2948,2024-02-24,2024
940,77,4421,3172,2024-02-24,2024
940,77,3172,4421,2024-02-24,2024
941,77,1841,1751,2024-02-24,2024
941,77,1751,1841,2024-02-24,2024
942,77,4043,1041,2024-02-24,2024
942,77,1041,4043,2024-02-24,2024
943,77,266,3215,2024-02-24,2024
943,77,3215,266,2024-02-24,2024
944,77,32,2571,2024-02-24,2024
944,77,2571,32,2024-02-24,2024
945,77,656,2124,2024-02-24,2024
945,77,2124,656,2024-02-24,2024
946,77,4438,3191,2024-02-24,2024
946,77,3191,4438,2024-02-24,2024
947,77,3375,403,2024-02-24,2024
947,77,403,3375,2024-02-24,2024
948,77,1002,105,2024-02-24,2024
948,77,105,1002,2024-02-24,2024
949,77,2775,3704,2024-02-24,2024
949,77,3704,2775,2024-02-24,2024
950,78,4033,4198,2024-02-17,2024
950,78,4198,4033,2024-02-17,2024
951,78,4286,781,2024-02-17,2024
951,78,781,4286,2024-02-17,2024
952,78,2344,2812,2024-02-17,2024
952,78,2812,2344,2024-02-17,2024
953,78,1052,648,2024-02-17,2024
953,78,648,1052,2024-02-17,2024
954,78,1649,2075,2024-02-17,2024
954,78,2075,1649,2024-02-17,2024
955,78,2211,935,2024-02-17,2024
955,78,935,2211,2024-02-17,2024
956,78,3383,3931,2024-02-17,2024
956,78,3931,3383,2024-02-17,2024
957,78,2784,4159,2024-02-17,2024
957,78,4159,2784,2024-02-17,2024
958,78,4429,3297,2024-02-17,2024
958,78,3297,4429,2024-02-17,2024
959,78,268,3210,2024-02-17,2024
959,78,3210,268,2024-02-17,2024
960,78,1091,4332,2024-02-17,2024
960,78,4332,1091,2024-02-17,2024
961,78,2486,2198,2024-02-17,2024
961,78,2198,2486,2024-02-17,2024
962,79,1644,3200,2024-02-10,2024
962,79,3200,1644,2024-02-10,2024
963,79,1769,1209,2024-02-10,2024
963,79,1209,1769,2024-02-10,2024
964,79,3165,499,2024-02-10,2024
964,79,499,3165,2024-02-10,2024
965,79,3364,3966,2024-02-10,2024
965,79,3966,3364,2024-02-10,2024
966,79,1876,1233,2024-02-10,2024
966,79,1233,1876,2024-02-10,2024
967,79,4178,3109,2024-02-10,2024
967,79,3109,4178,2024-02-10,2024
968,79,3176,1377,2024-02-10,2024
968,79,1377,3176,2024-02-10,2024
969,79,2915,821,2024-02-10,2024
969,79,821,2915,2024-02-10,2024
970,79,2284,450,2024-02-10,2024
970,79,450,2284,2024-02-10,2024
971,79,3170,709,2024-02-10,2024
971,79,709,3170,2024-02-10,2024
972,79,1493,4269,2024-02-10,2024
972,79,4269,1493,2024-02-10,2024
973,79,1525,3039,2024-02-10,2024
973,79,3039,1525,2024-02-10,2024
974,79,127,1342,2024-02-10,2024
974,79,1342,127,2024-02-10,2024
976,80,1778,985,2024-02-03,2024
976,80,985,1778,2024-02-03,2024
977,80,2658,978,2024-02-03,2024
977,80,978,2658,2024-02-03,2024
978,80,485,3479,2024-02-03,2024
978,80,3479,485,2024-02-03,2024
979,80,3700,171,2024-02-03,2024
979,80,171,3700,2024-02-03,2024
981,80,3218,4101,2024-02-03,2024
981,80,4101,3218,2024-02-03,2024
982,80,2501,317,2024-02-03,2024
982,80,317,2501,2024-02-03,2024
983,80,1886,2388,2024-02-03,2024
983,80,2388,1886,2024-02-03,2024
984,80,1445,3380,2024-02-03,2024
984,80,3380,1445,2024-02-03,2024
985,80,2199,360,2024-02-03,2024
985,80,360,2199,2024-02-03,2024
986,80,611,3866,2024-02-03,2024
986,80,3866,611,2024-02-03,2024
987,80,2548,3213,2024-02-03,2024
987,80,3213,2548,2024-02-03,2024
988,80,3152,3104,2024-02-03,2024
988,80,3104,3152,2024-02-03,2024
989,81,1021,3883,2024-01-20,2024
989,81,3883,1021,2024-01-20,2024
990,81,3070,511,2024-01-20,2024
990,81,511,3070,2024-01-20,2024
991,81,2364,2396,2024-01-20,2024
991,81,2396,2364,2024-01-20,2024
992,81,841,282,2024-01-20,2024
992,81,282,841,2024-01-20,2024
993,81,1148,86,2024-01-20,2024
993,81,86,1148,2024-01-20,2024
994,81,181,1973,2024-01-20,2024
994,81,1973,181,2024-01-20,2024
995,81,4336,1922,2024-01-20,2024
995,81,1922,4336,2024-01-20,2024
996,81,3967,3673,2024-01-20,2024
996,81,3673,3967,2024-01-20,2024
997,81,3350,4170,2024-01-20,2024
997,81,4170,3350,2024-01-20,2024
998,81,3038,2133,2024-01-20,2024
998,81,2133,3038,2024-01-20,2024
999,81,1839,553,2024-01-20,2024
999,81,553,1839,2024-01-20,2024
1000,81,1228,1442,2024-01-20,2024
1000,81,1442,1228,2024-01-20,2024
1001,82,155,4215,2024-01-13,2024
1001,82,4215,155,2024-01-13,2024
1002,82,2605,329,2024-01-13,2024
1002,82,329,2605,2024-01-13,2024
1003,82,301,3717,2024-01-13,2024
1003,82,3717,301,2024-01-13,2024
1004,82,1194,1604,2024-01-13,2024
1004,82,1604,1194,2024-01-13,2024
1005,82,772,180,2024-01-13,2024
1005,82,180,772,2024-01-13,2024
1006,82,3023,3615,2024-01-13,2024
1006,82,3615,3023,2024-01-13,2024
1007,82,2522,401,2024-01-13,2024
1007,82,401,2522,2024-01-13,2024
1008,82,291,2146,2024-01-13,2024
1008,82,2146,291,2024-01-13,2024
1009,82,3707,4314,2024-01-13,2024
1009,82,4314,3707,2024-01-13,2024
1010,82,2720,2864,2024-01-13,2024
1010,82,2864,2720,2024-01-13,2024
1011,82,4124,518,2024-01-13,2024
1011,82,518,4124,2024-01-13,2024
1012,83,1072,796,2023-12-16,2023
1012,83,796,1072,2023-12-16,2023
1013,83,3001,3428,2023-12-16,2023
1013,83,3428,3001,2023-12-16,2023
1014,83,3225,4008,2023-12-16,2023
1014,83,4008,3225,2023-12-16,2023
1015,83,3142,1181,2023-12-16,2023
1015,83,1181,3142,2023-12-16,2023
1016,83,1104,2639,2023-12-16,2023
1016,83,2639,1104,2023-12-16,2023
1017,83,2574,1825,2023-12-16,2023
1017,83,1825,2574,2023-12-16,2023
1018,83,61,3407,2023-12-16,2023
1018,83,3407,61,2023-12-16,2023
1019,83,1333,1989,2023-12-16,2023
1019,83,1989,1333,2023-12-16,2023
1020,83,847,2897,2023-12-16,2023
1020,83,2897,847,2023-12-16,2023
1021,83,4091,1048,2023-12-16,2023
1021,83,1048,4091,2023-12-16,2023
1022,83,1209,99,2023-12-16,2023
1022,83,99,1209,2023-12-16,2023
1023,83,1355,506,2023-12-16,2023
1023,83,506,1355,2023-12-16,2023
1024,84,3781,1532,2023-12-09,2023
1024,84,1532,3781,2023-12-09,2023
1025,84,3420,3752,2023-12-09,2023
1025,84,3752,3420,2023-12-09,2023
1026,84,1569,2734,2023-12-09,2023
1026,84,2734,1569,2023-12-09,2023
1027,84,1090,3902,2023-12-09,2023
1027,84,3902,1090,2023-12-09,2023
1028,84,2739,3011,2023-12-09,2023
1028,84,3011,2739,2023-12-09,2023
1029,84,1924,3780,2023-12-09,2023
1029,84,3780,1924,2023-12-09,2023
1030,84,3013,3415,2023-12-09,2023
1030,84,3415,3013,2023-12-09,2023
1031,84,1339,784,2023-12-09,2023
1031,84,784,1339,2023-12-09,2023
1032,84,3542,1077,2023-12-09,2023
1032,84,1077,3542,2023-12-09,2023
1033,84,3934,1651,2023-12-09,2023
1033,84,1651,3934,2023-12-09,2023
1034,84,67,1001,2023-12-09,2023
1034,84,1001,67,2023-12-09,2023
1035,85,4064,873,2023-12-02,2023
1035,85,873,4064,2023-12-02,2023
1036,85,4082,1486,2023-12-02,2023
1036,85,1486,4082,2023-12-02,2023
1037,85,1202,1240,2023-12-02,2023
1037,85,1240,1202,2023-12-02,2023
1038,85,442,1348,2023-12-02,2023
1038,85,1348,442,2023-12-02,2023
1039,85,3693,1513,2023-12-02,2023
1039,85,1513,3693,2023-12-02,2023
1040,85,3867,3791,2023-12-02,2023
1040,85,3791,3867,2023-12-02,2023
1041,85,3961,222,2023-12-02,2023
1041,85,222,3961,2023-12-02,2023
1042,85,493,3267,2023-12-02,2023
1042,85,3267,493,2023-12-02,2023
1043,85,2053,3776,2023-12-02,2023
1043,85,3776,2053,2023-12-02,2023
1044,85,321,3165,2023-12-02,2023
1044,85,3165,321,2023-12-02,2023
1045,85,1435,4080,2023-12-02,2023
1045,85,4080,1435,2023-12-02,2023
1046,85,1576,1727,2023-12-02,2023
1046,85,1727,1576,2023-12-02,2023
1047,86,87,801,2023-11-18,2023
1047,86,801,87,2023-11-18,2023
1048,86,2695,2480,2023-11-18,2023
1048,86,2480,2695,2023-11-18,2023
1049,86,1718,2180,2023-11-18,2023
1049,86,2180,1718,2023-11-18,2023
1050,86,3945,34,2023-11-18,2023
1050,86,34,3945,2023-11-18,2023
1051,86,3293,3147,2023-11-18,2023
1051,86,3147,3293,2023-11-18,2023
1052,86,2946,2549,2023-11-18,2023
1052,86,2549,2946,2023-11-18,2023
1053,86,467,3047,2023-11-18,2023
1053,86,3047,467,2023-11-18,2023
1054,86,1885,153,2023-11-18,2023
1054,86,153,1885,2023-11-18,2023
1055,86,1042,4019,2023-11-18,2023
1055,86,4019,1042,2023-11-18,2023
1056,86,3020,2343,2023-11-18,2023
1056,86,2343,3020,2023-11-18,2023
1057,86,3548,72,2023-11-18,2023
1057,86,72,3548,2023-11-18,2023
1058,86,3090,3190,2023-11-18,2023
1058,86,3190,3090,2023-11-18,2023
1060,86,1135,1886,2023-11-18,2023
1060,86,1886,1135,2023-11-18,2023
1061,87,3078,3185,2023-11-11,2023
1061,87,3185,3078,2023-11-11,2023
1062,87,205,3042,2023-11-11,2023
1062,87,3042,205,2023-11-11,2023
1063,87,144,935,2023-11-11,2023
1063,87,935,144,2023-11-11,2023
1064,87,3463,1280,2023-11-11,2023
1064,87,1280,3463,2023-11-11,2023
1065,87,2288,3451,2023-11-11,2023
1065,87,3451,2288,2023-11-11,2023
1066,87,1117,783,2023-11-11,2023
1066,87,783,1117,2023-11-11,2023
1067,87,1399,3301,2023-11-11,2023
1067,87,3301,1399,2023-11-11,2023
1068,87,3257,3348,2023-11-11,2023
1068,87,3348,3257,2023-11-11,2023
1070,87,1440,2354,2023-11-11,2023
1070,87,2354,1440,2023-11-11,2023
1071,87,633,1960,2023-11-11,2023
1071,87,1960,633,2023-11-11,2023
1072,87,4124,414,2023-11-11,2023
1072,87,414,4124,2023-11-11,2023
1073,87,1103,544,2023-11-11,2023
1073,87,544,1103,2023-11-11,2023
1074,88,98,2234,2023-11-04,2023
1074,88,2234,98,2023-11-04,2023
1075,88,852,406,2023-11-04,2023
1075,88,406,852,2023-11-04,2023
1076,88,2798,2491,2023-11-04,2023
1076,88,2491,2798,2023-11-04,2023
1077,88,416,2369,2023-11-04,2023
1077,88,2369,416,2023-11-04,2023
1078,88,456,2092,2023-11-04,2023
1078,88,2092,456,2023-11-04,2023
1080,88,3107,514,2023-11-04,2023
1080,88,514,3107,2023-11-04,2023
1081,88,1673,1407,2023-11-04,2023
1081,88,1407,1673,2023-11-04,2023
1082,88,2722,3441,2023-11-04,2023
1082,88,3441,2722,2023-11-04,2023
1083,88,946,1186,2023-11-04,2023
1083,88,1186,946,2023-11-04,2023
1084,89,2385,4198,2023-10-21,2023
1084,89,4198,2385,2023-10-21,2023
1085,89,678,4106,2023-10-21,2023
1085,89,4106,678,2023-10-21,2023
1087,89,82,115,2023-10-21,2023
1087,89,115,82,2023-10-21,2023
1088,89,2884,1308,2023-10-21,2023
1088,89,1308,2884,2023-10-21,2023
1089,89,2660,1090,2023-10-21,2023
1089,89,1090,2660,2023-10-21,2023
1090,89,3054,4355,2023-10-21,2023
1090,89,4355,3054,2023-10-21,2023
1092,89,1039,226,2023-10-21,2023
1092,89,226,1039,2023-10-21,2023
1093,89,454,1930,2023-10-21,2023
1093,89,1930,454,2023-10-21,2023
1094,89,2775,4331,2023-10-21,2023
1094,89,4331,2775,2023-10-21,2023
1095,89,1028,1281,2023-10-21,2023
1095,89,1281,1028,2023-10-21,2023
1096,89,2370,3697,2023-10-21,2023
1096,89,3697,2370,2023-10-21,2023
1097,90,265,4406,2023-10-14,2023
1097,90,4406,265,2023-10-14,2023
1098,90,171,2380,2023-10-14,2023
1098,90,2380,171,2023-10-14,2023
1099,90,2449,4371,2023-10-14,2023
1099,90,4371,2449,2023-10-14,2023
1100,90,3077,3108,2023-10-14,2023
1100,90,3108,3077,2023-10-14,2023
1101,90,3379,3448,2023-10-14,2023
1101,90,3448,3379,2023-10-14,2023
1102,90,1087,487,2023-10-14,2023
1102,90,487,1087,2023-10-14,2023
1103,90,2266,2930,2023-10-14,2023
1103,90,2930,2266,2023-10-14,2023
1104,90,2534,2423,2023-10-14,2023
1104,90,2423,2534,2023-10-14,2023
1105,90,2736,66,2023-10-14,2023
1105,90,66,2736,2023-10-14,2023
1106,90,1532,48,2023-10-14,2023
1106,90,48,1532,2023-10-14,2023
1107,90,1027,4384,2023-10-14,2023
1107,90,4384,1027,2023-10-14,2023
1108,91,1486,890,2023-10-07,2023
1108,91,890,1486,2023-10-07,2023
1109,91,3200,3255,2023-10-07,2023
1109,91,3255,3200,2023-10-07,2023
1110,91,505,2709,2023-10-07,2023
1110,91,2709,505,2023-10-07,2023
1111,91,978,1395,2023-10-07,2023
1111,91,1395,978,2023-10-07,2023
1112,91,77,1648,2023-10-07,2023
1112,91,1648,77,2023-10-07,2023
1113,91,2086,317,2023-10-07,2023
1113,91,317,2086,2023-10-07,2023
1114,91,2400,2571,2023-10-07,2023
1114,91,2571,2400,2023-10-07,2023
1115,91,929,2748,2023-10-07,2023
1115,91,2748,929,2023-10-07,2023
1116,91,164,2742,2023-10-07,2023
1116,91,2742,164,2023-10-07,2023
1117,91,65,898,2023-10-07,2023
1117,91,898,65,2023-10-07,2023
1118,92,1324,1224,2023-09-23,2023
1118,92,1224,1324,2023-09-23,2023
1119,92,2639,1769,2023-09-23,2023
1119,92,1769,2639,2023-09-23,2023
1120,92,3372,4250,2023-09-23,2023
1120,92,4250,3372,2023-09-23,2023
1121,92,299,1226,2023-09-23,2023
1121,92,1226,299,2023-09-23,2023
1122,92,1922,3239,2023-09-23,2023
1122,92,3239,1922,2023-09-23,2023
1124,92,2544,1197,2023-09-23,2023
1124,92,1197,2544,2023-09-23,2023
1125,92,493,2395,2023-09-23,2023
1125,92,2395,493,2023-09-23,2023
1126,92,4107,737,2023-09-23,2023
1126,92,737,4107,2023-09-23,2023
1127,92,2652,1405,2023-09-23,2023
1127,92,1405,2652,2023-09-23,2023
1128,92,3278,4173,2023-09-23,2023
1128,92,4173,3278,2023-09-23,2023
1130,93,924,1694,2023-09-16,2023
1130,93,1694,924,2023-09-16,2023
1131,93,3409,2641,2023-09-16,2023
1131,93,2641,3409,2023-09-16,2023
1132,93,4421,1365,2023-09-16,2023
1132,93,1365,4421,2023-09-16,2023
1133,93,2820,2980,2023-09-16,2023
1133,93,2980,2820,2023-09-16,2023
1134,93,1399,3263,2023-09-16,2023
1134,93,3263,1399,2023-09-16,2023
1135,93,2075,1277,2023-09-16,2023
1135,93,1277,2075,2023-09-16,2023
1137,93,773,1839,2023-09-16,2023
1137,93,1839,773,2023-09-16,2023
1138,93,573,3285,2023-09-16,2023
1138,93,3285,573,2023-09-16,2023
1139,93,2058,2408,2023-09-16,2023
1139,93,2408,2058,2023-09-16,2023
1140,94,3883,21,2023-09-09,2023
1140,94,21,3883,2023-09-09,2023
1141,94,4200,4072,2023-09-09,2023
1141,94,4072,4200,2023-09-09,2023
1142,94,1961,1002,2023-09-09,2023
1142,94,1002,1961,2023-09-09,2023
1143,94,3930,2141,2023-09-09,2023
1143,94,2141,3930,2023-09-09,2023
1144,94,3053,4079,2023-09-09,2023
1144,94,4079,3053,2023-09-09,2023
1145,94,4092,1937,2023-09-09,2023
1145,94,1937,4092,2023-09-09,2023
1146,94,2418,1849,2023-09-09,2023
1146,94,1849,2418,2023-09-09,2023
1147,94,2734,2384,2023-09-09,2023
1147,94,2384,2734,2023-09-09,2023
1148,94,1569,3213,2023-09-09,2023
1148,94,3213,1569,2023-09-09,2023
1149,94,3218,948,2023-09-09,2023
1149,94,948,3218,2023-09-09,2023
1150,94,2629,4400,2023-09-09,2023
1150,94,4400,2629,2023-09-09,2023
1151,94,1924,811,2023-09-09,2023
1151,94,811,1924,2023-09-09,2023
1152,95,1328,3826,2023-09-02,2023
1152,95,3826,1328,2023-09-02,2023
1153,95,1217,2792,2023-09-02,2023
1153,95,2792,1217,2023-09-02,2023
1154,95,3463,2659,2023-09-02,2023
1154,95,2659,3463,2023-09-02,2023
1155,95,2904,1525,2023-09-02,2023
1155,95,1525,2904,2023-09-02,2023
1156,95,1419,1362,2023-09-02,2023
1156,95,1362,1419,2023-09-02,2023
1157,95,665,4419,2023-09-02,2023
1157,95,4419,665,2023-09-02,2023
1158,95,2146,2302,2023-09-02,2023
1158,95,2302,2146,2023-09-02,2023
1159,95,2285,2530,2023-09-02,2023
1159,95,2530,2285,2023-09-02,2023
1160,95,767,1075,2023-09-02,2023
1160,95,1075,767,2023-09-02,2023
1161,95,291,3365,2023-09-02,2023
1161,95,3365,291,2023-09-02,2023
1162,95,644,1162,2023-09-02,2023
1162,95,1162,644,2023-09-02,2023
1163,96,1696,1935,2023-08-26,2023
1163,96,1935,1696,2023-08-26,2023
1164,96,3752,3814,2023-08-26,2023
1164,96,3814,3752,2023-08-26,2023
1165,96,677,551,2023-08-26,2023
1165,96,551,677,2023-08-26,2023
1166,96,2784,1342,2023-08-26,2023
1166,96,1342,2784,2023-08-26,2023
1167,96,380,3537,2023-08-26,2023
1167,96,3537,380,2023-08-26,2023
1168,96,3931,3164,2023-08-26,2023
1168,96,3164,3931,2023-08-26,2023
1169,96,772,500,2023-08-26,2023
1169,96,500,772,2023-08-26,2023
1170,96,181,1983,2023-08-26,2023
1170,96,1983,181,2023-08-26,2023
1171,96,2919,2854,2023-08-26,2023
1171,96,2854,2919,2023-08-26,2023
1172,96,3780,311,2023-08-26,2023
1172,96,311,3780,2023-08-26,2023
1173,96,1402,2040,2023-08-26,2023
1173,96,2040,1402,2023-08-26,2023
1174,96,65,2241,2023-08-26,2023
1174,96,2241,65,2023-08-26,2023
1175,96,683,1121,2023-08-26,2023
1175,96,1121,683,2023-08-26,2023
1176,97,2894,3853,2023-08-19,2023
1176,97,3853,2894,2023-08-19,2023
1177,97,4428,2211,2023-08-19,2023
1177,97,2211,4428,2023-08-19,2023
1178,97,2344,2364,2023-08-19,2023
1178,97,2364,2344,2023-08-19,2023
1179,97,301,378,2023-08-19,2023
1179,97,378,301,2023-08-19,2023
1180,97,4158,2738,2023-08-19,2023
1180,97,2738,4158,2023-08-19,2023
1181,97,3966,4265,2023-08-19,2023
1181,97,4265,3966,2023-08-19,2023
1182,97,3364,4019,2023-08-19,2023
1182,97,4019,3364,2023-08-19,2023
1183,97,1703,1743,2023-08-19,2023
1183,97,1743,1703,2023-08-19,2023
1184,97,1973,1371,2023-08-19,2023
1184,97,1371,1973,2023-08-19,2023
1185,97,3108,2554,2023-08-19,2023
1185,97,2554,3108,2023-08-19,2023
1186,97,3700,2198,2023-08-19,2023
1186,97,2198,3700,2023-08-19,2023
1187,97,3703,2710,2023-08-19,2023
1187,97,2710,3703,2023-08-19,2023
1188,98,2324,995,2023-08-12,2023
1188,98,995,2324,2023-08-12,2023
1189,98,3913,889,2023-08-12,2023
1189,98,889,3913,2023-08-12,2023
1190,98,3420,876,2023-08-12,2023
1190,98,876,3420,2023-08-12,2023
1191,98,2315,4170,2023-08-12,2023
1191,98,4170,2315,2023-08-12,2023
1192,98,980,2808,2023-08-12,2023
1192,98,2808,980,2023-08-12,2023
1193,98,1277,3132,2023-08-12,2023
1193,98,3132,1277,2023-08-12,2023
1194,98,2522,543,2023-08-12,2023
1194,98,543,2522,2023-08-12,2023
1195,98,2534,454,2023-08-12,2023
1195,98,454,2534,2023-08-12,2023
1196,98,1037,2434,2023-08-12,2023
1196,98,2434,1037,2023-08-12,2023
1197,98,506,3008,2023-08-12,2023
1197,98,3008,506,2023-08-12,2023
1198,98,130,3441,2023-08-12,2023
1198,98,3441,130,2023-08-12,2023
1199,98,378,1885,2023-08-12,2023
1199,98,1885,378,2023-08-12,2023
1200,98,3542,2611,2023-08-12,2023
1200,98,2611,3542,2023-08-12,2023
1201,99,3506,1240,2023-08-05,2023
1201,99,1240,3506,2023-08-05,2023
1202,99,3890,144,2023-08-05,2023
1202,99,144,3890,2023-08-05,2023
1203,99,1825,2888,2023-08-05,2023
1203,99,2888,1825,2023-08-05,2023
1204,99,2288,4068,2023-08-05,2023
1204,99,4068,2288,2023-08-05,2023
1205,99,419,580,2023-08-05,2023
1205,99,580,419,2023-08-05,2023
1206,99,2047,241,2023-08-05,2023
1206,99,241,2047,2023-08-05,2023
1207,99,3125,266,2023-08-05,2023
1207,99,266,3125,2023-08-05,2023
1208,99,1588,4269,2023-08-05,2023
1208,99,4269,1588,2023-08-05,2023
1209,99,3206,1818,2023-08-05,2023
1209,99,1818,3206,2023-08-05,2023
1210,99,1048,1538,2023-08-05,2023
1210,99,1538,1048,2023-08-05,2023
1211,99,4336,544,2023-08-05,2023
1211,99,544,4336,2023-08-05,2023
1212,99,90,2953,2023-08-05,2023
1212,99,2953,90,2023-08-05,2023
1213,100,1306,3154,2023-07-29,2023
1213,100,3154,1306,2023-07-29,2023
1214,100,3078,372,2023-07-29,2023
1214,100,372,3078,2023-07-29,2023
1215,100,2234,3383,2023-07-29,2023
1215,100,3383,2234,2023-07-29,2023
1216,100,1486,1181,2023-07-29,2023
1216,100,1181,1486,2023-07-29,2023
1217,100,1694,676,2023-07-29,2023
1217,100,676,1694,2023-07-29,2023
1218,100,406,1377,2023-07-29,2023
1218,100,1377,406,2023-07-29,2023
1219,100,4164,3486,2023-07-29,2023
1219,100,3486,4164,2023-07-29,2023
1220,100,2075,3296,2023-07-29,2023
1220,100,3296,2075,2023-07-29,2023
1221,100,2480,1233,2023-07-29,2023
1221,100,1233,2480,2023-07-29,2023
1222,100,2549,3615,2023-07-29,2023
1222,100,3615,2549,2023-07-29,2023
1223,100,2486,553,2023-07-29,2023
1223,100,553,2486,2023-07-29,2023
1224,101,205,4084,2023-07-22,2023
1224,101,4084,205,2023-07-22,2023
1225,101,3866,2501,2023-07-22,2023
1225,101,2501,3866,2023-07-22,2023
1226,101,4331,1209,2023-07-22,2023
1226,101,1209,4331,2023-07-22,2023
1227,101,801,2739,2023-07-22,2023
1227,101,2739,801,2023-07-22,2023
1228,101,4438,1641,2023-07-22,2023
1228,101,1641,4438,2023-07-22,2023
1229,101,2757,824,2023-07-22,2023
1229,101,824,2757,2023-07-22,2023
1230,101,2414,1477,2023-07-22,2023
1230,101,1477,2414,2023-07-22,2023
1231,101,3024,3347,2023-07-22,2023
1231,101,3347,3024,2023-07-22,2023
1232,101,111,946,2023-07-22,2023
1232,101,946,111,2023-07-22,2023
1233,101,3020,3152,2023-07-22,2023
1233,101,3152,3020,2023-07-22,2023
1234,101,2745,261,2023-07-22,2023
1234,101,261,2745,2023-07-22,2023
1235,101,4177,2014,2023-07-22,2023
1235,101,2014,4177,2023-07-22,2023
1236,101,1041,196,2023-07-22,2023
1236,101,196,1041,2023-07-22,2023
1237,101,450,255,2023-07-22,2023
1237,101,255,450,2023-07-22,2023
1238,101,1208,267,2023-07-22,2023
1238,101,267,1208,2023-07-22,2023
1240,102,924,1541,2023-07-15,2023
1240,102,1541,924,2023-07-15,2023
1241,102,3172,227,2023-07-15,2023
1241,102,227,3172,2023-07-15,2023
1242,102,3011,1046,2023-07-15,2023
1242,102,1046,3011,2023-07-15,2023
1243,102,1040,660,2023-07-15,2023
1243,102,660,1040,2023-07-15,2023
1244,102,3453,2534,2023-07-15,2023
1244,102,2534,3453,2023-07-15,2023
1245,102,239,2328,2023-07-15,2023
1245,102,2328,239,2023-07-15,2023
1246,102,1028,2880,2023-07-15,2023
1246,102,2880,1028,2023-07-15,2023
1247,102,784,2263,2023-07-15,2023
1247,102,2263,784,2023-07-15,2023
1248,102,1082,4113,2023-07-15,2023
1248,102,4113,1082,2023-07-15,2023
1249,102,2388,2791,2023-07-15,2023
1249,102,2791,2388,2023-07-15,2023
1250,102,2741,911,2023-07-15,2023
1250,102,911,2741,2023-07-15,2023
1251,102,3090,1145,2023-07-15,2023
1251,102,1145,3090,2023-07-15,2023
1252,103,4198,3370,2023-07-08,2023
1252,103,3370,4198,2023-07-08,2023
1253,103,3001,2703,2023-07-08,2023
1253,103,2703,3001,2023-07-08,2023
1254,103,1021,4286,2023-07-08,2023
1254,103,4286,1021,2023-07-08,2023
1255,103,1717,4082,2023-07-08,2023
1255,103,4082,1717,2023-07-08,2023
1256,103,2836,4332,2023-07-08,2023
1256,103,4332,2836,2023-07-08,2023
1257,103,2166,3182,2023-07-08,2023
1257,103,3182,2166,2023-07-08,2023
1258,103,3934,656,2023-07-08,2023
1258,103,656,3934,2023-07-08,2023
1259,103,1407,1841,2023-07-08,2023
1259,103,1841,1407,2023-07-08,2023
1260,103,2574,817,2023-07-08,2023
1260,103,817,2574,2023-07-08,2023
1261,103,3107,3170,2023-07-08,2023
1261,103,3170,3107,2023-07-08,2023
1262,103,3448,2641,2023-07-08,2023
1262,103,2641,3448,2023-07-08,2023
1263,103,32,3415,2023-07-08,2023
1263,103,3415,32,2023-07-08,2023
1264,103,3298,2041,2023-07-08,2023
1264,103,2041,3298,2023-07-08,2023
1265,104,3883,2369,2023-07-01,2023
1265,104,2369,3883,2023-07-01,2023
1266,104,890,1801,2023-07-01,2023
1266,104,1801,890,2023-07-01,2023
1267,104,2695,1493,2023-07-01,2023
1267,104,1493,2695,2023-07-01,2023
1268,104,847,1350,2023-07-01,2023
1268,104,1350,847,2023-07-01,2023
1269,104,3463,407,2023-07-01,2023
1269,104,407,3463,2023-07-01,2023
1270,104,3445,1194,2023-07-01,2023
1270,104,1194,3445,2023-07-01,2023
1271,104,1163,2196,2023-07-01,2023
1271,104,2196,1163,2023-07-01,2023
1272,104,467,4314,2023-07-01,2023
1272,104,4314,467,2023-07-01,2023
1273,104,3407,3536,2023-07-01,2023
1273,104,3536,3407,2023-07-01,2023
1274,104,456,2114,2023-07-01,2023
1274,104,2114,456,2023-07-01,2023
1275,104,611,3110,2023-07-01,2023
1275,104,3110,611,2023-07-01,2023
1276,104,3392,1805,2023-07-01,2023
1276,104,1805,3392,2023-07-01,2023
1277,105,4033,1104,2023-06-24,2023
1277,105,1104,4033,2023-06-24,2023
1278,105,260,3293,2023-06-24,2023
1278,105,3293,260,2023-06-24,2023
1280,105,2943,3541,2023-06-24,2023
1280,105,3541,2943,2023-06-24,2023
1281,105,87,3697,2023-06-24,2023
1281,105,3697,87,2023-06-24,2023
1282,105,2364,3424,2023-06-24,2023
1282,105,3424,2364,2023-06-24,2023
1283,105,485,4080,2023-06-24,2023
1283,105,4080,485,2023-06-24,2023
1284,105,3257,3219,2023-06-24,2023
1284,105,3219,3257,2023-06-24,2023
1285,105,3301,3350,2023-06-24,2023
1285,105,3350,3301,2023-06-24,2023
1286,105,4124,4437,2023-06-24,2023
1286,105,4437,4124,2023-06-24,2023
1287,105,2418,3054,2023-06-24,2023
1287,105,3054,2418,2023-06-24,2023
1288,105,1849,1103,2023-06-24,2023
1288,105,1103,1849,2023-06-24,2023
1289,105,1039,493,2023-06-24,2023
1289,105,493,1039,2023-06-24,2023
1290,106,587,4167,2023-06-17,2023
1290,106,4167,587,2023-06-17,2023
1291,106,4064,3693,2023-06-17,2023
1291,106,3693,4064,2023-06-17,2023
1292,106,3109,1042,2023-06-17,2023
1292,106,1042,3109,2023-06-17,2023
1293,106,3451,99,2023-06-17,2023
1293,106,99,3451,2023-06-17,2023
1294,106,4043,2720,2023-06-17,2023
1294,106,2720,4043,2023-06-17,2023
1295,106,852,3479,2023-06-17,2023
1295,106,3479,852,2023-06-17,2023
1296,106,783,1228,2023-06-17,2023
1296,106,1228,783,2023-06-17,2023
1297,106,1960,3215,2023-06-17,2023
1297,106,3215,1960,2023-06-17,2023
1298,106,1651,403,2023-06-17,2023
1298,106,403,1651,2023-06-17,2023
1299,106,384,1185,2023-06-17,2023
1299,106,1185,384,2023-06-17,2023
1301,106,514,3039,2023-06-17,2023
1301,106,3039,514,2023-06-17,2023
1302,107,2878,61,2023-06-10,2023
1302,107,61,2878,2023-06-10,2023
1303,107,2922,873,2023-06-10,2023
1303,107,873,2922,2023-06-10,2023
1304,107,2396,1288,2023-06-10,2023
1304,107,1288,2396,2023-06-10,2023
1305,107,1769,2140,2023-06-10,2023
1305,107,2140,1769,2023-06-10,2023
1306,107,282,134,2023-06-10,2023
1306,107,134,282,2023-06-10,2023
1308,107,1839,2486,2023-06-10,2023
1308,107,2486,1839,2023-06-10,2023
1309,107,4410,164,2023-06-10,2023
1309,107,164,4410,2023-06-10,2023
1310,107,2820,360,2023-06-10,2023
1310,107,360,2820,2023-06-10,2023
1311,107,1117,1053,2023-06-10,2023
1311,107,1053,1117,2023-06-10,2023
1312,107,317,2926,2023-06-10,2023
1312,107,2926,317,2023-06-10,2023
1313,108,49,1963,2023-06-03,2023
1313,108,1963,49,2023-06-03,2023
1314,108,551,3144,2023-06-03,2023
1314,108,3144,551,2023-06-03,2023
1315,108,2605,542,2023-06-03,2023
1315,108,542,2605,2023-06-03,2023
1316,108,1090,105,2023-06-03,2023
1316,108,105,1090,2023-06-03,2023
1317,108,3703,3809,2023-06-03,2023
1317,108,3809,3703,2023-06-03,2023
1318,108,4413,2885,2023-06-03,2023
1318,108,2885,4413,2023-06-03,2023
1319,108,3540,2742,2023-06-03,2023
1319,108,2742,3540,2023-06-03,2023
1320,108,2491,180,2023-06-03,2023
1320,108,180,2491,2023-06-03,2023
1321,108,633,1308,2023-06-03,2023
1321,108,1308,633,2023-06-03,2023
1322,108,2775,2734,2023-06-03,2023
1322,108,2734,2775,2023-06-03,2023
1323,108,3263,1281,2023-06-03,2023
1323,108,1281,3263,2023-06-03,2023
1324,108,378,2125,2023-06-03,2023
1324,108,2125,378,2023-06-03,2023
1325,108,2265,1499,2023-06-03,2023
1325,108,1499,2265,2023-06-03,2023
1326,109,935,1673,2023-05-20,2023
1326,109,1673,935,2023-05-20,2023
1327,109,1649,3636,2023-05-20,2023
1327,109,3636,1649,2023-05-20,2023
1328,109,1399,1027,2023-05-20,2023
1328,109,1027,1399,2023-05-20,2023
1329,109,505,1197,2023-05-20,2023
1329,109,1197,505,2023-05-20,2023
1330,109,1192,1876,2023-05-20,2023
1330,109,1876,1192,2023-05-20,2023
1331,109,418,2376,2023-05-20,2023
1331,109,2376,418,2023-05-20,2023
1332,109,2086,929,2023-05-20,2023
1332,109,929,2086,2023-05-20,2023
1333,109,4101,777,2023-05-20,2023
1333,109,777,4101,2023-05-20,2023
1334,109,2798,2156,2023-05-20,2023
1334,109,2156,2798,2023-05-20,2023
1335,109,1718,1216,2023-05-20,2023
1335,109,1216,1718,2023-05-20,2023
1336,109,3700,2218,2023-05-20,2023
1336,109,2218,3700,2023-05-20,2023
1337,109,1445,3559,2023-05-20,2023
1337,109,3559,1445,2023-05-20,2023
1338,110,98,3429,2023-05-13,2023
1338,110,3429,98,2023-05-13,2023
1339,110,4215,3752,2023-05-13,2023
1339,110,3752,4215,2023-05-13,2023
1340,110,2344,3373,2023-05-13,2023
1340,110,3373,2344,2023-05-13,2023
1341,110,4092,3165,2023-05-13,2023
1341,110,3165,4092,2023-05-13,2023
1342,110,2709,2544,2023-05-13,2023
1342,110,2544,2709,2023-05-13,2023
1343,110,478,2521,2023-05-13,2023
1343,110,2521,478,2023-05-13,2023
1344,110,4307,3649,2023-05-13,2023
1344,110,3649,4307,2023-05-13,2023
1345,110,3711,3834,2023-05-13,2023
1345,110,3834,3711,2023-05-13,2023
1346,110,399,2026,2023-05-13,2023
1346,110,2026,399,2023-05-13,2023
1347,110,299,1488,2023-05-13,2023
1347,110,1488,299,2023-05-13,2023
1348,110,2266,710,2023-05-13,2023
1348,110,710,2266,2023-05-13,2023
1349,111,3853,648,2023-05-06,2023
1349,111,648,3853,2023-05-06,2023
1350,111,2730,525,2023-05-06,2023
1350,111,525,2730,2023-05-06,2023
1351,111,4367,144,2023-05-06,2023
1351,111,144,4367,2023-05-06,2023
1352,111,1148,2288,2023-05-06,2023
1352,111,2288,1148,2023-05-06,2023
1353,111,1922,1471,2023-05-06,2023
1353,111,1471,1922,2023-05-06,2023
1354,111,1280,978,2023-05-06,2023
1354,111,978,1280,2023-05-06,2023
1355,111,2888,709,2023-05-06,2023
1355,111,709,2888,2023-05-06,2023
1356,111,4306,311,2023-05-06,2023
1356,111,311,4306,2023-05-06,2023
1357,111,1828,3372,2023-05-06,2023
1357,111,3372,1828,2023-05-06,2023
1358,111,3164,3759,2023-05-06,2023
1358,111,3759,3164,2023-05-06,2023
1359,111,82,1604,2023-05-06,2023
1359,111,1604,82,2023-05-06,2023
1360,111,3296,1701,2023-05-06,2023
1360,111,1701,3296,2023-05-06,2023
1361,112,3781,3717,2023-04-29,2023
1361,112,3717,3781,2023-04-29,2023
1362,112,416,2919,2023-04-29,2023
1362,112,2919,416,2023-04-29,2023
1363,112,4178,493,2023-04-29,2023
1363,112,493,4178,2023-04-29,2023
1364,112,2980,1120,2023-04-29,2023
1364,112,1120,2980,2023-04-29,2023
1365,112,3383,772,2023-04-29,2023
1365,112,772,3383,2023-04-29,2023
1366,112,4249,3210,2023-04-29,2023
1366,112,3210,4249,2023-04-29,2023
1367,112,506,737,2023-04-29,2023
1367,112,737,506,2023-04-29,2023
1368,112,1048,1886,2023-04-29,2023
1368,112,1886,1048,2023-04-29,2023
1369,112,66,1077,2023-04-29,2023
1369,112,1077,66,2023-04-29,2023
1370,112,2522,2827,2023-04-29,2023
1370,112,2827,2522,2023-04-29,2023
1371,112,1727,797,2023-04-29,2023
1371,112,797,1727,2023-04-29,2023
1372,113,3042,383,2023-04-22,2023
1372,113,383,3042,2023-04-22,2023
1373,113,3697,3966,2023-04-22,2023
1373,113,3966,3697,2023-04-22,2023
1375,113,2315,4216,2023-04-22,2023
1375,113,4216,2315,2023-04-22,2023
1376,113,4269,3615,2023-04-22,2023
1376,113,3615,4269,2023-04-22,2023
1377,113,1365,1395,2023-04-22,2023
1377,113,1395,1365,2023-04-22,2023
1378,113,1822,4354,2023-04-22,2023
1378,113,4354,1822,2023-04-22,2023
1379,113,1040,3407,2023-04-22,2023
1379,113,3407,1040,2023-04-22,2023
1380,113,4107,3931,2023-04-22,2023
1380,113,3931,4107,2023-04-22,2023
1381,113,1419,2434,2023-04-22,2023
1381,113,2434,1419,2023-04-22,2023
1382,113,1666,861,2023-04-22,2023
1382,113,861,1666,2023-04-22,2023
1383,114,1696,86,2023-04-15,2023
1383,114,86,1696,2023-04-15,2023
1384,114,265,3206,2023-04-15,2023
1384,114,3206,265,2023-04-15,2023
1385,114,2761,1825,2023-04-15,2023
1385,114,1825,2761,2023-04-15,2023
1386,114,842,419,2023-04-15,2023
1386,114,419,842,2023-04-15,2023
1387,114,2738,1532,2023-04-15,2023
1387,114,1532,2738,2023-04-15,2023
1388,114,1341,1513,2023-04-15,2023
1388,114,1513,1341,2023-04-15,2023
1389,114,77,487,2023-04-15,2023
1389,114,487,77,2023-04-15,2023
1390,114,3428,2838,2023-04-15,2023
1390,114,2838,3428,2023-04-15,2023
1391,114,827,1642,2023-04-15,2023
1391,114,1642,827,2023-04-15,2023
1392,114,3350,3378,2023-04-15,2023
1392,114,3378,3350,2023-04-15,2023
1393,114,4421,4134,2023-04-15,2023
1393,114,4134,4421,2023-04-15,2023
1394,114,1407,450,2023-04-15,2023
1394,114,450,1407,2023-04-15,2023
1395,114,401,3122,2023-04-15,2023
1395,114,3122,401,2023-04-15,2023
1396,114,1075,3190,2023-04-15,2023
1396,114,3190,1075,2023-04-15,2023
1397,115,21,3078,2023-04-08,2023
1397,115,3078,21,2023-04-08,2023
1398,115,525,2469,2023-04-08,2023
1398,115,2469,525,2023-04-08,2023
1399,115,1240,4371,2023-04-08,2023
1399,115,4371,1240,2023-04-08,2023
1400,115,1694,3160,2023-04-08,2023
1400,115,3160,1694,2023-04-08,2023
1401,115,3379,3409,2023-04-08,2023
1401,115,3409,3379,2023-04-08,2023
1402,115,1348,841,2023-04-08,2023
1402,115,841,1348,2023-04-08,2023
1403,115,3147,4250,2023-04-08,2023
1403,115,4250,3147,2023-04-08,2023
1404,115,3200,2554,2023-04-08,2023
1404,115,2554,3200,2023-04-08,2023
1405,115,1399,561,2023-04-08,2023
1405,115,561,1399,2023-04-08,2023
1406,115,241,2907,2023-04-08,2023
1406,115,2907,241,2023-04-08,2023
1407,115,1339,2875,2023-04-08,2023
1407,115,2875,1339,2023-04-08,2023
1408,115,1751,130,2023-04-08,2023
1408,115,130,1751,2023-04-08,2023
1409,116,3506,4158,2023-03-25,2023
1409,116,4158,3506,2023-03-25,2023
1410,116,1699,3536,2023-03-25,2023
1410,116,3536,1699,2023-03-25,2023
1411,116,2140,2263,2023-03-25,2023
1411,116,2263,2140,2023-03-25,2023
1412,116,260,2198,2023-03-25,2023
1412,116,2198,260,2023-03-25,2023
1413,116,1046,2854,2023-03-25,2023
1413,116,2854,1046,2023-03-25,2023
1414,116,3144,2328,2023-03-25,2023
1414,116,2328,3144,2023-03-25,2023
1415,116,72,3106,2023-03-25,2023
1415,116,3106,72,2023-03-25,2023
1416,116,1377,3023,2023-03-25,2023
1416,116,3023,1377,2023-03-25,2023
1417,116,4164,2124,2023-03-25,2023
1417,116,2124,4164,2023-03-25,2023
1418,116,105,3486,2023-03-25,2023
1418,116,3486,105,2023-03-25,2023
1419,117,1072,4106,2023-03-18,2023
1419,117,4106,1072,2023-03-18,2023
1420,117,1306,1224,2023-03-18,2023
1420,117,1224,1306,2023-03-18,2023
1421,117,2819,261,2023-03-18,2023
1421,117,261,2819,2023-03-18,2023
1422,117,2380,2897,2023-03-18,2023
1422,117,2897,2380,2023-03-18,2023
1423,117,4167,985,2023-03-18,2023
1423,117,985,4167,2023-03-18,2023
1424,117,3666,129,2023-03-18,2023
1424,117,129,3666,2023-03-18,2023
1425,117,1041,2694,2023-03-18,2023
1425,117,2694,1041,2023-03-18,2023
1426,117,196,3038,2023-03-18,2023
1426,117,3038,196,2023-03-18,2023
1427,117,2660,1208,2023-03-18,2023
1427,117,1208,2660,2023-03-18,2023
1428,117,2757,3541,2023-03-18,2023
1428,117,3541,2757,2023-03-18,2023
1429,117,1042,4023,2023-03-18,2023
1429,117,4023,1042,2023-03-18,2023
1430,117,1538,1442,2023-03-18,2023
1430,117,1442,1538,2023-03-18,2023
1431,117,4330,611,2023-03-18,2023
1431,117,611,4330,2023-03-18,2023
1433,117,1576,2611,2023-03-18,2023
1433,117,2611,1576,2023-03-18,2023
1434,118,1052,4368,2023-03-11,2023
1434,118,4368,1052,2023-03-11,2023
1435,118,4200,3392,2023-03-11,2023
1435,118,3392,4200,2023-03-11,2023
1436,118,2094,3814,2023-03-11,2023
1436,118,3814,2094,2023-03-11,2023
1437,118,2449,2884,2023-03-11,2023
1437,118,2884,2449,2023-03-11,2023
1438,118,301,586,2023-03-11,2023
1438,118,586,301,2023-03-11,2023
1439,118,3107,4079,2023-03-11,2023
1439,118,4079,3107,2023-03-11,2023
1440,118,4307,500,2023-03-11,2023
1440,118,500,4307,2023-03-11,2023
1441,118,1477,209,2023-03-11,2023
1441,118,209,1477,2023-03-11,2023
1442,118,1277,1039,2023-03-11,2023
1442,118,1039,1277,2023-03-11,2023
1443,118,1639,1480,2023-03-11,2023
1443,118,1480,1639,2023-03-11,2023
1444,118,847,65,2023-03-11,2023
1444,118,65,847,2023-03-11,2023
1445,118,3697,2791,2023-03-11,2023
1445,118,2791,3697,2023-03-11,2023
1446,118,1588,1435,2023-03-11,2023
1446,118,1435,1588,2023-03-11,2023
1447,119,1893,1328,2023-03-04,2023
1447,119,1328,1893,2023-03-04,2023
1448,119,1479,3650,2023-03-04,2023
1448,119,3650,1479,2023-03-04,2023
1449,119,3225,2812,2023-03-04,2023
1449,119,2812,3225,2023-03-04,2023
1450,119,1324,4082,2023-03-04,2023
1450,119,4082,1324,2023-03-04,2023
1451,119,2836,3132,2023-03-04,2023
1451,119,3132,2836,2023-03-04,2023
1452,119,1333,1907,2023-03-04,2023
1452,119,1907,1333,2023-03-04,2023
1453,119,1021,496,2023-03-04,2023
1453,119,496,1021,2023-03-04,2023
1454,119,3293,171,2023-03-04,2023
1454,119,171,3293,2023-03-04,2023
1455,119,282,2426,2023-03-04,2023
1455,119,2426,282,2023-03-04,2023
1456,119,2344,3780,2023-03-04,2023
1456,119,3780,2344,2023-03-04,2023
1457,119,3448,2452,2023-03-04,2023
1457,119,2452,3448,2023-03-04,2023
1458,119,3301,3067,2023-03-04,2023
1458,119,3067,3301,2023-03-04,2023
1459,119,291,378,2023-03-04,2023
1459,119,378,291,2023-03-04,2023
1460,119,3219,3298,2023-03-04,2023
1460,119,3298,3219,2023-03-04,2023
1461,120,87,2739,2023-02-25,2023
1461,120,2739,87,2023-02-25,2023
1462,120,3467,2491,2023-02-25,2023
1462,120,2491,3467,2023-02-25,2023
1463,120,3890,898,2023-02-25,2023
1463,120,898,3890,2023-02-25,2023
1464,120,2396,2133,2023-02-25,2023
1464,120,2133,2396,2023-02-25,2023
1465,120,3054,1431,2023-02-25,2023
1465,120,1431,3054,2023-02-25,2023
1466,120,1839,1185,2023-02-25,2023
1466,120,1185,1839,2023-02-25,2023
1467,120,2180,2453,2023-02-25,2023
1467,120,2453,2180,2023-02-25,2023
1468,120,2953,1886,2023-02-25,2023
1468,120,1886,2953,2023-02-25,2023
1469,120,3776,911,2023-02-25,2023
1469,120,911,3776,2023-02-25,2023
1470,120,81,116,2023-02-25,2023
1470,120,116,81,2023-02-25,2023
1471,121,380,144,2023-02-18,2023
1471,121,144,380,2023-02-18,2023
1472,121,3039,4344,2023-02-18,2023
1472,121,4344,3039,2023-02-18,2023
1473,121,3152,3008,2023-02-18,2023
1473,121,3008,3152,2023-02-18,2023
1474,121,3170,2057,2023-02-18,2023
1474,121,2057,3170,2023-02-18,2023
1475,121,1648,2605,2023-02-18,2023
1475,121,2605,1648,2023-02-18,2023
1476,121,3453,1082,2023-02-18,2023
1476,121,1082,3453,2023-02-18,2023
1477,121,511,2145,2023-02-18,2023
1477,121,2145,511,2023-02-18,2023
1478,121,1103,201,2023-02-18,2023
1478,121,201,1103,2023-02-18,2023
1479,121,2265,3464,2023-02-18,2023
1479,121,3464,2265,2023-02-18,2023
1480,121,1226,1445,2023-02-18,2023
1480,121,1445,1226,2023-02-18,2023
1481,121,613,3400,2023-02-18,2023
1481,121,3400,613,2023-02-18,2023
1482,122,2385,4198,2023-02-11,2023
1482,122,4198,2385,2023-02-11,2023
1483,122,3370,1104,2023-02-11,2023
1483,122,1104,3370,2023-02-11,2023
1484,122,924,485,2023-02-11,2023
1484,122,485,924,2023-02-11,2023
1485,122,3930,3164,2023-02-11,2023
1485,122,3164,3930,2023-02-11,2023
1487,122,514,3053,2023-02-11,2023
1487,122,3053,514,2023-02-11,2023
1488,122,824,239,2023-02-11,2023
1488,122,239,824,2023-02-11,2023
1489,122,3365,3415,2023-02-11,2023
1489,122,3415,3365,2023-02-11,2023
1490,122,2734,3172,2023-02-11,2023
1490,122,3172,2734,2023-02-11,2023
1491,122,1849,3638,2023-02-11,2023
1491,122,3638,1849,2023-02-11,2023
1492,122,2284,3263,2023-02-11,2023
1492,122,3263,2284,2023-02-11,2023
1493,122,360,4400,2023-02-11,2023
1493,122,4400,360,2023-02-11,2023
1494,122,456,4073,2023-02-11,2023
1494,122,4073,456,2023-02-11,2023
1495,123,3826,2234,2023-02-04,2023
1495,123,2234,3826,2023-02-04,2023
1496,123,709,1937,2023-02-04,2023
1496,123,1937,709,2023-02-04,2023
1497,123,4084,1805,2023-02-04,2023
1497,123,1805,4084,2023-02-04,2023
1499,123,1288,2040,2023-02-04,2023
1499,123,2040,1288,2023-02-04,2023
1500,123,1930,3548,2023-02-04,2023
1500,123,3548,1930,2023-02-04,2023
1501,123,2199,4383,2023-02-04,2023
1501,123,4383,2199,2023-02-04,2023
1502,123,2784,1983,2023-02-04,2023
1502,123,1983,2784,2023-02-04,2023
1503,123,3013,684,2023-02-04,2023
1503,123,684,3013,2023-02-04,2023
1504,123,3011,4019,2023-02-04,2023
1504,123,4019,3011,2023-02-04,2023
1505,123,3934,32,2023-02-04,2023
1505,123,32,3934,2023-02-04,2023
1506,124,1675,3978,2023-01-21,2023
1506,124,3978,1675,2023-01-21,2023
1507,124,2703,1202,2023-01-21,2023
1507,124,1202,2703,2023-01-21,2023
1508,124,525,2364,2023-01-21,2023
1508,124,2364,525,2023-01-21,2023
1509,124,144,2755,2023-01-21,2023
1509,124,2755,144,2023-01-21,2023
1510,124,4215,801,2023-01-21,2023
1510,124,801,4215,2023-01-21,2023
1511,124,3165,3430,2023-01-21,2023
1511,124,3430,3165,2023-01-21,2023
1512,124,1194,3364,2023-01-21,2023
1512,124,3364,1194,2023-01-21,2023
1513,124,2659,784,2023-01-21,2023
1513,124,784,2659,2023-01-21,2023
1514,124,406,2175,2023-01-21,2023
1514,124,2175,406,2023-01-21,2023
1515,124,98,8,2023-01-21,2023
1515,124,8,98,2023-01-21,2023
1516,124,3834,2125,2023-01-21,2023
1516,124,2125,3834,2023-01-21,2023
1517,124,407,2534,2023-01-21,2023
1517,124,2534,407,2023-01-21,2023
1518,124,852,115,2023-01-21,2023
1518,124,115,852,2023-01-21,2023
1519,124,2881,1162,2023-01-21,2023
1519,124,1162,2881,2023-01-21,2023
1520,124,2414,2928,2023-01-21,2023
1520,124,2928,2414,2023-01-21,2023
1521,125,3883,1778,2023-01-14,2023
1521,125,1778,3883,2023-01-14,2023
1522,125,1769,1818,2023-01-14,2023
1522,125,1818,1769,2023-01-14,2023
1523,125,2075,3791,2023-01-14,2023
1523,125,3791,2075,2023-01-14,2023
1524,125,3070,4177,2023-01-14,2023
1524,125,4177,3070,2023-01-14,2023
1525,125,2886,266,2023-01-14,2023
1525,125,266,2886,2023-01-14,2023
1526,125,290,2571,2023-01-14,2023
1526,125,2571,290,2023-01-14,2023
1527,125,3255,3296,2023-01-14,2023
1527,125,3296,3255,2023-01-14,2023
1528,125,3257,1216,2023-01-14,2023
1528,125,1216,3257,2023-01-14,2023
1529,125,2797,1651,2023-01-14,2023
1529,125,1651,2797,2023-01-14,2023
1530,125,177,34,2023-01-14,2023
1530,125,34,177,2023-01-14,2023
1531,125,1886,1228,2023-01-14,2023
1531,125,1228,1886,2023-01-14,2023
1532,126,587,3883,2022-12-17,2022
1532,126,3883,587,2022-12-17,2022
1533,126,4064,1801,2022-12-17,2022
1533,126,1801,4064,2022-12-17,2022
1534,126,49,783,2022-12-17,2022
1534,126,783,49,2022-12-17,2022
1535,126,551,1120,2022-12-17,2022
1535,126,1120,551,2022-12-17,2022
1536,126,978,1486,2022-12-17,2022
1536,126,1486,978,2022-12-17,2022
1537,126,2919,493,2022-12-17,2022
1537,126,493,2919,2022-12-17,2022
1538,126,2531,4194,2022-12-17,2022
1538,126,4194,2531,2022-12-17,2022
1539,126,3615,2480,2022-12-17,2022
1539,126,2480,3615,2022-12-17,2022
1540,126,2884,1946,2022-12-17,2022
1540,126,1946,2884,2022-12-17,2022
1541,126,1341,2376,2022-12-17,2022
1541,126,2376,1341,2022-12-17,2022
1542,126,1163,299,2022-12-17,2022
1542,126,299,1163,2022-12-17,2022
1543,126,1961,1053,2022-12-17,2022
1543,126,1053,1961,2022-12-17,2022
1544,126,2711,2827,2022-12-17,2022
1544,126,2827,2711,2022-12-17,2022
1546,127,3142,1440,2022-12-10,2022
1546,127,1440,3142,2022-12-10,2022
1547,127,3160,2709,2022-12-10,2022
1547,127,2709,3160,2022-12-10,2022
1548,127,1021,4016,2022-12-10,2022
1548,127,4016,1021,2022-12-10,2022
1549,127,4033,2639,2022-12-10,2022
1549,127,2639,4033,2022-12-10,2022
1550,127,3409,3097,2022-12-10,2022
1550,127,3097,3409,2022-12-10,2022
1551,127,3429,876,2022-12-10,2022
1551,127,876,3429,2022-12-10,2022
1552,127,3636,2322,2022-12-10,2022
1552,127,2322,3636,2022-12-10,2022
1553,127,841,505,2022-12-10,2022
1553,127,505,841,2022-12-10,2022
1554,127,3206,1648,2022-12-10,2022
1554,127,1648,3206,2022-12-10,2022
1555,127,487,3704,2022-12-10,2022
1555,127,3704,487,2022-12-10,2022
1556,127,3448,2080,2022-12-10,2022
1556,127,2080,3448,2022-12-10,2022
1557,128,4008,1694,2022-12-03,2022
1557,128,1694,4008,2022-12-03,2022
1558,128,995,261,2022-12-03,2022
1558,128,261,995,2022-12-03,2022
1559,128,2838,3588,2022-12-03,2022
1559,128,3588,2838,2022-12-03,2022
1560,128,3042,4072,2022-12-03,2022
1560,128,4072,3042,2022-12-03,2022
1561,128,985,1644,2022-12-03,2022
1561,128,1644,985,2022-12-03,2022
1562,128,134,875,2022-12-03,2022
1562,128,875,134,2022-12-03,2022
1563,128,3424,3182,2022-12-03,2022
1563,128,3182,3424,2022-12-03,2022
1564,128,1673,1027,2022-12-03,2022
1564,128,1027,1673,2022-12-03,2022
1565,128,1513,1707,2022-12-03,2022
1565,128,1707,1513,2022-12-03,2022
1566,128,1876,946,2022-12-03,2022
1566,128,946,1876,2022-12-03,2022
1567,128,3047,1087,2022-12-03,2022
1567,128,1087,3047,2022-12-03,2022
1568,128,2232,4113,2022-12-03,2022
1568,128,4113,2232,2022-12-03,2022
1569,128,2434,3388,2022-12-03,2022
1569,128,3388,2434,2022-12-03,2022
1570,128,1841,2880,2022-12-03,2022
1570,128,2880,1841,2022-12-03,2022
1571,129,2888,842,2022-11-19,2022
1571,129,842,2888,2022-11-19,2022
1572,129,772,3649,2022-11-19,2022
1572,129,3649,772,2022-11-19,2022
1573,129,3479,1197,2022-11-19,2022
1573,129,1197,3479,2022-11-19,2022
1574,129,924,3347,2022-11-19,2022
1574,129,3347,924,2022-11-19,2022
1575,129,1886,4437,2022-11-19,2022
1575,129,4437,1886,2022-11-19,2022
1576,129,2380,2710,2022-11-19,2022
1576,129,2710,2380,2022-11-19,2022
1577,129,1867,2693,2022-11-19,2022
1577,129,2693,1867,2022-11-19,2022
1578,129,4078,2804,2022-11-19,2022
1578,129,2804,4078,2022-11-19,2022
1579,129,929,2926,2022-11-19,2022
1579,129,2926,929,2022-11-19,2022
1580,129,1666,1342,2022-11-19,2022
1580,129,1342,1666,2022-11-19,2022
1581,129,3700,384,2022-11-19,2022
1581,129,384,3700,2022-11-19,2022
1582,130,3078,21,2022-11-12,2022
1582,130,21,3078,2022-11-12,2022
1583,130,4428,1131,2022-11-12,2022
1583,130,1131,4428,2022-11-12,2022
1584,130,3154,659,2022-11-12,2022
1584,130,659,3154,2022-11-12,2022
1585,130,1532,1067,2022-11-12,2022
1585,130,1067,1532,2022-11-12,2022
1586,130,1717,3191,2022-11-12,2022
1586,130,3191,1717,2022-11-12,2022
1587,130,2658,3308,2022-11-12,2022
1587,130,3308,2658,2022-11-12,2022
1588,130,3814,3284,2022-11-12,2022
1588,130,3284,3814,2022-11-12,2022
1589,130,380,2501,2022-11-12,2022
1589,130,2501,380,2022-11-12,2022
1590,130,3108,4080,2022-11-12,2022
1590,130,4080,3108,2022-11-12,2022
1591,130,1280,227,2022-11-12,2022
1591,130,227,1280,2022-11-12,2022
1592,130,2086,1417,2022-11-12,2022
1592,130,1417,2086,2022-11-12,2022
1593,130,4058,683,2022-11-12,2022
1593,130,683,4058,2022-11-12,2022
1594,130,1822,172,2022-11-12,2022
1594,130,172,1822,2022-11-12,2022
1595,130,4092,2815,2022-11-12,2022
1595,130,2815,4092,2022-11-12,2022
1596,131,2211,3372,2022-11-05,2022
1596,131,3372,2211,2022-11-05,2022
1597,131,2364,3373,2022-11-05,2022
1597,131,3373,2364,2022-11-05,2022
1598,131,2875,2620,2022-11-05,2022
1598,131,2620,2875,2022-11-05,2022
1599,131,4091,2400,2022-11-05,2022
1599,131,2400,4091,2022-11-05,2022
1600,131,890,2354,2022-11-05,2022
1600,131,2354,890,2022-11-05,2022
1601,131,2486,4401,2022-11-05,2022
1601,131,4401,2486,2022-11-05,2022
1602,131,301,2297,2022-11-05,2022
1602,131,2297,301,2022-11-05,2022
1603,131,4170,1281,2022-11-05,2022
1603,131,1281,4170,2022-11-05,2022
1604,131,2742,3665,2022-11-05,2022
1604,131,3665,2742,2022-11-05,2022
1605,131,1538,583,2022-11-05,2022
1605,131,583,1538,2022-11-05,2022
1606,131,4173,3026,2022-11-05,2022
1606,131,3026,4173,2022-11-05,2022
1607,132,86,1974,2022-10-29,2022
1607,132,1974,86,2022-10-29,2022
1608,132,1493,2544,2022-10-29,2022
1608,132,2544,1493,2022-10-29,2022
1609,132,772,4132,2022-10-29,2022
1609,132,4132,772,2022-10-29,2022
1610,132,1443,1277,2022-10-29,2022
1610,132,1277,1443,2022-10-29,2022
1611,132,3420,1825,2022-10-29,2022
1611,132,1825,3420,2022-10-29,2022
1612,132,985,1604,2022-10-29,2022
1612,132,1604,985,2022-10-29,2022
1613,132,3383,180,2022-10-29,2022
1613,132,180,3383,2022-10-29,2022
1614,132,3011,1701,2022-10-29,2022
1614,132,1701,3011,2022-10-29,2022
1615,132,1339,1718,2022-10-29,2022
1615,132,1718,1339,2022-10-29,2022
1616,132,1048,2717,2022-10-29,2022
1616,132,2717,1048,2022-10-29,2022
1617,132,3379,4263,2022-10-29,2022
1617,132,4263,3379,2022-10-29,2022
1618,133,2385,2922,2022-10-22,2022
1618,133,2922,2385,2022-10-22,2022
1619,133,3853,966,2022-10-22,2022
1619,133,966,3853,2022-10-22,2022
1620,133,2894,4368,2022-10-22,2022
1620,133,4368,2894,2022-10-22,2022
1621,133,873,1324,2022-10-22,2022
1621,133,1324,873,2022-10-22,2022
1622,133,1217,651,2022-10-22,2022
1622,133,651,1217,2022-10-22,2022
1623,133,2730,442,2022-10-22,2022
1623,133,442,2730,2022-10-22,2022
1624,133,416,2745,2022-10-22,2022
1624,133,2745,416,2022-10-22,2022
1625,133,2094,2904,2022-10-22,2022
1625,133,2904,2094,2022-10-22,2022
1626,133,2885,2939,2022-10-22,2022
1626,133,2939,2885,2022-10-22,2022
1627,133,3109,980,2022-10-22,2022
1627,133,980,3109,2022-10-22,2022
1628,133,2660,1442,2022-10-22,2022
1628,133,1442,2660,2022-10-22,2022
1629,133,3407,2145,2022-10-22,2022
1629,133,2145,3407,2022-10-22,2022
1630,134,1479,171,2022-10-15,2022
1630,134,171,1479,2022-10-15,2022
1631,134,2449,3913,2022-10-15,2022
1631,134,3913,2449,2022-10-15,2022
1632,134,4023,4344,2022-10-15,2022
1632,134,4344,4023,2022-10-15,2022
1633,134,209,1639,2022-10-15,2022
1633,134,1639,209,2022-10-15,2022
1634,134,2574,702,2022-10-15,2022
1634,134,702,2574,2022-10-15,2022
1635,134,2452,887,2022-10-15,2022
1635,134,887,2452,2022-10-15,2022
1636,134,2395,2487,2022-10-15,2022
1636,134,2487,2395,2022-10-15,2022
1637,134,467,72,2022-10-15,2022
1637,134,72,467,2022-10-15,2022
1638,134,3378,1751,2022-10-15,2022
1638,134,1751,3378,2022-10-15,2022
1639,134,3934,4164,2022-10-15,2022
1639,134,4164,3934,2022-10-15,2022
1640,134,3380,1820,2022-10-15,2022
1640,134,1820,3380,2022-10-15,2022
1641,135,4367,935,2022-10-01,2022
1641,135,935,4367,2022-10-01,2022
1642,135,485,4056,2022-10-01,2022
1642,135,4056,485,2022-10-01,2022
1643,135,266,1907,2022-10-01,2022
1643,135,1907,266,2022-10-01,2022
1644,135,4406,3638,2022-10-01,2022
1644,135,3638,4406,2022-10-01,2022
1645,135,888,418,2022-10-01,2022
1645,135,418,888,2022-10-01,2022
1646,135,3540,633,2022-10-01,2022
1646,135,633,3540,2022-10-01,2022
1647,135,2156,2918,2022-10-01,2022
1647,135,2918,2156,2022-10-01,2022
1648,135,3693,3402,2022-10-01,2022
1648,135,3402,3693,2022-10-01,2022
1649,135,87,1920,2022-10-01,2022
1649,135,1920,87,2022-10-01,2022
1650,135,660,3866,2022-10-01,2022
1650,135,3866,660,2022-10-01,2022
1651,135,586,782,2022-10-01,2022
1651,135,782,586,2022-10-01,2022
1652,136,3506,3781,2022-09-17,2022
1652,136,3781,3506,2022-09-17,2022
1653,136,3364,2854,2022-09-17,2022
1653,136,2854,3364,2022-09-17,2022
1654,136,1209,77,2022-09-17,2022
1654,136,77,1209,2022-09-17,2022
1655,136,3200,126,2022-09-17,2022
1655,136,126,3200,2022-09-17,2022
1656,136,2798,419,2022-09-17,2022
1656,136,419,2798,2022-09-17,2022
1657,136,1649,282,2022-09-17,2022
1657,136,282,1649,2022-09-17,2022
1658,136,1818,3451,2022-09-17,2022
1658,136,3451,1818,2022-09-17,2022
1659,136,1377,776,2022-09-17,2022
1659,136,776,1377,2022-09-17,2022
1660,136,2284,1407,2022-09-17,2022
1660,136,1407,2284,2022-09-17,2022
1661,136,2907,4421,2022-09-17,2022
1661,136,4421,2907,2022-09-17,2022
1662,136,3350,25,2022-09-17,2022
1662,136,25,3350,2022-09-17,2022
1663,136,290,1480,2022-09-17,2022
1663,136,1480,290,2022-09-17,2022
1664,136,2720,4130,2022-09-17,2022
1664,136,4130,2720,2022-09-17,2022
1665,137,956,1181,2022-09-10,2022
1665,137,1181,956,2022-09-10,2022
1666,137,678,1694,2022-09-10,2022
1666,137,1694,678,2022-09-10,2022
1667,137,3373,2239,2022-09-10,2022
1667,137,2239,3373,2022-09-10,2022
1668,137,61,675,2022-09-10,2022
1668,137,675,61,2022-09-10,2022
1669,137,4215,842,2022-09-10,2022
1669,137,842,4215,2022-09-10,2022
1670,137,1120,889,2022-09-10,2022
1670,137,889,1120,2022-09-10,2022
1671,137,98,4079,2022-09-10,2022
1671,137,4079,98,2022-09-10,2022
1672,137,4019,3132,2022-09-10,2022
1672,137,3132,4019,2022-09-10,2022
1673,137,274,737,2022-09-10,2022
1673,137,737,274,2022-09-10,2022
1674,137,1040,4326,2022-09-10,2022
1674,137,4326,1040,2022-09-10,2022
1675,137,48,153,2022-09-10,2022
1675,137,153,48,2022-09-10,2022
1676,137,3263,2455,2022-09-10,2022
1676,137,2455,3263,2022-09-10,2022
1677,137,2133,4262,2022-09-10,2022
1677,137,4262,2133,2022-09-10,2022
1678,138,1328,4072,2022-09-03,2022
1678,138,4072,1328,2022-09-03,2022
1679,138,4286,4167,2022-09-03,2022
1679,138,4167,4286,2022-09-03,2022
1680,138,1778,505,2022-09-03,2022
1680,138,505,1778,2022-09-03,2022
1681,138,2075,942,2022-09-03,2022
1681,138,942,2075,2022-09-03,2022
1682,138,1419,1121,2022-09-03,2022
1682,138,1121,1419,2022-09-03,2022
1683,138,4331,1922,2022-09-03,2022
1683,138,1922,4331,2022-09-03,2022
1684,138,2369,3867,2022-09-03,2022
1684,138,3867,2369,2022-09-03,2022
1685,138,1569,2384,2022-09-03,2022
1685,138,2384,1569,2022-09-03,2022
1686,138,4438,1201,2022-09-03,2022
1686,138,1201,4438,2022-09-03,2022
1687,138,3463,2629,2022-09-03,2022
1687,138,2629,3463,2022-09-03,2022
1688,138,3215,3932,2022-09-03,2022
1688,138,3932,3215,2022-09-03,2022
1689,138,1077,3090,2022-09-03,2022
1689,138,3090,1077,2022-09-03,2022
1690,139,1072,4106,2022-08-20,2022
1690,139,4106,1072,2022-08-20,2022
1691,139,781,3362,2022-08-20,2022
1691,139,3362,781,2022-08-20,2022
1692,139,1052,64,2022-08-20,2022
1692,139,64,1052,2022-08-20,2022
1693,139,3190,4346,2022-08-20,2022
1693,139,4346,3190,2022-08-20,2022
1694,139,3053,1757,2022-08-20,2022
1694,139,1757,3053,2022-08-20,2022
1695,139,4084,3392,2022-08-20,2022
1695,139,3392,4084,2022-08-20,2022
1696,139,1440,3531,2022-08-20,2022
1696,139,3531,1440,2022-08-20,2022
1698,139,2285,1226,2022-08-20,2022
1698,139,1226,2285,2022-08-20,2022
1699,139,49,1203,2022-08-20,2022
1699,139,1203,49,2022-08-20,2022
1700,139,164,3097,2022-08-20,2022
1700,139,3097,164,2022-08-20,2022
1701,139,105,2124,2022-08-20,2022
1701,139,2124,105,2022-08-20,2022
1702,140,4158,819,2022-08-13,2022
1702,140,819,4158,2022-08-13,2022
1703,140,2140,2943,2022-08-13,2022
1703,140,2943,2140,2022-08-13,2022
1704,140,1841,2315,2022-08-13,2022
1704,140,2315,1841,2022-08-13,2022
1705,140,2761,709,2022-08-13,2022
1705,140,709,2761,2022-08-13,2022
1706,140,553,847,2022-08-13,2022
1706,140,847,553,2022-08-13,2022
1707,140,2554,3697,2022-08-13,2022
1707,140,3697,2554,2022-08-13,2022
1708,140,1673,1399,2022-08-13,2022
1708,140,1399,1673,2022-08-13,2022
1709,140,506,500,2022-08-13,2022
1709,140,500,506,2022-08-13,2022
1710,140,2879,561,2022-08-13,2022
1710,140,561,2879,2022-08-13,2022
1711,140,329,2944,2022-08-13,2022
1711,140,2944,329,2022-08-13,2022
1712,140,2791,2953,2022-08-13,2022
1712,140,2953,2791,2022-08-13,2022
1713,140,3210,4322,2022-08-13,2022
1713,140,4322,3210,2022-08-13,2022
1715,141,1675,3532,2022-08-06,2022
1715,141,3532,1675,2022-08-06,2022
1716,141,2812,2324,2022-08-06,2022
1716,141,2324,2812,2022-08-06,2022
1717,141,4107,3039,2022-08-06,2022
1717,141,3039,4107,2022-08-06,2022
1718,141,2611,4216,2022-08-06,2022
1718,141,4216,2611,2022-08-06,2022
1719,141,3826,3467,2022-08-06,2022
1719,141,3467,3826,2022-08-06,2022
1720,141,2534,1431,2022-08-06,2022
1720,141,1431,2534,2022-08-06,2022
1721,141,2919,117,2022-08-06,2022
1721,141,117,2919,2022-08-06,2022
1722,141,299,3559,2022-08-06,2022
1722,141,3559,299,2022-08-06,2022
1723,141,2531,1475,2022-08-06,2022
1723,141,1475,2531,2022-08-06,2022
1724,141,511,1077,2022-08-06,2022
1724,141,1077,511,2022-08-06,2022
1725,142,2878,3059,2022-07-30,2022
1725,142,3059,2878,2022-07-30,2022
1726,142,2703,1963,2022-07-30,2022
1726,142,1963,2703,2022-07-30,2022
1727,142,3042,2234,2022-07-30,2022
1727,142,2234,3042,2022-07-30,2022
1728,142,3001,3088,2022-07-30,2022
1728,142,3088,3001,2022-07-30,2022
1729,142,155,3752,2022-07-30,2022
1729,142,3752,155,2022-07-30,2022
1730,142,2709,3615,2022-07-30,2022
1730,142,3615,2709,2022-07-30,2022
1731,142,978,116,2022-07-30,2022
1731,142,116,978,2022-07-30,2022
1733,142,2053,1341,2022-07-30,2022
1733,142,1341,2053,2022-07-30,2022
1734,142,2695,1288,2022-07-30,2022
1734,142,1288,2695,2022-07-30,2022
1735,142,1075,2026,2022-07-30,2022
1735,142,2026,1075,2022-07-30,2022
1736,142,2815,3165,2022-07-30,2022
1736,142,3165,2815,2022-07-30,2022
1737,142,777,948,2022-07-30,2022
1737,142,948,777,2022-07-30,2022
1738,143,383,205,2022-07-23,2022
1738,143,205,383,2022-07-23,2022
1739,143,1644,841,2022-07-23,2022
1739,143,841,1644,2022-07-23,2022
1740,143,3142,2180,2022-07-23,2022
1740,143,2180,3142,2022-07-23,2022
1741,143,2094,1528,2022-07-23,2022
1741,143,1528,2094,2022-07-23,2022
1742,143,2501,1405,2022-07-23,2022
1742,143,1405,2501,2022-07-23,2022
1743,143,2904,801,2022-07-23,2022
1743,143,801,2904,2022-07-23,2022
1744,143,2047,1908,2022-07-23,2022
1744,143,1908,2047,2022-07-23,2022
1745,143,946,1540,2022-07-23,2022
1745,143,1540,946,2022-07-23,2022
1746,143,4331,3406,2022-07-23,2022
1746,143,3406,4331,2022-07-23,2022
1747,143,3047,129,2022-07-23,2022
1747,143,129,3047,2022-07-23,2022
1748,143,2660,1886,2022-07-23,2022
1748,143,1886,2660,2022-07-23,2022
1749,143,1641,2820,2022-07-23,2022
1749,143,2820,1641,2022-07-23,2022
1750,143,2218,399,2022-07-23,2022
1750,143,399,2218,2022-07-23,2022
1751,143,852,3690,2022-07-23,2022
1751,143,3690,852,2022-07-23,2022
1752,144,3370,2948,2022-07-16,2022
1752,144,2948,3370,2022-07-16,2022
1753,144,2211,4250,2022-07-16,2022
1753,144,4250,2211,2022-07-16,2022
1754,144,2239,3479,2022-07-16,2022
1754,144,3479,2239,2022-07-16,2022
1755,144,3588,3902,2022-07-16,2022
1755,144,3902,3588,2022-07-16,2022
1756,144,519,1922,2022-07-16,2022
1756,144,1922,519,2022-07-16,2022
1757,144,2755,3961,2022-07-16,2022
1757,144,3961,2755,2022-07-16,2022
1758,144,3791,2322,2022-07-16,2022
1758,144,2322,3791,2022-07-16,2022
1759,144,3717,3666,2022-07-16,2022
1759,144,3666,3717,2022-07-16,2022
1760,144,77,527,2022-07-16,2022
1760,144,527,77,2022-07-16,2022
1761,144,1825,1937,2022-07-16,2022
1761,144,1937,1825,2022-07-16,2022
1762,144,3867,1478,2022-07-16,2022
1762,144,1478,3867,2022-07-16,2022
1763,144,1027,3067,2022-07-16,2022
1763,144,3067,1027,2022-07-16,2022
1764,145,1224,995,2022-07-09,2022
1764,145,995,1224,2022-07-09,2022
1765,145,416,3109,2022-07-09,2022
1765,145,3109,416,2022-07-09,2022
1766,145,2884,3711,2022-07-09,2022
1766,145,3711,2884,2022-07-09,2022
1767,145,3649,4132,2022-07-09,2022
1767,145,4132,3649,2022-07-09,2022
1768,145,4410,4078,2022-07-09,2022
1768,145,4078,4410,2022-07-09,2022
1769,145,2734,1876,2022-07-09,2022
1769,145,1876,2734,2022-07-09,2022
1770,145,493,1443,2022-07-09,2022
1770,145,1443,493,2022-07-09,2022
1771,145,3651,628,2022-07-09,2022
1771,145,628,3651,2022-07-09,2022
1772,145,2943,181,2022-07-09,2022
1772,145,181,2943,2022-07-09,2022
1773,145,2888,3338,2022-07-09,2022
1773,145,3338,2888,2022-07-09,2022
1774,145,1946,2170,2022-07-09,2022
1774,145,2170,1946,2022-07-09,2022
1775,146,21,587,2022-07-02,2022
1775,146,587,21,2022-07-02,2022
1776,146,4198,1696,2022-07-02,2022
1776,146,1696,4198,2022-07-02,2022
1777,146,3078,3883,2022-07-02,2022
1777,146,3883,3078,2022-07-02,2022
1778,146,261,2166,2022-07-02,2022
1778,146,2166,261,2022-07-02,2022
1780,146,4082,3308,2022-07-02,2022
1780,146,3308,4082,2022-07-02,2022
1781,146,2605,653,2022-07-02,2022
1781,146,653,2605,2022-07-02,2022
1782,146,2344,1488,2022-07-02,2022
1782,146,1488,2344,2022-07-02,2022
1783,146,1021,3966,2022-07-02,2022
1783,146,3966,1021,2022-07-02,2022
1784,146,2739,1548,2022-07-02,2022
1784,146,1548,2739,2022-07-02,2022
1785,146,260,1154,2022-07-02,2022
1785,146,1154,260,2022-07-02,2022
1786,146,3866,710,2022-07-02,2022
1786,146,710,3866,2022-07-02,2022
1787,147,1324,4064,2022-06-25,2022
1787,147,4064,1324,2022-06-25,2022
1788,147,3225,2364,2022-06-25,2022
1788,147,2364,3225,2022-06-25,2022
1789,147,3008,300,2022-06-25,2022
1789,147,300,3008,2022-06-25,2022
1790,147,2659,1365,2022-06-25,2022
1790,147,1365,2659,2022-06-25,2022
1791,147,2886,2400,2022-06-25,2022
1791,147,2400,2886,2022-06-25,2022
1792,147,841,4178,2022-06-25,2022
1792,147,4178,841,2022-06-25,2022
1793,147,4092,2808,2022-06-25,2022
1793,147,2808,4092,2022-06-25,2022
1794,147,2875,487,2022-06-25,2022
1794,147,487,2875,2022-06-25,2022
1795,147,2711,2986,2022-06-25,2022
1795,147,2986,2711,2022-06-25,2022
1796,147,1048,543,2022-06-25,2022
1796,147,543,1048,2022-06-25,2022
1797,147,301,1989,2022-06-25,2022
1797,147,1989,301,2022-06-25,2022
1798,147,929,1281,2022-06-25,2022
1798,147,1281,929,2022-06-25,2022
1799,148,1104,1974,2022-06-18,2022
1799,148,1974,1104,2022-06-18,2022
1800,148,1694,2544,2022-06-18,2022
1800,148,2544,1694,2022-06-18,2022
1801,148,505,1046,2022-06-18,2022
1801,148,1046,505,2022-06-18,2022
1802,148,1801,2114,2022-06-18,2022
1802,148,2114,1801,2022-06-18,2022
1803,148,3364,2426,2022-06-18,2022
1803,148,2426,3364,2022-06-18,2022
1804,148,4371,1991,2022-06-18,2022
1804,148,1991,4371,2022-06-18,2022
1805,148,3700,1839,2022-06-18,2022
1805,148,1839,3700,2022-06-18,2022
1806,148,4269,2521,2022-06-18,2022
1806,148,2521,4269,2022-06-18,2022
1807,148,3239,669,2022-06-18,2022
1807,148,669,3239,2022-06-18,2022
1808,148,2926,907,2022-06-18,2022
1808,148,907,2926,2022-06-18,2022
1809,148,3834,4317,2022-06-18,2022
1809,148,4317,3834,2022-06-18,2022
1810,148,1604,4318,2022-06-18,2022
1810,148,4318,1604,2022-06-18,2022
1811,148,985,875,2022-06-18,2022
1811,148,875,985,2022-06-18,2022
1812,149,3185,3978,2022-06-11,2022
1812,149,3978,3185,2022-06-11,2022
1813,149,3650,3537,2022-06-11,2022
1813,149,3537,3650,2022-06-11,2022
1814,149,4428,1843,2022-06-11,2022
1814,149,1843,4428,2022-06-11,2022
1815,149,2480,1197,2022-06-11,2022
1815,149,1197,2480,2022-06-11,2022
1816,149,924,1099,2022-06-11,2022
1816,149,1099,924,2022-06-11,2022
1817,149,824,683,2022-06-11,2022
1817,149,683,824,2022-06-11,2022
1818,149,2376,1339,2022-06-11,2022
1818,149,1339,2376,2022-06-11,2022
1819,149,87,2395,2022-06-11,2022
1819,149,2395,87,2022-06-11,2022
1820,149,1960,861,2022-06-11,2022
1820,149,861,1960,2022-06-11,2022
1821,149,1417,2241,2022-06-11,2022
1821,149,2241,1417,2022-06-11,2022
1822,149,1075,3026,2022-06-11,2022
1822,149,3026,1075,2022-06-11,2022
1823,150,4200,3429,2022-06-04,2022
1823,150,3429,4200,2022-06-04,2022
1824,150,1148,1769,2022-06-04,2022
1824,150,1769,1148,2022-06-04,2022
1825,150,99,4058,2022-06-04,2022
1825,150,4058,99,2022-06-04,2022
1826,150,3703,423,2022-06-04,2022
1826,150,423,3703,2022-06-04,2022
1827,150,2953,20,2022-06-04,2022
1827,150,20,2953,2022-06-04,2022
1828,150,2574,2727,2022-06-04,2022
1828,150,2727,2574,2022-06-04,2022
1829,150,2086,1657,2022-06-04,2022
1829,150,1657,2086,2022-06-04,2022
1830,150,3776,848,2022-06-04,2022
1830,150,848,3776,2022-06-04,2022
1831,150,1818,177,2022-06-04,2022
1831,150,177,1818,2022-06-04,2022
1832,150,3463,3868,2022-06-04,2022
1832,150,3868,3463,2022-06-04,2022
1833,150,1480,2742,2022-06-04,2022
1833,150,2742,1480,2022-06-04,2022
1834,150,2664,4437,2022-06-04,2022
1834,150,4437,2664,2022-06-04,2022
1835,150,1163,2590,2022-06-04,2022
1835,150,2590,1163,2022-06-04,2022
1836,150,380,65,2022-06-04,2022
1836,150,65,380,2022-06-04,2022
1837,151,4177,1699,2022-05-21,2022
1837,151,1699,4177,2022-05-21,2022
1838,151,3077,3160,2022-05-21,2022
1838,151,3160,3077,2022-05-21,2022
1839,151,2854,4023,2022-05-21,2022
1839,151,4023,2854,2022-05-21,2022
1840,151,3301,4170,2022-05-21,2022
1840,151,4170,3301,2022-05-21,2022
1841,151,3011,134,2022-05-21,2022
1841,151,134,3011,2022-05-21,2022
1842,151,1701,126,2022-05-21,2022
1842,151,126,1701,2022-05-21,2022
1843,151,98,3164,2022-05-21,2022
1843,151,3164,98,2022-05-21,2022
1844,151,2549,2694,2022-05-21,2022
1844,151,2694,2549,2022-05-21,2022
1845,151,2449,2693,2022-05-21,2022
1845,151,2693,2449,2022-05-21,2022
1846,151,1718,727,2022-05-21,2022
1846,151,727,1718,2022-05-21,2022
1847,151,1751,3263,2022-05-21,2022
1847,151,3263,1751,2022-05-21,2022
1848,152,372,3227,2022-05-14,2022
1848,152,3227,372,2022-05-14,2022
1849,152,3814,842,2022-05-14,2022
1849,152,842,3814,2022-05-14,2022
1850,152,1477,3765,2022-05-14,2022
1850,152,3765,1477,2022-05-14,2022
1851,152,651,3293,2022-05-14,2022
1851,152,3293,651,2022-05-14,2022
1852,152,4043,563,2022-05-14,2022
1852,152,563,4043,2022-05-14,2022
1853,152,2797,1538,2022-05-14,2022
1853,152,1538,2797,2022-05-14,2022
1854,152,171,2198,2022-05-14,2022
1854,152,2198,171,2022-05-14,2022
1855,152,1876,3035,2022-05-14,2022
1855,152,3035,1876,2022-05-14,2022
1856,152,1828,1673,2022-05-14,2022
1856,152,1673,1828,2022-05-14,2022
1857,152,3934,583,2022-05-14,2022
1857,152,583,3934,2022-05-14,2022
1858,152,3108,2487,2022-05-14,2022
1858,152,2487,3108,2022-05-14,2022
1859,153,2922,1306,2022-05-07,2022
1859,153,1306,2922,2022-05-07,2022
1860,153,1131,2792,2022-05-07,2022
1860,153,2792,1131,2022-05-07,2022
1861,153,659,1181,2022-05-07,2022
1861,153,1181,659,2022-05-07,2022
1862,153,3464,3430,2022-05-07,2022
1862,153,3430,3464,2022-05-07,2022
1863,153,485,4306,2022-05-07,2022
1863,153,4306,485,2022-05-07,2022
1864,153,4056,3347,2022-05-07,2022
1864,153,3347,4056,2022-05-07,2022
1865,153,675,1040,2022-05-07,2022
1865,153,1040,675,2022-05-07,2022
1866,153,3428,3588,2022-05-07,2022
1866,153,3588,3428,2022-05-07,2022
1867,153,1805,3383,2022-05-07,2022
1867,153,3383,1805,2022-05-07,2022
1868,153,1197,4130,2022-05-07,2022
1868,153,4130,1197,2022-05-07,2022
1869,153,773,1350,2022-05-07,2022
1869,153,1350,773,2022-05-07,2022
1870,153,4164,3365,2022-05-07,2022
1870,153,3365,4164,2022-05-07,2022
1871,153,1399,610,2022-05-07,2022
1871,153,610,1399,2022-05-07,2022
1872,153,2827,1342,2022-05-07,2022
1872,153,1342,2827,2022-05-07,2022
1873,154,4158,1240,2022-04-30,2022
1873,154,1240,4158,2022-04-30,2022
1874,154,180,737,2022-04-30,2022
1874,154,737,180,2022-04-30,2022
1875,154,467,1209,2022-04-30,2022
1875,154,1209,467,2022-04-30,2022
1876,154,890,1440,2022-04-30,2022
1876,154,1440,890,2022-04-30,2022
1877,154,1087,746,2022-04-30,2022
1877,154,746,1087,2022-04-30,2022
1878,154,1920,2554,2022-04-30,2022
1878,154,2554,1920,2022-04-30,2022
1879,154,3392,3649,2022-04-30,2022
1879,154,3649,3392,2022-04-30,2022
1880,154,1203,2124,2022-04-30,2022
1880,154,2124,1203,2022-04-30,2022
1881,154,1488,2133,2022-04-30,2022
1881,154,2133,1488,2022-04-30,2022
1882,154,2232,454,2022-04-30,2022
1882,154,454,2232,2022-04-30,2022
1883,154,4401,2494,2022-04-30,2022
1883,154,2494,4401,2022-04-30,2022
1884,155,144,2211,2022-04-23,2022
1884,155,2211,144,2022-04-23,2022
1885,155,3191,1513,2022-04-23,2022
1885,155,1513,3191,2022-04-23,2022
1886,155,260,898,2022-04-23,2022
1886,155,898,260,2022-04-23,2022
1887,155,1922,4134,2022-04-23,2022
1887,155,4134,1922,2022-04-23,2022
1888,155,282,4344,2022-04-23,2022
1888,155,4344,282,2022-04-23,2022
1889,155,2007,1478,2022-04-23,2022
1889,155,1478,2007,2022-04-23,2022
1890,155,3053,4183,2022-04-23,2022
1890,155,4183,3053,2022-04-23,2022
1891,155,164,1096,2022-04-23,2022
1891,155,1096,164,2022-04-23,2022
1892,155,3023,1082,2022-04-23,2022
1892,155,1082,3023,2022-04-23,2022
1893,155,2265,3170,2022-04-23,2022
1893,155,3170,2265,2022-04-23,2022
1894,155,1820,288,2022-04-23,2022
1894,155,288,1820,2022-04-23,2022
1895,156,2730,2324,2022-04-16,2022
1895,156,2324,2730,2022-04-16,2022
1896,156,416,2939,2022-04-16,2022
1896,156,2939,416,2022-04-16,2022
1897,156,1197,236,2022-04-16,2022
1897,156,236,1197,2022-04-16,2022
1898,156,511,4346,2022-04-16,2022
1898,156,4346,511,2022-04-16,2022
1899,156,3451,2149,2022-04-16,2022
1899,156,2149,3451,2022-04-16,2022
1900,156,2175,2285,2022-04-16,2022
1900,156,2285,2175,2022-04-16,2022
1901,156,709,2057,2022-04-16,2022
1901,156,2057,709,2022-04-16,2022
1902,156,2014,2145,2022-04-16,2022
1902,156,2145,2014,2022-04-16,2022
1903,156,2053,1848,2022-04-16,2022
1903,156,1848,2053,2022-04-16,2022
1904,156,1341,3402,2022-04-16,2022
1904,156,3402,1341,2022-04-16,2022
1905,156,506,274,2022-04-16,2022
1905,156,274,506,2022-04-16,2022
1906,156,2180,2907,2022-04-16,2022
1906,156,2907,2180,2022-04-16,2022
1907,156,1751,2880,2022-04-16,2022
1907,156,2880,1751,2022-04-16,2022
1908,156,48,810,2022-04-16,2022
1908,156,810,48,2022-04-16,2022
1909,157,4198,1935,2022-04-09,2022
1909,157,1935,4198,2022-04-09,2022
1910,157,3853,4368,2022-04-09,2022
1910,157,4368,3853,2022-04-09,2022
1911,157,678,525,2022-04-09,2022
1911,157,525,678,2022-04-09,2022
1912,157,935,3071,2022-04-09,2022
1912,157,3071,935,2022-04-09,2022
1913,157,2354,3130,2022-04-09,2022
1913,157,3130,2354,2022-04-09,2022
1914,157,2344,4262,2022-04-09,2022
1914,157,4262,2344,2022-04-09,2022
1915,157,1649,1277,2022-04-09,2022
1915,157,1277,1649,2022-04-09,2022
1916,157,3070,2127,2022-04-09,2022
1916,157,2127,3070,2022-04-09,2022
1917,157,2396,1314,2022-04-09,2022
1917,157,1314,2396,2022-04-09,2022
1918,157,2918,4132,2022-04-09,2022
1918,157,4132,2918,2022-04-09,2022
1919,157,3378,1568,2022-04-09,2022
1919,157,1568,3378,2022-04-09,2022
1920,157,172,3540,2022-04-09,2022
1920,157,3540,172,2022-04-09,2022
1921,158,383,876,2022-03-26,2022
1921,158,876,383,2022-03-26,2022
1922,158,1479,4330,2022-03-26,2022
1922,158,4330,1479,2022-03-26,2022
1923,158,261,478,2022-03-26,2022
1923,158,478,261,2022-03-26,2022
1924,158,1963,199,2022-03-26,2022
1924,158,199,1963,2022-03-26,2022
1925,158,2364,1493,2022-03-26,2022
1925,158,1493,2364,2022-03-26,2022
1926,158,946,418,2022-03-26,2022
1926,158,418,946,2022-03-26,2022
1927,158,2538,3407,2022-03-26,2022
1927,158,3407,2538,2022-03-26,2022
1928,158,1532,861,2022-03-26,2022
1928,158,861,1532,2022-03-26,2022
1929,158,2012,4019,2022-03-26,2022
1929,158,4019,2012,2022-03-26,2022
1930,158,1217,2380,2022-03-26,2022
1930,158,2380,1217,2022-03-26,2022
1931,158,2838,1053,2022-03-26,2022
1931,158,1053,2838,2022-03-26,2022
1932,158,3477,3808,2022-03-26,2022
1932,158,3808,3477,2022-03-26,2022
1933,159,205,4200,2022-03-19,2022
1933,159,4200,205,2022-03-19,2022
1934,159,86,1717,2022-03-19,2022
1934,159,1717,86,2022-03-19,2022
1935,159,3142,4137,2022-03-19,2022
1935,159,4137,3142,2022-03-19,2022
1936,159,2819,3559,2022-03-19,2022
1936,159,3559,2819,2022-03-19,2022
1937,159,2501,611,2022-03-19,2022
1937,159,611,2501,2022-03-19,2022
1938,159,4033,1641,2022-03-19,2022
1938,159,1641,4033,2022-03-19,2022
1939,159,129,1506,2022-03-19,2022
1939,159,1506,129,2022-03-19,2022
1940,159,3042,8,2022-03-19,2022
1940,159,8,3042,2022-03-19,2022
1941,159,801,2094,2022-03-19,2022
1941,159,2094,801,2022-03-19,2022
1942,159,3666,4119,2022-03-19,2022
1942,159,4119,3666,2022-03-19,2022
1943,159,3263,2531,2022-03-19,2022
1943,159,2531,3263,2022-03-19,2022
1944,159,2660,1048,2022-03-19,2022
1944,159,1048,2660,2022-03-19,2022
1945,160,155,3532,2022-03-12,2022
1945,160,3532,155,2022-03-12,2022
1946,160,3781,2686,2022-03-12,2022
1946,160,2686,3781,2022-03-12,2022
1947,160,4406,551,2022-03-12,2022
1947,160,551,4406,2022-03-12,2022
1948,160,3420,3338,2022-03-12,2022
1948,160,3338,3420,2022-03-12,2022
1949,160,978,2534,2022-03-12,2022
1949,160,2534,978,2022-03-12,2022
1950,160,3078,3697,2022-03-12,2022
1950,160,3697,3078,2022-03-12,2022
1951,160,3615,1226,2022-03-12,2022
1951,160,1226,3615,2022-03-12,2022
1952,160,65,3350,2022-03-12,2022
1952,160,3350,65,2022-03-12,2022
1953,160,290,1907,2022-03-12,2022
1953,160,1907,290,2022-03-12,2022
1954,160,1818,2041,2022-03-12,2022
1954,160,2041,1818,2022-03-12,2022
1955,160,2486,2495,2022-03-12,2022
1955,160,2495,2486,2022-03-12,2022
1956,160,493,2322,2022-03-12,2022
1956,160,2322,493,2022-03-12,2022
1957,160,586,2724,2022-03-12,2022
1957,160,2724,586,2022-03-12,2022
1958,160,2761,2808,2022-03-12,2022
1958,160,2808,2761,2022-03-12,2022
1959,161,796,2469,2022-03-05,2022
1959,161,2469,796,2022-03-05,2022
1960,161,995,2658,2022-03-05,2022
1960,161,2658,995,2022-03-05,2022
1961,161,2639,265,2022-03-05,2022
1961,161,265,2639,2022-03-05,2022
1962,161,1694,2925,2022-03-05,2022
1962,161,2925,1694,2022-03-05,2022
1963,161,3826,1577,2022-03-05,2022
1963,161,1577,3826,2022-03-05,2022
1964,161,4082,2734,2022-03-05,2022
1964,161,2734,4082,2022-03-05,2022
1965,161,3372,4367,2022-03-05,2022
1965,161,4367,3372,2022-03-05,2022
1966,161,2815,2888,2022-03-05,2022
1966,161,2888,2815,2022-03-05,2022
1967,161,2710,25,2022-03-05,2022
1967,161,25,2710,2022-03-05,2022
1968,161,2886,1989,2022-03-05,2022
1968,161,1989,2886,2022-03-05,2022
1969,161,1090,4091,2022-03-05,2022
1969,161,4091,1090,2022-03-05,2022
1970,161,2047,3756,2022-03-05,2022
1970,161,3756,2047,2022-03-05,2022
1971,161,1825,2919,2022-03-05,2022
1971,161,2919,1825,2022-03-05,2022
1972,162,2385,1486,2022-02-26,2022
1972,162,1486,2385,2022-02-26,2022
1973,162,4080,702,2022-02-26,2022
1973,162,702,4080,2022-02-26,2022
1974,162,553,2026,2022-02-26,2022
1974,162,2026,553,2022-02-26,2022
1975,162,4064,111,2022-02-26,2022
1975,162,111,4064,2022-02-26,2022
1976,162,3109,3364,2022-02-26,2022
1976,162,3364,3109,2022-02-26,2022
1977,162,241,3401,2022-02-26,2022
1977,162,3401,241,2022-02-26,2022
1978,162,2881,3026,2022-02-26,2022
1978,162,3026,2881,2022-02-26,2022
1979,162,2534,4438,2022-02-26,2022
1979,162,4438,2534,2022-02-26,2022
1980,162,2449,3085,2022-02-26,2022
1980,162,3085,2449,2022-02-26,2022
1981,162,444,1382,2022-02-26,2022
1981,162,1382,444,2022-02-26,2022
1982,162,1651,105,2022-02-26,2022
1982,162,105,1651,2022-02-26,2022
1983,163,1675,4215,2022-02-19,2022
1983,163,4215,1675,2022-02-19,2022
1984,163,875,3132,2022-02-19,2022
1984,163,3132,875,2022-02-19,2022
1985,163,3164,300,2022-02-19,2022
1985,163,300,3164,2022-02-19,2022
1986,163,2605,2720,2022-02-19,2022
1986,163,2720,2605,2022-02-19,2022
1987,163,505,3255,2022-02-19,2022
1987,163,3255,505,2022-02-19,2022
1988,163,2943,329,2022-02-19,2022
1988,163,329,2943,2022-02-19,2022
1989,163,1077,710,2022-02-19,2022
1989,163,710,1077,2022-02-19,2022
1990,163,3736,3884,2022-02-19,2022
1990,163,3884,3736,2022-02-19,2022
1991,163,907,317,2022-02-19,2022
1991,163,317,907,2022-02-19,2022
1992,163,153,3878,2022-02-19,2022
1992,163,3878,153,2022-02-19,2022
1993,163,3047,3379,2022-02-19,2022
1993,163,3379,3047,2022-02-19,2022
1994,163,301,3097,2022-02-19,2022
1994,163,3097,301,2022-02-19,2022
1995,164,21,4286,2022-02-12,2022
1995,164,4286,21,2022-02-12,2022
1996,164,4072,2234,2022-02-12,2022
1996,164,2234,4072,2022-02-12,2022
1997,164,587,496,2022-02-12,2022
1997,164,496,587,2022-02-12,2022
1998,164,2658,1648,2022-02-12,2022
1998,164,1648,2658,2022-02-12,2022
1999,164,1486,1569,2022-02-12,2022
1999,164,1569,1486,2022-02-12,2022
2000,164,180,4132,2022-02-12,2022
2000,164,4132,180,2022-02-12,2022
2001,164,2897,2654,2022-02-12,2022
2001,164,2654,2897,2022-02-12,2022
2002,164,3125,3388,2022-02-12,2022
2002,164,3388,3125,2022-02-12,2022
2003,164,4092,672,2022-02-12,2022
2003,164,672,4092,2022-02-12,2022
2004,164,2170,2452,2022-02-12,2022
2004,164,2452,2170,2022-02-12,2022
2005,164,2395,980,2022-02-12,2022
2005,164,980,2395,2022-02-12,2022
2006,164,3711,2711,2022-02-12,2022
2006,164,2711,3711,2022-02-12,2022
2007,164,4269,948,2022-02-12,2022
2007,164,948,4269,2022-02-12,2022
2008,164,1499,2057,2022-02-12,2022
2008,164,2057,1499,2022-02-12,2022
2009,165,3883,1644,2022-02-05,2022
2009,165,1644,3883,2022-02-05,2022
2010,165,2487,3791,2022-02-05,2022
2010,165,3791,2487,2022-02-05,2022
2011,165,3225,1588,2022-02-05,2022
2011,165,1588,3225,2022-02-05,2022
2012,165,87,117,2022-02-05,2022
2012,165,117,87,2022-02-05,2022
2013,165,299,1443,2022-02-05,2022
2013,165,1443,299,2022-02-05,2022
2014,165,1120,3106,2022-02-05,2022
2014,165,3106,1120,2022-02-05,2022
2015,165,633,1867,2022-02-05,2022
2015,165,1867,633,2022-02-05,2022
2016,165,889,4058,2022-02-05,2022
2016,165,4058,889,2022-02-05,2022
2017,165,2854,282,2022-02-05,2022
2017,165,282,2854,2022-02-05,2022
2018,165,885,3866,2022-02-05,2022
2018,165,3866,885,2022-02-05,2022
2019,165,98,2425,2022-02-05,2022
2019,165,2425,98,2022-02-05,2022
2020,165,3424,4322,2022-02-05,2022
2020,165,4322,3424,2022-02-05,2022
2021,165,1442,403,2022-02-05,2022
2021,165,403,1442,2022-02-05,2022
2022,166,2831,1328,2022-01-22,2022
2022,166,1328,2831,2022-01-22,2022
2023,166,1202,2703,2022-01-22,2022
2023,166,2703,1202,2022-01-22,2022
2024,166,3077,1197,2022-01-22,2022
2024,166,1197,3077,2022-01-22,2022
2025,166,2884,3834,2022-01-22,2022
2025,166,3834,2884,2022-01-22,2022
2026,166,2695,1377,2022-01-22,2022
2026,166,1377,2695,2022-01-22,2022
2027,166,1639,266,2022-01-22,2022
2027,166,266,1639,2022-01-22,2022
2028,166,924,3380,2022-01-22,2022
2028,166,3380,924,2022-01-22,2022
2029,166,1480,2928,2022-01-22,2022
2029,166,2928,1480,2022-01-22,2022
2030,166,1280,4113,2022-01-22,2022
2030,166,4113,1280,2022-01-22,2022
2031,166,929,1417,2022-01-22,2022
2031,166,1417,929,2022-01-22,2022
2032,166,1839,1568,2022-01-22,2022
2032,166,1568,1839,2022-01-22,2022
2033,167,1974,677,2022-01-15,2022
2033,167,677,1974,2022-01-15,2022
2034,167,737,3649,2022-01-15,2022
2034,167,3649,737,2022-01-15,2022
2035,167,3428,411,2022-01-15,2022
2035,167,411,3428,2022-01-15,2022
2036,167,651,2380,2022-01-15,2022
2036,167,2380,651,2022-01-15,2022
2037,167,418,533,2022-01-15,2022
2037,167,533,418,2022-01-15,2022
2038,167,77,467,2022-01-15,2022
2038,167,467,77,2022-01-15,2022
2039,167,3132,1701,2022-01-15,2022
2039,167,1701,3132,2022-01-15,2022
2040,167,2521,444,2022-01-15,2022
2040,167,444,2521,2022-01-15,2022
2041,167,1989,810,2022-01-15,2022
2041,167,810,1989,2022-01-15,2022
2042,167,487,3406,2022-01-15,2022
2042,167,3406,487,2022-01-15,2022
2043,168,2234,876,2021-12-18,2021
2043,168,876,2234,2021-12-18,2021
2044,168,2730,4008,2021-12-18,2021
2044,168,4008,2730,2021-12-18,2021
2045,168,2211,1673,2021-12-18,2021
2045,168,1673,2211,2021-12-18,2021
2046,168,3717,209,2021-12-18,2021
2046,168,209,3717,2021-12-18,2021
2047,168,1324,1192,2021-12-18,2021
2047,168,1192,1324,2021-12-18,2021
2048,168,3913,1087,2021-12-18,2021
2048,168,1087,3913,2021-12-18,2021
2049,168,2554,3867,2021-12-18,2021
2049,168,3867,2554,2021-12-18,2021
2050,168,3930,1757,2021-12-18,2021
2050,168,1757,3930,2021-12-18,2021
2051,168,1350,1141,2021-12-18,2021
2051,168,1141,1350,2021-12-18,2021
2052,168,1922,1149,2021-12-18,2021
2052,168,1149,1922,2021-12-18,2021
2053,168,3070,675,2021-12-18,2021
2053,168,675,3070,2021-12-18,2021
2054,168,2491,3008,2021-12-18,2021
2054,168,3008,2491,2021-12-18,2021
2055,168,2180,3570,2021-12-18,2021
2055,168,3570,2180,2021-12-18,2021
2056,169,2922,3154,2021-12-11,2021
2056,169,3154,2922,2021-12-11,2021
2057,169,3059,2878,2021-12-11,2021
2057,169,2878,3059,2021-12-11,2021
2058,169,2812,3160,2021-12-11,2021
2058,169,3160,2812,2021-12-11,2021
2059,169,1963,1333,2021-12-11,2021
2059,169,1333,1963,2021-12-11,2021
2060,169,2894,2986,2021-12-11,2021
2060,169,2986,2894,2021-12-11,2021
2061,169,1104,1769,2021-12-11,2021
2061,169,1769,1104,2021-12-11,2021
2062,169,819,2738,2021-12-11,2021
2062,169,2738,819,2021-12-11,2021
2063,169,4072,3467,2021-12-11,2021
2063,169,3467,4072,2021-12-11,2021
2064,169,3697,4344,2021-12-11,2021
2064,169,4344,3697,2021-12-11,2021
2065,169,2739,134,2021-12-11,2021
2065,169,134,2739,2021-12-11,2021
2066,169,380,2486,2021-12-11,2021
2066,169,2486,380,2021-12-11,2021
2067,169,1549,2620,2021-12-11,2021
2067,169,2620,1549,2021-12-11,2021
2068,169,1991,782,2021-12-11,2021
2068,169,782,1991,2021-12-11,2021
2069,169,3350,553,2021-12-11,2021
2069,169,553,3350,2021-12-11,2021
2070,170,64,1240,2021-12-04,2021
2070,170,1240,64,2021-12-04,2021
2071,170,1224,3308,2021-12-04,2021
2071,170,3308,1224,2021-12-04,2021
2072,170,1675,817,2021-12-04,2021
2072,170,817,1675,2021-12-04,2021
2073,170,1513,3531,2021-12-04,2021
2073,170,3531,1513,2021-12-04,2021
2074,170,841,87,2021-12-04,2021
2074,170,87,841,2021-12-04,2021
2075,170,2709,1314,2021-12-04,2021
2075,170,1314,2709,2021-12-04,2021
2076,170,4023,3150,2021-12-04,2021
2076,170,3150,4023,2021-12-04,2021
2077,170,1961,4437,2021-12-04,2021
2077,170,4437,1961,2021-12-04,2021
2078,170,261,4262,2021-12-04,2021
2078,170,4262,261,2021-12-04,2021
2079,170,4194,2442,2021-12-04,2021
2079,170,2442,4194,2021-12-04,2021
2080,170,2057,2574,2021-12-04,2021
2080,170,2574,2057,2021-12-04,2021
2081,170,3191,1504,2021-12-04,2021
2081,170,1504,3191,2021-12-04,2021
2082,170,2693,3765,2021-12-04,2021
2082,170,3765,2693,2021-12-04,2021
2083,171,4177,3961,2021-11-20,2021
2083,171,3961,4177,2021-11-20,2021
2084,171,442,676,2021-11-20,2021
2084,171,676,442,2021-11-20,2021
2085,171,3537,4330,2021-11-20,2021
2085,171,4330,3537,2021-11-20,2021
2086,171,4354,1960,2021-11-20,2021
2086,171,1960,4354,2021-11-20,2021
2087,171,4371,1477,2021-11-20,2021
2087,171,1477,4371,2021-11-20,2021
2088,171,3451,2328,2021-11-20,2021
2088,171,2328,3451,2021-11-20,2021
2089,171,1341,2232,2021-11-20,2021
2089,171,2232,1341,2021-11-20,2021
2090,171,1399,2284,2021-11-20,2021
2090,171,2284,1399,2021-11-20,2021
2091,171,1048,164,2021-11-20,2021
2091,171,164,1048,2021-11-20,2021
2092,171,2875,3790,2021-11-20,2021
2092,171,3790,2875,2021-11-20,2021
2093,171,3147,1751,2021-11-20,2021
2093,171,1751,3147,2021-11-20,2021
2094,172,1696,3370,2021-11-13,2021
2094,172,3370,1696,2021-11-13,2021
2095,172,3383,3418,2021-11-13,2021
2095,172,3418,3383,2021-11-13,2021
2096,172,3819,2227,2021-11-13,2021
2096,172,2227,3819,2021-11-13,2021
2097,172,4306,236,2021-11-13,2021
2097,172,236,4306,2021-11-13,2021
2098,172,3781,172,2021-11-13,2021
2098,172,172,3781,2021-11-13,2021
2099,172,111,2659,2021-11-13,2021
2099,172,2659,111,2021-11-13,2021
2100,172,2198,561,2021-11-13,2021
2100,172,561,2198,2021-11-13,2021
2101,172,4336,152,2021-11-13,2021
2101,172,152,4336,2021-11-13,2021
2102,172,628,1889,2021-11-13,2021
2102,172,1889,628,2021-11-13,2021
2103,172,116,946,2021-11-13,2021
2103,172,946,116,2021-11-13,2021
2104,172,1937,2888,2021-11-13,2021
2104,172,2888,1937,2021-11-13,2021
2105,173,4106,796,2021-11-06,2021
2105,173,796,4106,2021-11-06,2021
2106,173,2792,4428,2021-11-06,2021
2106,173,4428,2792,2021-11-06,2021
2107,173,4158,1067,2021-11-06,2021
2107,173,1067,4158,2021-11-06,2021
2108,173,519,3206,2021-11-06,2021
2108,173,3206,519,2021-11-06,2021
2109,173,1306,659,2021-11-06,2021
2109,173,659,1306,2021-11-06,2021
2110,173,3078,2590,2021-11-06,2021
2110,173,2590,3078,2021-11-06,2021
2111,173,1486,1765,2021-11-06,2021
2111,173,1765,1486,2021-11-06,2021
2112,173,841,1604,2021-11-06,2021
2112,173,1604,841,2021-11-06,2021
2113,173,1778,3636,2021-11-06,2021
2113,173,3636,1778,2021-11-06,2021
2114,173,2344,4304,2021-11-06,2021
2114,173,4304,2344,2021-11-06,2021
2115,173,274,4182,2021-11-06,2021
2115,173,4182,274,2021-11-06,2021
2116,173,1825,84,2021-11-06,2021
2116,173,84,1825,2021-11-06,2021
2117,173,239,3808,2021-11-06,2021
2117,173,3808,239,2021-11-06,2021
2118,173,2953,4164,2021-11-06,2021
2118,173,4164,2953,2021-11-06,2021
2119,174,3978,372,2021-10-30,2021
2119,174,372,3978,2021-10-30,2021
2120,174,4368,3506,2021-10-30,2021
2120,174,3506,4368,2021-10-30,2021
2121,174,2385,1717,2021-10-30,2021
2121,174,1717,2385,2021-10-30,2021
2122,174,4200,4084,2021-10-30,2021
2122,174,4084,4200,2021-10-30,2021
2123,174,678,2239,2021-10-30,2021
2123,174,2239,678,2021-10-30,2021
2124,174,155,2904,2021-10-30,2021
2124,174,2904,155,2021-10-30,2021
2125,174,3293,1828,2021-10-30,2021
2125,174,1828,3293,2021-10-30,2021
2126,174,4073,3239,2021-10-30,2021
2126,174,3239,4073,2021-10-30,2021
2127,174,1046,2075,2021-10-30,2021
2127,174,2075,1046,2021-10-30,2021
2128,174,4413,3463,2021-10-30,2021
2128,174,3463,4413,2021-10-30,2021
2129,174,2919,1325,2021-10-30,2021
2129,174,1325,2919,2021-10-30,2021
2130,174,2757,129,2021-10-30,2021
2130,174,129,2757,2021-10-30,2021
2131,174,3108,1738,2021-10-30,2021
2131,174,1738,3108,2021-10-30,2021
2132,174,4091,2797,2021-10-30,2021
2132,174,2797,4091,2021-10-30,2021
2133,175,4167,781,2021-10-23,2021
2133,175,781,4167,2021-10-23,2021
2135,175,710,1075,2021-10-23,2021
2135,175,1075,710,2021-10-23,2021
2136,175,551,683,2021-10-23,2021
2136,175,683,551,2021-10-23,2021
2137,175,4056,1478,2021-10-23,2021
2137,175,1478,4056,2021-10-23,2021
2138,175,2815,4183,2021-10-23,2021
2138,175,4183,2815,2021-10-23,2021
2139,175,3364,3011,2021-10-23,2021
2139,175,3011,3364,2021-10-23,2021
2140,175,1908,2943,2021-10-23,2021
2140,175,2943,1908,2021-10-23,2021
2141,175,3301,2926,2021-10-23,2021
2141,175,2926,3301,2021-10-23,2021
2142,175,3132,3842,2021-10-23,2021
2142,175,3842,3132,2021-10-23,2021
2143,175,1641,4339,2021-10-23,2021
2143,175,4339,1641,2021-10-23,2021
2144,175,2664,2124,2021-10-23,2021
2144,175,2124,2664,2021-10-23,2021
2145,175,2421,3807,2021-10-23,2021
2145,175,3807,2421,2021-10-23,2021
2146,175,2449,2174,2021-10-23,2021
2146,175,2174,2449,2021-10-23,2021
2147,176,1040,2127,2021-10-16,2021
2147,176,2127,1040,2021-10-16,2021
2148,176,180,1175,2021-10-16,2021
2148,176,1175,180,2021-10-16,2021
2149,176,2605,1431,2021-10-16,2021
2149,176,1431,2605,2021-10-16,2021
2150,176,1217,511,2021-10-16,2021
2150,176,511,1217,2021-10-16,2021
2151,176,2140,2047,2021-10-16,2021
2151,176,2047,2140,2021-10-16,2021
2152,176,3697,3501,2021-10-16,2021
2152,176,3501,3697,2021-10-16,2021
2153,176,3347,1099,2021-10-16,2021
2153,176,1099,3347,2021-10-16,2021
2154,176,611,1399,2021-10-16,2021
2154,176,1399,611,2021-10-16,2021
2155,176,861,887,2021-10-16,2021
2155,176,887,861,2021-10-16,2021
2156,176,610,2880,2021-10-16,2021
2156,176,2880,610,2021-10-16,2021
2157,177,3372,935,2021-10-09,2021
2157,177,935,3372,2021-10-09,2021
2158,177,485,1435,2021-10-09,2021
2158,177,1435,485,2021-10-09,2021
2159,177,2838,1090,2021-10-09,2021
2159,177,1090,2838,2021-10-09,2021
2160,177,25,2495,2021-10-09,2021
2160,177,2495,25,2021-10-09,2021
2161,177,1532,727,2021-10-09,2021
2161,177,727,1532,2021-10-09,2021
2162,177,3392,4132,2021-10-09,2021
2162,177,4132,3392,2021-10-09,2021
2163,177,1818,3406,2021-10-09,2021
2163,177,3406,1818,2021-10-09,2021
2164,177,1399,1417,2021-10-09,2021
2164,177,1417,1399,2021-10-09,2021
2165,177,1339,2944,2021-10-09,2021
2165,177,2944,1339,2021-10-09,2021
2166,178,3532,4215,2021-10-02,2021
2166,178,4215,3532,2021-10-02,2021
2168,178,3182,2925,2021-10-02,2021
2168,178,2925,3182,2021-10-02,2021
2169,178,1920,702,2021-10-02,2021
2169,178,702,1920,2021-10-02,2021
2170,178,1648,454,2021-10-02,2021
2170,178,454,1648,2021-10-02,2021
2171,178,1440,3776,2021-10-02,2021
2171,178,3776,1440,2021-10-02,2021
2172,178,2897,3651,2021-10-02,2021
2172,178,3651,2897,2021-10-02,2021
2173,178,3407,770,2021-10-02,2021
2173,178,770,3407,2021-10-02,2021
2174,178,2734,3756,2021-10-02,2021
2174,178,3756,2734,2021-10-02,2021
2175,178,3711,3149,2021-10-02,2021
2175,178,3149,3711,2021-10-02,2021
2176,178,1077,4401,2021-10-02,2021
2176,178,4401,1077,2021-10-02,2021
2177,178,3085,1069,2021-10-02,2021
2177,178,1069,3085,2021-10-02,2021
2178,179,4198,2948,2021-09-25,2021
2178,179,2948,4198,2021-09-25,2021
2179,179,3650,2755,2021-09-25,2021
2179,179,2755,3650,2021-09-25,2021
2180,179,2166,955,2021-09-25,2021
2180,179,955,2166,2021-09-25,2021
2181,179,383,3429,2021-09-25,2021
2181,179,3429,383,2021-09-25,2021
2182,179,144,561,2021-09-25,2021
2182,179,561,144,2021-09-25,2021
2183,179,1052,2686,2021-09-25,2021
2183,179,2686,1052,2021-09-25,2021
2184,179,1717,1569,2021-09-25,2021
2184,179,1569,1717,2021-09-25,2021
2185,179,876,8,2021-09-25,2021
2185,179,8,876,2021-09-25,2021
2186,179,3537,2654,2021-09-25,2021
2186,179,2654,3537,2021-09-25,2021
2187,179,4082,2549,2021-09-25,2021
2187,179,2549,4082,2021-09-25,2021
2188,179,2487,493,2021-09-25,2021
2188,179,493,2487,2021-09-25,2021
2189,179,3615,3514,2021-09-25,2021
2189,179,3514,3615,2021-09-25,2021
2190,179,3047,2694,2021-09-25,2021
2190,179,2694,3047,2021-09-25,2021
2191,180,3752,3814,2021-09-18,2021
2191,180,3814,3752,2021-09-18,2021
2192,180,842,709,2021-09-18,2021
2192,180,709,842,2021-09-18,2021
2193,180,847,399,2021-09-18,2021
2193,180,399,847,2021-09-18,2021
2194,180,4064,1365,2021-09-18,2021
2194,180,1365,4064,2021-09-18,2021
2195,180,2400,1480,2021-09-18,2021
2195,180,1480,2400,2021-09-18,2021
2196,180,505,189,2021-09-18,2021
2196,180,189,505,2021-09-18,2021
2197,180,2808,3371,2021-09-18,2021
2197,180,3371,2808,2021-09-18,2021
2198,180,3070,2014,2021-09-18,2021
2198,180,2014,3070,2021-09-18,2021
2199,180,3401,1848,2021-09-18,2021
2199,180,1848,3401,2021-09-18,2021
2200,180,1822,543,2021-09-18,2021
2200,180,543,1822,2021-09-18,2021
2201,180,380,102,2021-09-18,2021
2201,180,102,380,2021-09-18,2021
2202,180,1588,1967,2021-09-18,2021
2202,180,1967,1588,2021-09-18,2021
2204,180,1405,4285,2021-09-18,2021
2204,180,4285,1405,2021-09-18,2021
2205,181,496,4016,2021-09-04,2021
2205,181,4016,496,2021-09-04,2021
2206,181,205,3826,2021-09-04,2021
2206,181,3826,205,2021-09-04,2021
2207,181,2709,4417,2021-09-04,2021
2207,181,4417,2709,2021-09-04,2021
2208,181,3420,514,2021-09-04,2021
2208,181,514,3420,2021-09-04,2021
2209,181,3142,4153,2021-09-04,2021
2209,181,4153,3142,2021-09-04,2021
2210,181,2501,2026,2021-09-04,2021
2210,181,2026,2501,2021-09-04,2021
2211,181,3666,3665,2021-09-04,2021
2211,181,3665,3666,2021-09-04,2021
2212,181,1120,1922,2021-09-04,2021
2212,181,1922,1120,2021-09-04,2021
2213,181,282,2322,2021-09-04,2021
2213,181,2322,282,2021-09-04,2021
2214,182,677,265,2021-08-28,2021
2214,182,265,677,2021-08-28,2021
2215,182,299,4101,2021-08-28,2021
2215,182,4101,299,2021-08-28,2021
2216,182,4078,1666,2021-08-28,2021
2216,182,1666,4078,2021-08-28,2021
2217,182,3373,2196,2021-08-28,2021
2217,182,2196,3373,2021-08-28,2021
2218,182,3108,1382,2021-08-28,2021
2218,182,1382,3108,2021-08-28,2021
2219,182,2554,2745,2021-08-28,2021
2219,182,2745,2554,2021-08-28,2021
2220,182,3255,942,2021-08-28,2021
2220,182,942,3255,2021-08-28,2021
2221,182,4080,117,2021-08-28,2021
2221,182,117,4080,2021-08-28,2021
2222,182,1825,3858,2021-08-28,2021
2222,182,3858,1825,2021-08-28,2021
2223,182,65,929,2021-08-28,2021
2223,182,929,65,2021-08-28,2021
2224,182,3451,1103,2021-08-28,2021
2224,182,1103,3451,2021-08-28,2021
2225,182,2452,586,2021-08-28,2021
2225,182,586,2452,2021-08-28,2021
2226,183,587,1348,2021-08-21,2021
2226,183,1348,587,2021-08-21,2021
2227,183,2354,1513,2021-08-21,2021
2227,183,1513,2354,2021-08-21,2021
2228,183,3164,3649,2021-08-21,2021
2228,183,3649,3164,2021-08-21,2021
2229,183,1946,1907,2021-08-21,2021
2229,183,1907,1946,2021-08-21,2021
2230,183,3130,1743,2021-08-21,2021
2230,183,1743,3130,2021-08-21,2021
2231,183,3001,3428,2021-08-21,2021
2231,183,3428,3001,2021-08-21,2021
2232,183,2263,3477,2021-08-21,2021
2232,183,3477,2263,2021-08-21,2021
2233,183,1989,3141,2021-08-21,2021
2233,183,3141,1989,2021-08-21,2021
2234,183,2881,2392,2021-08-21,2021
2234,183,2392,2881,2021-08-21,2021
2235,183,2057,672,2021-08-21,2021
2235,183,672,2057,2021-08-21,2021
2236,183,241,3348,2021-08-21,2021
2236,183,3348,241,2021-08-21,2021
2237,183,444,2993,2021-08-21,2021
2237,183,2993,444,2021-08-21,2021
2238,184,1328,2234,2021-08-07,2021
2238,184,2234,1328,2021-08-07,2021
2239,184,64,2738,2021-08-07,2021
2239,184,2738,64,2021-08-07,2021
2240,184,2324,676,2021-08-07,2021
2240,184,676,2324,2021-08-07,2021
2241,184,3071,1673,2021-08-07,2021
2241,184,1673,3071,2021-08-07,2021
2242,184,3781,1999,2021-08-07,2021
2242,184,1999,3781,2021-08-07,2021
2243,184,1224,1486,2021-08-07,2021
2243,184,1486,1224,2021-08-07,2021
2244,184,2693,3376,2021-08-07,2021
2244,184,3376,2693,2021-08-07,2021
2245,184,2574,1642,2021-08-07,2021
2245,184,1642,2574,2021-08-07,2021
2246,184,3067,2086,2021-08-07,2021
2246,184,2086,3067,2021-08-07,2021
2247,184,1961,2953,2021-08-07,2021
2247,184,2953,1961,2021-08-07,2021
2248,184,1867,999,2021-08-07,2021
2248,184,999,1867,2021-08-07,2021
2249,184,1350,2218,2021-08-07,2021
2249,184,2218,1350,2021-08-07,2021
2250,184,2742,3716,2021-08-07,2021
2250,184,3716,2742,2021-08-07,2021
2251,185,3883,1548,2021-07-31,2021
2251,185,1548,3883,2021-07-31,2021
2252,185,4194,907,2021-07-31,2021
2252,185,907,4194,2021-07-31,2021
2253,185,1435,3868,2021-07-31,2021
2253,185,3868,1435,2021-07-31,2021
2254,185,239,152,2021-07-31,2021
2254,185,152,239,2021-07-31,2021
2255,185,4322,261,2021-07-31,2021
2255,185,261,4322,2021-07-31,2021
2256,185,1504,1341,2021-07-31,2021
2256,185,1341,1504,2021-07-31,2021
2258,185,1281,4384,2021-07-31,2021
2258,185,4384,1281,2021-07-31,2021
2259,185,20,336,2021-07-31,2021
2259,185,336,20,2021-07-31,2021
2260,185,3424,777,2021-07-31,2021
2260,185,777,3424,2021-07-31,2021
2261,186,966,3506,2021-07-24,2021
2261,186,3506,966,2021-07-24,2021
2262,186,2986,3125,2021-07-24,2021
2262,186,3125,2986,2021-07-24,2021
2263,186,1087,2620,2021-07-24,2021
2263,186,2620,1087,2021-07-24,2021
2264,186,260,2486,2021-07-24,2021
2264,186,2486,260,2021-07-24,2021
2265,186,4371,782,2021-07-24,2021
2265,186,782,4371,2021-07-24,2021
2266,186,87,3791,2021-07-24,2021
2266,186,3791,87,2021-07-24,2021
2267,186,1778,1623,2021-07-24,2021
2267,186,1623,1778,2021-07-24,2021
2268,186,1314,4304,2021-07-24,2021
2268,186,4304,1314,2021-07-24,2021
2269,186,172,1149,2021-07-24,2021
2269,186,1149,172,2021-07-24,2021
2270,186,1141,3263,2021-07-24,2021
2270,186,3263,1141,2021-07-24,2021
2271,186,317,1405,2021-07-24,2021
2271,186,1405,317,2021-07-24,2021
2272,187,2385,2659,2021-07-17,2021
2272,187,2659,2385,2021-07-17,2021
2273,187,3961,3279,2021-07-17,2021
2273,187,3279,3961,2021-07-17,2021
2274,187,1324,3852,2021-07-17,2021
2274,187,3852,1324,2021-07-17,2021
2275,187,4178,3867,2021-07-17,2021
2275,187,3867,4178,2021-07-17,2021
2276,187,3206,329,2021-07-17,2021
2276,187,329,3206,2021-07-17,2021
2277,187,3373,3023,2021-07-17,2021
2277,187,3023,3373,2021-07-17,2021
2278,187,2211,3441,2021-07-17,2021
2278,187,3441,2211,2021-07-17,2021
2279,187,2711,3932,2021-07-17,2021
2279,187,3932,2711,2021-07-17,2021
2280,187,1442,1203,2021-07-17,2021
2280,187,1203,1442,2021-07-17,2021
2282,188,3154,2526,2021-07-10,2021
2282,188,2526,3154,2021-07-10,2021
2283,188,525,4008,2021-07-10,2021
2283,188,4008,525,2021-07-10,2021
2284,188,4072,1577,2021-07-10,2021
2284,188,1577,4072,2021-07-10,2021
2285,188,61,3536,2021-07-10,2021
2285,188,3536,61,2021-07-10,2021
2286,188,2894,2724,2021-07-10,2021
2286,188,2724,2894,2021-07-10,2021
2287,188,1493,743,2021-07-10,2021
2287,188,743,1493,2021-07-10,2021
2288,188,3077,3182,2021-07-10,2021
2288,188,3182,3077,2021-07-10,2021
2289,188,4033,1549,2021-07-10,2021
2289,188,1549,4033,2021-07-10,2021
2290,188,1021,1377,2021-07-10,2021
2290,188,1377,1021,2021-07-10,2021
2291,188,2380,1154,2021-07-10,2021
2291,188,1154,2380,2021-07-10,2021
2292,188,3966,40,2021-07-10,2021
2292,188,40,3966,2021-07-10,2021
2293,188,4437,3332,2021-07-10,2021
2293,188,3332,4437,2021-07-10,2021
2294,189,1328,4200,2021-06-26,2021
2294,189,4200,1328,2021-06-26,2021
2295,189,419,3464,2021-06-26,2021
2295,189,3464,419,2021-06-26,2021
2296,189,4119,266,2021-06-26,2021
2296,189,266,4119,2021-06-26,2021
2298,189,2544,852,2021-06-26,2021
2298,189,852,2544,2021-06-26,2021
2299,189,2658,1641,2021-06-26,2021
2299,189,1641,2658,2021-06-26,2021
2300,189,2888,2425,2021-06-26,2021
2300,189,2425,2888,2021-06-26,2021
2301,189,3225,3177,2021-06-26,2021
2301,189,3177,3225,2021-06-26,2021
2302,189,4269,115,2021-06-26,2021
2302,189,115,4269,2021-06-26,2021
2303,189,3170,4183,2021-06-26,2021
2303,189,4183,3170,2021-06-26,2021
2304,189,222,3866,2021-06-26,2021
2304,189,3866,222,2021-06-26,2021
2305,189,3406,1842,2021-06-26,2021
2305,189,1842,3406,2021-06-26,2021
2306,189,1540,2545,2021-06-26,2021
2306,189,2545,1540,2021-06-26,2021
2307,190,1935,1769,2021-06-19,2021
2307,190,1769,1935,2021-06-19,2021
2308,190,3826,2918,2021-06-19,2021
2308,190,2918,3826,2021-06-19,2021
2309,190,4158,1477,2021-06-19,2021
2309,190,1477,4158,2021-06-19,2021
2310,190,683,1120,2021-06-19,2021
2310,190,1120,683,2021-06-19,2021
2311,190,3697,4080,2021-06-19,2021
2311,190,4080,3697,2021-06-19,2021
2312,190,478,2253,2021-06-19,2021
2312,190,2253,478,2021-06-19,2021
2313,190,2815,580,2021-06-19,2021
2313,190,580,2815,2021-06-19,2021
2314,190,1828,2748,2021-06-19,2021
2314,190,2748,1828,2021-06-19,2021
2315,190,4306,3615,2021-06-19,2021
2315,190,3615,4306,2021-06-19,2021
2316,190,3008,2454,2021-06-19,2021
2316,190,2454,3008,2021-06-19,2021
2317,190,1395,3693,2021-06-19,2021
2317,190,3693,1395,2021-06-19,2021
2318,190,2897,3186,2021-06-19,2021
2318,190,3186,2897,2021-06-19,2021
2319,191,21,4167,2021-06-12,2021
2319,191,4167,21,2021-06-12,2021
2320,191,2703,1202,2021-06-12,2021
2320,191,1202,2703,2021-06-12,2021
2321,191,1072,956,2021-06-12,2021
2321,191,956,1072,2021-06-12,2021
2322,191,2730,2379,2021-06-12,2021
2322,191,2379,2730,2021-06-12,2021
2323,191,801,1675,2021-06-12,2021
2323,191,1675,801,2021-06-12,2021
2324,191,3308,978,2021-06-12,2021
2324,191,978,3308,2021-06-12,2021
2325,191,134,3858,2021-06-12,2021
2325,191,3858,134,2021-06-12,2021
2326,191,2755,4330,2021-06-12,2021
2326,191,4330,2755,2021-06-12,2021
2327,191,1148,889,2021-06-12,2021
2327,191,889,1148,2021-06-12,2021
2328,191,2014,885,2021-06-12,2021
2328,191,885,2014,2021-06-12,2021
2329,191,2534,1280,2021-06-12,2021
2329,191,1280,2534,2021-06-12,2021
2330,191,3106,1718,2021-06-12,2021
2330,191,1718,3106,2021-06-12,2021
2331,191,4438,4153,2021-06-12,2021
2331,191,4153,4438,2021-06-12,2021
2332,191,1175,737,2021-06-12,2021
2332,191,737,1175,2021-06-12,2021
2333,192,3429,3467,2021-06-05,2021
2333,192,3467,3429,2021-06-05,2021
2334,192,4084,1585,2021-06-05,2021
2334,192,1585,4084,2021-06-05,2021
2335,192,985,3842,2021-06-05,2021
2335,192,3842,985,2021-06-05,2021
2336,192,3160,236,2021-06-05,2021
2336,192,236,3160,2021-06-05,2021
2337,192,3364,4023,2021-06-05,2021
2337,192,4023,3364,2021-06-05,2021
2338,192,898,847,2021-06-05,2021
2338,192,847,898,2021-06-05,2021
2339,192,2156,419,2021-06-05,2021
2339,192,419,2156,2021-06-05,2021
2340,192,3479,4056,2021-06-05,2021
2340,192,4056,3479,2021-06-05,2021
2341,192,2041,129,2021-06-05,2021
2341,192,129,2041,2021-06-05,2021
2343,192,1217,3301,2021-06-05,2021
2343,192,3301,1217,2021-06-05,2021
2344,192,4336,4412,2021-06-05,2021
2344,192,4412,4336,2021-06-05,2021
2345,192,3191,2180,2021-06-05,2021
2345,192,2180,3191,2021-06-05,2021
2346,193,1240,1333,2021-05-22,2021
2346,193,1333,1240,2021-05-22,2021
2347,193,1131,4367,2021-05-22,2021
2347,193,4367,1131,2021-05-22,2021
2348,193,4132,3930,2021-05-22,2021
2348,193,3930,4132,2021-05-22,2021
2349,193,1040,3819,2021-05-22,2021
2349,193,3819,1040,2021-05-22,2021
2350,193,3239,77,2021-05-22,2021
2350,193,77,3239,2021-05-22,2021
2351,193,1644,3636,2021-05-22,2021
2351,193,3636,1644,2021-05-22,2021
2352,193,3418,274,2021-05-22,2021
2352,193,274,3418,2021-05-22,2021
2353,193,2521,3690,2021-05-22,2021
2353,193,3690,2521,2021-05-22,2021
2354,193,3697,3377,2021-05-22,2021
2354,193,3377,3697,2021-05-22,2021
2355,193,824,2875,2021-05-22,2021
2355,193,2875,824,2021-05-22,2021
2356,193,1053,3400,2021-05-22,2021
2356,193,3400,1053,2021-05-22,2021
2357,193,1801,116,2021-05-22,2021
2357,193,116,1801,2021-05-22,2021
2358,194,2922,659,2021-05-15,2021
2358,194,659,2922,2021-05-15,2021
2359,194,873,1181,2021-05-15,2021
2359,194,1181,873,2021-05-15,2021
2361,194,651,171,2021-05-15,2021
2361,194,171,651,2021-05-15,2021
2362,194,265,519,2021-05-15,2021
2362,194,519,265,2021-05-15,2021
2363,194,2739,3805,2021-05-15,2021
2363,194,3805,2739,2021-05-15,2021
2364,194,4134,1506,2021-05-15,2021
2364,194,1506,4134,2021-05-15,2021
2365,194,4344,3132,2021-05-15,2021
2365,194,3132,4344,2021-05-15,2021
2366,194,2198,3651,2021-05-15,2021
2366,194,3651,2198,2021-05-15,2021
2367,194,553,2494,2021-05-15,2021
2367,194,2494,553,2021-05-15,2021
2368,194,2328,31,2021-05-15,2021
2368,194,31,2328,2021-05-15,2021
2369,194,1365,3790,2021-05-15,2021
2369,194,3790,1365,2021-05-15,2021
2370,195,3372,4250,2021-05-08,2021
2370,195,4250,3372,2021-05-08,2021
2371,195,2709,653,2021-05-08,2021
2371,195,653,2709,2021-05-08,2021
2372,195,2364,2812,2021-05-08,2021
2372,195,2812,2364,2021-05-08,2021
2373,195,3383,1489,2021-05-08,2021
2373,195,1489,3383,2021-05-08,2021
2374,195,1380,1192,2021-05-08,2021
2374,195,1192,1380,2021-05-08,2021
2375,195,1604,875,2021-05-08,2021
2375,195,875,1604,2021-05-08,2021
2376,195,4058,2047,2021-05-08,2021
2376,195,2047,4058,2021-05-08,2021
2377,195,3011,2808,2021-05-08,2021
2377,195,2808,3011,2021-05-08,2021
2378,195,1588,33,2021-05-08,2021
2378,195,33,1588,2021-05-08,2021
2379,196,3185,3284,2021-05-01,2021
2379,196,3284,3185,2021-05-01,2021
2380,196,677,3913,2021-05-01,2021
2380,196,3913,677,2021-05-01,2021
2382,196,3883,1920,2021-05-01,2021
2382,196,1920,3883,2021-05-01,2021
2383,196,1052,3834,2021-05-01,2021
2383,196,3834,1052,2021-05-01,2021
2384,196,3147,2421,2021-05-01,2021
2384,196,2421,3147,2021-05-01,2021
2385,196,487,1949,2021-05-01,2021
2385,196,1949,487,2021-05-01,2021
2386,196,611,423,2021-05-01,2021
2386,196,423,611,2021-05-01,2021
2387,196,2284,1751,2021-05-01,2021
2387,196,1751,2284,2021-05-01,2021
2388,196,2590,357,2021-05-01,2021
2388,196,357,2590,2021-05-01,2021
2389,196,727,3504,2021-05-01,2021
2389,196,3504,727,2021-05-01,2021
2390,197,4106,2469,2021-04-24,2021
2390,197,2469,4106,2021-04-24,2021
2391,197,2792,4428,2021-04-24,2021
2391,197,4428,2792,2021-04-24,2021
2392,197,3650,144,2021-04-24,2021
2392,197,144,3650,2021-04-24,2021
2393,197,1548,4265,2021-04-24,2021
2393,197,4265,1548,2021-04-24,2021
2394,197,3752,817,2021-04-24,2021
2394,197,817,3752,2021-04-24,2021
2395,197,485,2925,2021-04-24,2021
2395,197,2925,485,2021-04-24,2021
2396,197,1478,3613,2021-04-24,2021
2396,197,3613,1478,2021-04-24,2021
2397,197,87,3338,2021-04-24,2021
2397,197,3338,87,2021-04-24,2021
2398,197,3451,746,2021-04-24,2021
2398,197,746,3451,2021-04-24,2021
2399,197,861,2804,2021-04-24,2021
2399,197,2804,861,2021-04-24,2021
2400,197,4137,3401,2021-04-24,2021
2400,197,3401,4137,2021-04-24,2021
2401,197,2664,164,2021-04-24,2021
2401,197,164,2664,2021-04-24,2021
2402,197,610,2241,2021-04-24,2021
2402,197,2241,610,2021-04-24,2021
2403,198,4286,1348,2021-04-17,2021
2403,198,1348,4286,2021-04-17,2021
2404,198,180,3649,2021-04-17,2021
2404,198,3649,180,2021-04-17,2021
2405,198,2395,3255,2021-04-17,2021
2405,198,3255,2395,2021-04-17,2021
2406,198,773,2043,2021-04-17,2021
2406,198,2043,773,2021-04-17,2021
2407,198,3060,2741,2021-04-17,2021
2407,198,2741,3060,2021-04-17,2021
2408,198,3392,1132,2021-04-17,2021
2408,198,1132,3392,2021-04-17,2021
2409,198,3067,1399,2021-04-17,2021
2409,198,1399,3067,2021-04-17,2021
2410,198,2554,1159,2021-04-17,2021
2410,198,1159,2554,2021-04-17,2021
2411,198,1743,533,2021-04-17,2021
2411,198,533,1743,2021-04-17,2021
2412,198,1480,364,2021-04-17,2021
2412,198,364,1480,2021-04-17,2021
2413,199,4167,1694,2021-04-10,2021
2413,199,1694,4167,2021-04-10,2021
2414,199,86,4406,2021-04-10,2021
2414,199,4406,86,2021-04-10,2021
2415,199,2426,117,2021-04-10,2021
2415,199,117,2426,2021-04-10,2021
2416,199,935,2879,2021-04-10,2021
2416,199,2879,935,2021-04-10,2021
2417,199,3373,3098,2021-04-10,2021
2417,199,3098,3373,2021-04-10,2021
2418,199,3776,2605,2021-04-10,2021
2418,199,2605,3776,2021-04-10,2021
2419,199,1324,1707,2021-04-10,2021
2419,199,1707,1324,2021-04-10,2021
2420,199,2384,241,2021-04-10,2021
2420,199,241,2384,2021-04-10,2021
2421,199,864,894,2021-04-10,2021
2421,199,894,864,2021-04-10,2021
2422,199,3666,230,2021-04-10,2021
2422,199,230,3666,2021-04-10,2021
2423,199,3477,1494,2021-04-10,2021
2423,199,1494,3477,2021-04-10,2021
2424,199,1937,2057,2021-04-10,2021
2424,199,2057,1937,2021-04-10,2021
2425,199,1967,2993,2021-04-10,2021
2425,199,2993,1967,2021-04-10,2021
2426,200,2831,2624,2021-03-27,2021
2426,200,2624,2831,2021-03-27,2021
2427,200,2324,4333,2021-03-27,2021
2427,200,4333,2324,2021-03-27,2021
2428,200,2894,95,2021-03-27,2021
2428,200,95,2894,2021-03-27,2021
2429,200,2486,3350,2021-03-27,2021
2429,200,3350,2486,2021-03-27,2021
2430,200,2734,4339,2021-03-27,2021
2430,200,4339,2734,2021-03-27,2021
2431,200,2574,672,2021-03-27,2021
2431,200,672,2574,2021-03-27,2021
2432,200,2885,1435,2021-03-27,2021
2432,200,1435,2885,2021-03-27,2021
2433,200,2919,514,2021-03-27,2021
2433,200,514,2919,2021-03-27,2021
2434,200,2694,4400,2021-03-27,2021
2434,200,4400,2694,2021-03-27,2021
2435,200,282,226,2021-03-27,2021
2435,200,226,282,2021-03-27,2021
2436,201,496,1694,2021-03-20,2021
2436,201,1694,496,2021-03-20,2021
2437,201,1493,3780,2021-03-20,2021
2437,201,3780,1493,2021-03-20,2021
2438,201,3441,4194,2021-03-20,2021
2438,201,4194,3441,2021-03-20,2021
2439,201,4371,2298,2021-03-20,2021
2439,201,2298,4371,2021-03-20,2021
2440,201,4072,1757,2021-03-20,2021
2440,201,1757,4072,2021-03-20,2021
2441,201,675,3279,2021-03-20,2021
2441,201,3279,675,2021-03-20,2021
2442,201,890,3531,2021-03-20,2021
2442,201,3531,890,2021-03-20,2021
2443,201,1377,985,2021-03-20,2021
2443,201,985,1377,2021-03-20,2021
2444,201,1822,3878,2021-03-20,2021
2444,201,3878,1822,2021-03-20,2021
2445,201,3697,543,2021-03-20,2021
2445,201,543,3697,2021-03-20,2021
2447,202,3814,702,2021-03-13,2021
2447,202,702,3814,2021-03-13,2021
2448,202,1769,4068,2021-03-13,2021
2448,202,4068,1769,2021-03-13,2021
2449,202,1477,2449,2021-03-13,2021
2449,202,2449,1477,2021-03-13,2021
2450,202,2838,1961,2021-03-13,2021
2450,202,1961,2838,2021-03-13,2021
2452,202,1673,4384,2021-03-13,2021
2452,202,4384,1673,2021-03-13,2021
2453,202,1922,3388,2021-03-13,2021
2453,202,3388,1922,2021-03-13,2021
2454,202,4354,3374,2021-03-13,2021
2454,202,3374,4354,2021-03-13,2021
2455,202,1569,1341,2021-03-13,2021
2455,202,1341,1569,2021-03-13,2021
2456,202,65,628,2021-03-13,2021
2456,202,628,65,2021-03-13,2021
2457,202,1281,907,2021-03-13,2021
2457,202,907,1281,2021-03-13,2021
2458,202,3615,4322,2021-03-13,2021
2458,202,4322,3615,2021-03-13,2021
2459,203,372,21,2021-03-06,2021
2459,203,21,372,2021-03-06,2021
2460,203,2878,140,2021-03-06,2021
2460,203,140,2878,2021-03-06,2021
2461,203,3853,4368,2021-03-06,2021
2461,203,4368,3853,2021-03-06,2021
2462,203,2385,978,2021-03-06,2021
2462,203,978,2385,2021-03-06,2021
2463,203,3227,3532,2021-03-06,2021
2463,203,3532,3227,2021-03-06,2021
2464,203,819,1999,2021-03-06,2021
2464,203,1999,819,2021-03-06,2021
2465,203,3125,3781,2021-03-06,2021
2465,203,3781,3125,2021-03-06,2021
2466,203,199,325,2021-03-06,2021
2466,203,325,199,2021-03-06,2021
2467,203,1963,411,2021-03-06,2021
2467,203,411,1963,2021-03-06,2021
2468,203,1090,1133,2021-03-06,2021
2468,203,1133,1090,2021-03-06,2021
2469,203,2888,4092,2021-03-06,2021
2469,203,4092,2888,2021-03-06,2021
2470,203,442,2480,2021-03-06,2021
2470,203,2480,442,2021-03-06,2021
2471,203,2211,3807,2021-03-06,2021
2471,203,3807,2211,2021-03-06,2021
2472,203,2549,820,2021-03-06,2021
2472,203,820,2549,2021-03-06,2021
2473,203,1907,301,2021-03-06,2021
2473,203,301,1907,2021-03-06,2021
2474,204,1328,3429,2021-02-27,2021
2474,204,3429,1328,2021-02-27,2021
2475,204,155,2094,2021-02-27,2021
2475,204,2094,155,2021-02-27,2021
2477,204,2738,3330,2021-02-27,2021
2477,204,3330,2738,2021-02-27,2021
2478,204,551,810,2021-02-27,2021
2478,204,810,551,2021-02-27,2021
2479,204,2659,1648,2021-02-27,2021
2479,204,1648,2659,2021-02-27,2021
2480,204,885,2495,2021-02-27,2021
2480,204,2495,885,2021-02-27,2021
2481,204,2170,552,2021-02-27,2021
2481,204,552,2170,2021-02-27,2021
2482,204,1825,1499,2021-02-27,2021
2482,204,1499,1825,2021-02-27,2021
2483,205,2234,383,2021-02-20,2021
2483,205,383,2234,2021-02-20,2021
2484,205,3536,4177,2021-02-20,2021
2484,205,4177,3536,2021-02-20,2021
2485,205,2620,3406,2021-02-20,2021
2485,205,3406,2620,2021-02-20,2021
2486,205,876,2918,2021-02-20,2021
2486,205,2918,876,2021-02-20,2021
2487,205,1604,1778,2021-02-20,2021
2487,205,1778,1604,2021-02-20,2021
2488,205,205,180,2021-02-20,2021
2488,205,180,205,2021-02-20,2021
2489,205,1440,669,2021-02-20,2021
2489,205,669,1440,2021-02-20,2021
2490,205,633,4317,2021-02-20,2021
2490,205,4317,633,2021-02-20,2021
2491,205,1120,2140,2021-02-20,2021
2491,205,2140,1120,2021-02-20,2021
2492,205,2897,979,2021-02-20,2021
2492,205,979,2897,2021-02-20,2021
2493,205,4410,3376,2021-02-20,2021
2493,205,3376,4410,2021-02-20,2021
2494,205,3826,4132,2021-02-20,2021
2494,205,4132,3826,2021-02-20,2021
2495,206,4106,525,2021-02-13,2021
2495,206,525,4106,2021-02-13,2021
2496,206,1479,260,2021-02-13,2021
2496,206,260,1479,2021-02-13,2021
2497,206,1348,1623,2021-02-13,2021
2497,206,1623,1348,2021-02-13,2021
2498,206,3717,1989,2021-02-13,2021
2498,206,1989,3717,2021-02-13,2021
2499,206,2426,3150,2021-02-13,2021
2499,206,3150,2426,2021-02-13,2021
2500,206,1649,4178,2021-02-13,2021
2500,206,4178,1649,2021-02-13,2021
2501,206,2730,2253,2021-02-13,2021
2501,206,2253,2730,2021-02-13,2021
2502,206,4170,2442,2021-02-13,2021
2502,206,2442,4170,2021-02-13,2021
2503,206,1532,1149,2021-02-13,2021
2503,206,1149,1532,2021-02-13,2021
2504,206,1488,3424,2021-02-13,2021
2504,206,3424,1488,2021-02-13,2021
2505,207,4200,2965,2021-02-06,2021
2505,207,2965,4200,2021-02-06,2021
2506,207,3506,1067,2021-02-06,2021
2506,207,1067,3506,2021-02-06,2021
2507,207,1513,1876,2021-02-06,2021
2507,207,1876,1513,2021-02-06,2021
2508,207,3001,1961,2021-02-06,2021
2508,207,1961,3001,2021-02-06,2021
2509,207,873,1192,2021-02-06,2021
2509,207,1192,873,2021-02-06,2021
2510,207,2425,3371,2021-02-06,2021
2510,207,3371,2425,2021-02-06,2021
2511,207,3756,1842,2021-02-06,2021
2511,207,1842,3756,2021-02-06,2021
2512,207,3407,1075,2021-02-06,2021
2512,207,1075,3407,2021-02-06,2021
2513,207,3186,2501,2021-02-06,2021
2513,207,2501,3186,2021-02-06,2021
2514,207,683,4412,2021-02-06,2021
2514,207,4412,683,2021-02-06,2021
2515,207,4119,892,2021-02-06,2021
2515,207,892,4119,2021-02-06,2021
2516,207,2953,3332,2021-02-06,2021
2516,207,3332,2953,2021-02-06,2021
2517,208,3154,2526,2021-01-23,2021
2517,208,2526,3154,2021-01-23,2021
2518,208,659,1717,2021-01-23,2021
2518,208,1717,659,2021-01-23,2021
2519,208,4330,1154,2021-01-23,2021
2519,208,1154,4330,2021-01-23,2021
2520,208,2745,3501,2021-01-23,2021
2520,208,3501,2745,2021-01-23,2021
2521,208,3372,3293,2021-01-23,2021
2521,208,3293,3372,2021-01-23,2021
2522,208,4064,1280,2021-01-23,2021
2522,208,1280,4064,2021-01-23,2021
2523,208,3966,605,2021-01-23,2021
2523,208,605,3966,2021-01-23,2021
2524,208,3059,2538,2021-01-23,2021
2524,208,2538,3059,2021-01-23,2021
2525,208,3170,3420,2021-01-23,2021
2525,208,3420,3170,2021-01-23,2021
2526,208,1148,2216,2021-01-23,2021
2526,208,2216,1148,2021-01-23,2021
2527,208,49,4437,2021-01-23,2021
2527,208,4437,49,2021-01-23,2021
2528,209,676,2364,2021-01-20,2021
2528,209,2364,676,2021-01-20,2021
2529,209,115,2175,2021-01-20,2021
2529,209,2175,115,2021-01-20,2021
2530,209,4183,2701,2021-01-20,2021
2530,209,2701,4183,2021-01-20,2021
2531,209,171,2654,2021-01-20,2021
2531,209,2654,171,2021-01-20,2021
2532,209,3588,2791,2021-01-20,2021
2532,209,2791,3588,2021-01-20,2021
2533,209,2757,3711,2021-01-20,2021
2533,209,3711,2757,2021-01-20,2021
2534,209,40,455,2021-01-20,2021
2534,209,455,40,2021-01-20,2021
2535,209,3717,3149,2021-01-20,2021
2535,209,3149,3717,2021-01-20,2021
2536,209,3902,20,2021-01-20,2021
2536,209,20,3902,2021-01-20,2021
2537,209,2322,3089,2021-01-20,2021
2537,209,3089,2322,2021-01-20,2021
2538,209,1203,3332,2021-01-20,2021
2538,209,3332,1203,2021-01-20,2021
2539,209,888,1908,2021-01-20,2021
2539,209,1908,888,2021-01-20,2021
2540,209,2886,2711,2021-01-20,2021
2540,209,2711,2886,2021-01-20,2021
2541,209,1217,2218,2021-01-20,2021
2541,209,2218,1217,2021-01-20,2021
2542,210,1696,1974,2021-01-16,2021
2542,210,1974,1696,2021-01-16,2021
2543,210,743,478,2021-01-16,2021
2543,210,478,743,2021-01-16,2021
2544,210,2239,3160,2021-01-16,2021
2544,210,3160,2239,2021-01-16,2021
2545,210,942,505,2021-01-16,2021
2545,210,505,942,2021-01-16,2021
2546,210,3791,4023,2021-01-16,2021
2546,210,4023,3791,2021-01-16,2021
2547,210,1075,4346,2021-01-16,2021
2547,210,4346,1075,2021-01-16,2021
2548,210,1175,3930,2021-01-16,2021
2548,210,3930,1175,2021-01-16,2021
2549,210,1099,4417,2021-01-16,2021
2549,210,4417,1099,2021-01-16,2021
2550,210,2566,2696,2021-01-16,2021
2550,210,2696,2566,2021-01-16,2021
2551,210,2263,2018,2021-01-16,2021
2551,210,2018,2263,2021-01-16,2021
2552,211,4008,2812,2020-12-19,2020
2552,211,2812,4008,2020-12-19,2020
2553,211,64,4158,2020-12-19,2020
2553,211,4158,64,2020-12-19,2020
2554,211,3077,4306,2020-12-19,2020
2554,211,4306,3077,2020-12-19,2020
2555,211,1240,2686,2020-12-19,2020
2555,211,2686,1240,2020-12-19,2020
2556,211,4084,1577,2020-12-19,2020
2556,211,1577,4084,2020-12-19,2020
2557,211,3113,2709,2020-12-19,2020
2557,211,2709,3113,2020-12-19,2020
2558,211,2014,1141,2020-12-19,2020
2558,211,1141,2014,2020-12-19,2020
2559,211,4318,189,2020-12-19,2020
2559,211,189,4318,2020-12-19,2020
2560,211,3537,3350,2020-12-19,2020
2560,211,3350,3537,2020-12-19,2020
2561,211,2808,3132,2020-12-19,2020
2561,211,3132,2808,2020-12-19,2020
2562,211,1228,1048,2020-12-19,2020
2562,211,1048,1228,2020-12-19,2020
2563,211,1365,2623,2020-12-19,2020
2563,211,2623,1365,2020-12-19,2020
2565,212,2922,1181,2020-12-12,2020
2565,212,1181,2922,2020-12-12,2020
2566,212,935,1828,2020-12-12,2020
2566,212,1828,935,2020-12-12,2020
2567,212,1694,3805,2020-12-12,2020
2567,212,3805,1694,2020-12-12,2020
2568,212,1328,996,2020-12-12,2020
2568,212,996,1328,2020-12-12,2020
2569,212,3913,3144,2020-12-12,2020
2569,212,3144,3913,2020-12-12,2020
2570,212,1224,2658,2020-12-12,2020
2570,212,2658,1224,2020-12-12,2020
2571,212,4068,3206,2020-12-12,2020
2571,212,3206,4068,2020-12-12,2020
2572,212,3071,1751,2020-12-12,2020
2572,212,1751,3071,2020-12-12,2020
2573,212,1718,281,2020-12-12,2020
2573,212,281,1718,2020-12-12,2020
2574,213,4167,1644,2020-12-05,2020
2574,213,1644,4167,2020-12-05,2020
2575,213,1675,3464,2020-12-05,2020
2575,213,3464,1675,2020-12-05,2020
2576,213,329,1842,2020-12-05,2020
2576,213,1842,329,2020-12-05,2020
2577,213,985,84,2020-12-05,2020
2577,213,84,985,2020-12-05,2020
2578,213,2180,4316,2020-12-05,2020
2578,213,4316,2180,2020-12-05,2020
2579,213,3765,3214,2020-12-05,2020
2579,213,3214,3765,2020-12-05,2020
2580,213,4033,1818,2020-12-05,2020
2580,213,1818,4033,2020-12-05,2020
2581,213,737,4182,2020-12-05,2020
2581,213,4182,737,2020-12-05,2020
2582,214,3752,709,2020-11-28,2020
2582,214,709,3752,2020-11-28,2020
2583,214,236,3559,2020-11-28,2020
2583,214,3559,236,2020-11-28,2020
2584,214,3164,3008,2020-11-28,2020
2584,214,3008,3164,2020-11-28,2020
2585,214,77,606,2020-11-28,2020
2585,214,606,77,2020-11-28,2020
2586,214,1040,1145,2020-11-28,2020
2586,214,1145,1040,2020-11-28,2020
2587,214,3047,1949,2020-11-28,2020
2587,214,1949,3047,2020-11-28,2020
2588,214,999,892,2020-11-28,2020
2588,214,892,999,2020-11-28,2020
2589,214,2494,2957,2020-11-28,2020
2589,214,2957,2494,2020-11-28,2020
2590,214,3902,1442,2020-11-28,2020
2590,214,1442,3902,2020-11-28,2020
2591,214,2400,3504,2020-11-28,2020
2591,214,3504,2400,2020-11-28,2020
2592,215,1202,3088,2020-11-21,2020
2592,215,3088,1202,2020-11-21,2020
2593,215,3650,2380,2020-11-21,2020
2593,215,2380,3650,2020-11-21,2020
2594,215,2544,3098,2020-11-21,2020
2594,215,3098,2544,2020-11-21,2020
2595,215,651,561,2020-11-21,2020
2595,215,561,651,2020-11-21,2020
2596,215,801,3430,2020-11-21,2020
2596,215,3430,801,2020-11-21,2020
2597,215,2703,3428,2020-11-21,2020
2597,215,3428,2703,2020-11-21,2020
2598,215,505,4344,2020-11-21,2020
2598,215,4344,505,2020-11-21,2020
2599,215,3651,847,2020-11-21,2020
2599,215,847,3651,2020-11-21,2020
2600,215,852,3373,2020-11-21,2020
2600,215,3373,852,2020-11-21,2020
2601,215,1921,1435,2020-11-21,2020
2601,215,1435,1921,2020-11-21,2020
2602,215,875,3867,2020-11-21,2020
2602,215,3867,875,2020-11-21,2020
2603,215,2993,776,2020-11-21,2020
2603,215,776,2993,2020-11-21,2020
2604,216,995,1174,2020-11-14,2020
2604,216,1174,995,2020-11-14,2020
2605,216,4306,3255,2020-11-14,2020
2605,216,3255,4306,2020-11-14,2020
2606,216,4384,1475,2020-11-14,2020
2606,216,1475,4384,2020-11-14,2020
2607,216,3883,87,2020-11-14,2020
2607,216,87,3883,2020-11-14,2020
2608,216,2531,1568,2020-11-14,2020
2608,216,1568,2531,2020-11-14,2020
2609,216,2748,2421,2020-11-14,2020
2609,216,2421,2748,2020-11-14,2020
2610,216,1480,895,2020-11-14,2020
2610,216,895,1480,2020-11-14,2020
2611,216,2709,2530,2020-11-14,2020
2611,216,2530,2709,2020-11-14,2020
2612,216,2491,2454,2020-11-14,2020
2612,216,2454,2491,2020-11-14,2020
2613,217,3978,3532,2020-11-07,2020
2613,217,3532,3978,2020-11-07,2020
2614,217,180,419,2020-11-07,2020
2614,217,419,180,2020-11-07,2020
2615,217,266,3932,2020-11-07,2020
2615,217,3932,266,2020-11-07,2020
2616,217,677,3716,2020-11-07,2020
2616,217,3716,677,2020-11-07,2020
2617,217,4367,1303,2020-11-07,2020
2617,217,1303,4367,2020-11-07,2020
2618,217,1377,2235,2020-11-07,2020
2618,217,2235,1377,2020-11-07,2020
2619,217,3392,3383,2020-11-07,2020
2619,217,3383,3392,2020-11-07,2020
2620,217,1087,1332,2020-11-07,2020
2620,217,1332,1087,2020-11-07,2020
2621,217,1493,444,2020-11-07,2020
2621,217,444,1493,2020-11-07,2020
2622,218,1548,3678,2020-10-31,2020
2622,218,3678,1548,2020-10-31,2020
2623,218,2639,1209,2020-10-31,2020
2623,218,1209,2639,2020-10-31,2020
2624,218,1577,1489,2020-10-31,2020
2624,218,1489,1577,2020-10-31,2020
2625,218,1694,2944,2020-10-31,2020
2625,218,2944,1694,2020-10-31,2020
2626,218,2659,1486,2020-10-31,2020
2626,218,1486,2659,2020-10-31,2020
2627,218,1648,1504,2020-10-31,2020
2627,218,1504,1648,2020-10-31,2020
2628,218,4371,3377,2020-10-31,2020
2628,218,3377,4371,2020-10-31,2020
2629,218,3883,2435,2020-10-31,2020
2629,218,2435,3883,2020-10-31,2020
2630,218,4322,4305,2020-10-31,2020
2630,218,4305,4322,2020-10-31,2020
2631,218,1825,2186,2020-10-31,2020
2631,218,2186,1825,2020-10-31,2020
2632,218,1867,2804,2020-10-31,2020
2632,218,2804,1867,2020-10-31,2020
2633,219,2883,1306,2020-10-24,2020
2633,219,1306,2883,2020-10-24,2020
2634,219,4286,587,2020-10-24,2020
2634,219,587,4286,2020-10-24,2020
2635,219,4200,1585,2020-10-24,2020
2635,219,1585,4200,2020-10-24,2020
2636,219,1604,2395,2020-10-24,2020
2636,219,2395,1604,2020-10-24,2020
2637,219,2755,3639,2020-10-24,2020
2637,219,3639,2755,2020-10-24,2020
2638,219,155,842,2020-10-24,2020
2638,219,842,155,2020-10-24,2020
2639,219,4072,3886,2020-10-24,2020
2639,219,3886,4072,2020-10-24,2020
2640,219,1999,4331,2020-10-24,2020
2640,219,4331,1999,2020-10-24,2020
2641,219,3225,2925,2020-10-24,2020
2641,219,2925,3225,2020-10-24,2020
2643,219,2486,1889,2020-10-24,2020
2643,219,1889,2486,2020-10-24,2020
2644,219,111,4357,2020-10-24,2020
2644,219,4357,111,2020-10-24,2020
2645,220,2948,1935,2020-10-17,2020
2645,220,1935,2948,2020-10-17,2020
2646,220,144,651,2020-10-17,2020
2646,220,651,144,2020-10-17,2020
2647,220,817,514,2020-10-17,2020
2647,220,514,817,2020-10-17,2020
2648,220,2089,3690,2020-10-17,2020
2648,220,3690,2089,2020-10-17,2020
2649,220,2449,95,2020-10-17,2020
2649,220,95,2449,2020-10-17,2020
2650,220,2114,1324,2020-10-17,2020
2650,220,1324,2114,2020-10-17,2020
2651,220,3350,423,2020-10-17,2020
2651,220,423,3350,2020-10-17,2020
2652,220,3011,3124,2020-10-17,2020
2652,220,3124,3011,2020-10-17,2020
2653,220,4438,2734,2020-10-17,2020
2653,220,2734,4438,2020-10-17,2020
2654,220,1499,156,2020-10-17,2020
2654,220,156,1499,2020-10-17,2020
2655,220,2884,3884,2020-10-17,2020
2655,220,3884,2884,2020-10-17,2020
2656,221,3506,2686,2020-10-10,2020
2656,221,2686,3506,2020-10-10,2020
2657,221,265,129,2020-10-10,2020
2657,221,129,265,2020-10-10,2020
2658,221,4084,3418,2020-10-10,2020
2658,221,3418,4084,2020-10-10,2020
2659,221,1021,3089,2020-10-10,2020
2659,221,3089,1021,2020-10-10,2020
2660,221,205,300,2020-10-10,2020
2660,221,300,205,2020-10-10,2020
2661,221,4033,4412,2020-10-10,2020
2661,221,4412,4033,2020-10-10,2020
2662,221,455,357,2020-10-10,2020
2662,221,357,455,2020-10-10,2020
2663,221,876,2798,2020-10-10,2020
2663,221,2798,876,2020-10-10,2020
2664,221,505,1967,2020-10-10,2020
2664,221,1967,505,2020-10-10,2020
2665,221,1991,103,2020-10-10,2020
2665,221,103,1991,2020-10-10,2020
2666,221,677,2694,2020-10-10,2020
2666,221,2694,677,2020-10-10,2020
2667,221,773,1077,2020-10-10,2020
2667,221,1077,773,2020-10-10,2020
2668,221,4091,3697,2020-10-10,2020
2668,221,3697,4091,2020-10-10,2020
2669,222,1699,61,2020-10-03,2020
2669,222,61,1699,2020-10-03,2020
2670,222,1175,894,2020-10-03,2020
2670,222,894,1175,2020-10-03,2020
2671,222,908,3059,2020-10-03,2020
2671,222,3059,908,2020-10-03,2020
2672,222,3125,1096,2020-10-03,2020
2672,222,1096,3125,2020-10-03,2020
2673,222,4023,4047,2020-10-03,2020
2673,222,4047,4023,2020-10-03,2020
2674,222,743,2521,2020-10-03,2020
2674,222,2521,743,2020-10-03,2020
2676,222,1778,4304,2020-10-03,2020
2676,222,4304,1778,2020-10-03,2020
2677,222,2284,1281,2020-10-03,2020
2677,222,1281,2284,2020-10-03,2020
2678,222,1999,48,2020-10-03,2020
2678,222,48,1999,2020-10-03,2020
2679,222,4153,225,2020-10-03,2020
2679,222,225,4153,2020-10-03,2020
2680,223,21,781,2020-09-26,2020
2680,223,781,21,2020-09-26,2020
2681,223,372,3284,2020-09-26,2020
2681,223,3284,372,2020-09-26,2020
2682,223,3428,1963,2020-09-26,2020
2682,223,1963,3428,2020-09-26,2020
2683,223,4177,1141,2020-09-26,2020
2683,223,1141,4177,2020-09-26,2020
2684,223,889,4073,2020-09-26,2020
2684,223,4073,889,2020-09-26,2020
2685,223,3308,848,2020-09-26,2020
2685,223,848,3308,2020-09-26,2020
2686,223,2480,3493,2020-09-26,2020
2686,223,3493,2480,2020-09-26,2020
2687,223,2047,4400,2020-09-26,2020
2687,223,4400,2047,2020-09-26,2020
2688,223,2057,580,2020-09-26,2020
2688,223,580,2057,2020-09-26,2020
2689,223,1132,1750,2020-09-26,2020
2689,223,1750,1132,2020-09-26,2020
2690,223,2425,1766,2020-09-26,2020
2690,223,1766,2425,2020-09-26,2020
2691,224,796,4333,2020-09-19,2020
2691,224,4333,796,2020-09-19,2020
2693,224,678,2554,2020-09-19,2020
2693,224,2554,678,2020-09-19,2020
2694,224,4215,3814,2020-09-19,2020
2694,224,3814,4215,2020-09-19,2020
2695,224,935,2421,2020-09-19,2020
2695,224,2421,935,2020-09-19,2020
2696,224,1694,3858,2020-09-19,2020
2696,224,3858,1694,2020-09-19,2020
2697,224,1053,1133,2020-09-19,2020
2697,224,1133,1053,2020-09-19,2020
2698,224,1818,316,2020-09-19,2020
2698,224,316,1818,2020-09-19,2020
2699,224,511,3398,2020-09-19,2020
2699,224,3398,511,2020-09-19,2020
2700,224,710,102,2020-09-19,2020
2700,224,102,710,2020-09-19,2020
2701,224,2620,2149,2020-09-19,2020
2701,224,2149,2620,2020-09-19,2020
2702,224,782,2827,2020-09-19,2020
2702,224,2827,782,2020-09-19,2020
2703,224,1149,3331,2020-09-19,2020
2703,224,3331,1149,2020-09-19,2020
2704,224,2791,3332,2020-09-19,2020
2704,224,3332,2791,2020-09-19,2020
2705,225,4250,1673,2020-09-12,2020
2705,225,1673,4250,2020-09-12,2020
2706,225,227,4339,2020-09-12,2020
2706,225,4339,227,2020-09-12,2020
2707,225,2654,2198,2020-09-12,2020
2707,225,2198,2654,2020-09-12,2020
2708,225,1642,3371,2020-09-12,2020
2708,225,3371,1642,2020-09-12,2020
2709,225,1486,3035,2020-09-12,2020
2709,225,3035,1486,2020-09-12,2020
2710,225,3206,2820,2020-09-12,2020
2710,225,2820,3206,2020-09-12,2020
2711,225,1141,222,2020-09-12,2020
2711,225,222,1141,2020-09-12,2020
2713,225,3392,2454,2020-09-12,2020
2713,225,2454,3392,2020-09-12,2020
2714,225,4082,4258,2020-09-12,2020
2714,225,4258,4082,2020-09-12,2020
2715,225,261,1806,2020-09-12,2020
2715,225,1806,261,2020-09-12,2020
2716,225,2495,2043,2020-09-12,2020
2716,225,2043,2495,2020-09-12,2020
2717,226,2965,3467,2020-09-05,2020
2717,226,3467,2965,2020-09-05,2020
2718,226,3464,2574,2020-09-05,2020
2718,226,2574,3464,2020-09-05,2020
2719,226,3077,1775,2020-09-05,2020
2719,226,1775,3077,2020-09-05,2020
2720,226,2739,1159,2020-09-05,2020
2720,226,1159,2739,2020-09-05,2020
2721,226,1989,3374,2020-09-05,2020
2721,226,3374,1989,2020-09-05,2020
2722,226,171,898,2020-09-05,2020
2722,226,898,171,2020-09-05,2020
2723,226,230,3757,2020-09-05,2020
2723,226,3757,230,2020-09-05,2020
2724,227,3227,3752,2020-08-29,2020
2724,227,3752,3227,2020-08-29,2020
2725,227,2364,2166,2020-08-29,2020
2725,227,2166,2364,2020-08-29,2020
2726,227,1479,2026,2020-08-29,2020
2726,227,2026,1479,2020-08-29,2020
2727,227,2137,77,2020-08-29,2020
2727,227,77,2137,2020-08-29,2020
2728,227,1967,3150,2020-08-29,2020
2728,227,3150,1967,2020-08-29,2020
2729,227,827,942,2020-08-29,2020
2729,227,942,827,2020-08-29,2020
2730,227,551,3829,2020-08-29,2020
2730,227,3829,551,2020-08-29,2020
2731,227,442,33,2020-08-29,2020
2731,227,33,442,2020-08-29,2020
2732,227,4170,4285,2020-08-29,2020
2732,227,4285,4170,2020-08-29,2020
2733,227,2442,699,2020-08-29,2020
2733,227,699,2442,2020-08-29,2020
2734,228,1067,2738,2020-08-22,2020
2734,228,2738,1067,2020-08-22,2020
2735,228,3371,3170,2020-08-22,2020
2735,228,3170,3371,2020-08-22,2020
2736,228,3776,1743,2020-08-22,2020
2736,228,1743,3776,2020-08-22,2020
2737,228,979,25,2020-08-22,2020
2737,228,25,979,2020-08-22,2020
2738,228,3373,1478,2020-08-22,2020
2738,228,1478,3373,2020-08-22,2020
2739,228,2211,2652,2020-08-22,2020
2739,228,2652,2211,2020-08-22,2020
2740,228,4344,4183,2020-08-22,2020
2740,228,4183,4344,2020-08-22,2020
2741,228,3615,2623,2020-08-22,2020
2741,228,2623,3615,2020-08-22,2020
2743,229,2624,766,2020-08-15,2020
2743,229,766,2624,2020-08-15,2020
2744,229,4158,2894,2020-08-15,2020
2744,229,2894,4158,2020-08-15,2020
2745,229,3429,996,2020-08-15,2020
2745,229,996,3429,2020-08-15,2020
2746,229,3144,527,2020-08-15,2020
2746,229,527,3144,2020-08-15,2020
2747,229,1052,982,2020-08-15,2020
2747,229,982,1052,2020-08-15,2020
2748,229,3130,2605,2020-08-15,2020
2748,229,2605,3130,2020-08-15,2020
2749,229,1828,1657,2020-08-15,2020
2749,229,1657,1828,2020-08-15,2020
2750,229,669,487,2020-08-15,2020
2750,229,487,669,2020-08-15,2020
2751,229,3807,4384,2020-08-15,2020
2751,229,4384,3807,2020-08-15,2020
2752,229,876,3164,2020-08-15,2020
2752,229,3164,876,2020-08-15,2020
2753,229,1949,1991,2020-08-15,2020
2753,229,1991,1949,2020-08-15,2020
2754,230,2234,2918,2020-08-08,2020
2754,230,2918,2234,2020-08-08,2020
2755,230,4265,40,2020-08-08,2020
2755,230,40,4265,2020-08-08,2020
2756,230,3858,3150,2020-08-08,2020
2756,230,3150,3858,2020-08-08,2020
2757,230,3536,3866,2020-08-08,2020
2757,230,3866,3536,2020-08-08,2020
2758,230,873,1707,2020-08-08,2020
2758,230,1707,873,2020-08-08,2020
2759,230,2544,3842,2020-08-08,2020
2759,230,3842,2544,2020-08-08,2020
2760,230,1694,505,2020-08-08,2020
2760,230,505,1694,2020-08-08,2020
2761,230,1569,2741,2020-08-08,2020
2761,230,2741,1569,2020-08-08,2020
2762,230,3501,4080,2020-08-08,2020
2762,230,4080,3501,2020-08-08,2020
2763,230,4068,1842,2020-08-08,2020
2763,230,1842,4068,2020-08-08,2020
2764,230,4412,281,2020-08-08,2020
2764,230,281,4412,2020-08-08,2020
2765,230,3331,103,2020-08-08,2020
2765,230,103,3331,2020-08-08,2020
2766,231,496,3636,2020-08-01,2020
2766,231,3636,496,2020-08-01,2020
2767,231,2380,4330,2020-08-01,2020
2767,231,4330,2380,2020-08-01,2020
2768,231,2324,485,2020-08-01,2020
2768,231,485,2324,2020-08-01,2020
2769,231,1486,4134,2020-08-01,2020
2769,231,4134,1486,2020-08-01,2020
2770,231,2449,3454,2020-08-01,2020
2770,231,3454,2449,2020-08-01,2020
2771,231,2400,2742,2020-08-01,2020
2771,231,2742,2400,2020-08-01,2020
2772,231,1103,552,2020-08-01,2020
2772,231,552,1103,2020-08-01,2020
2774,232,4286,4016,2020-07-25,2020
2774,232,4016,4286,2020-07-25,2020
2775,232,3430,2860,2020-07-25,2020
2775,232,2860,3430,2020-07-25,2020
2776,232,4270,1528,2020-07-25,2020
2776,232,1528,4270,2020-07-25,2020
2777,232,1131,3372,2020-07-25,2020
2777,232,3372,1131,2020-07-25,2020
2778,232,801,156,2020-07-25,2020
2778,232,156,801,2020-07-25,2020
2779,232,2925,3771,2020-07-25,2020
2779,232,3771,2925,2020-07-25,2020
2780,232,678,2530,2020-07-25,2020
2780,232,2530,678,2020-07-25,2020
2781,232,4056,1641,2020-07-25,2020
2781,232,1641,4056,2020-07-25,2020
2783,232,205,737,2020-07-25,2020
2783,232,737,205,2020-07-25,2020
2784,232,1148,1506,2020-07-25,2020
2784,232,1506,1148,2020-07-25,2020
2785,232,419,3099,2020-07-25,2020
2785,232,3099,419,2020-07-25,2020
2786,232,2014,770,2020-07-25,2020
2786,232,770,2014,2020-07-25,2020
2787,232,1099,3868,2020-07-25,2020
2787,232,3868,1099,2020-07-25,2020
2788,232,4331,633,2020-07-25,2020
2788,232,633,4331,2020-07-25,2020
2789,233,1202,325,2020-07-18,2020
2789,233,325,1202,2020-07-18,2020
2790,233,1644,1348,2020-07-18,2020
2790,233,1348,1644,2020-07-18,2020
2791,233,1224,946,2020-07-18,2020
2791,233,946,1224,2020-07-18,2020
2792,233,847,611,2020-07-18,2020
2792,233,611,847,2020-07-18,2020
2793,233,199,3001,2020-07-18,2020
2793,233,3001,199,2020-07-18,2020
2794,233,985,1766,2020-07-18,2020
2794,233,1766,985,2020-07-18,2020
2795,233,890,2794,2020-07-18,2020
2795,233,2794,890,2020-07-18,2020
2796,233,111,1032,2020-07-18,2020
2796,233,1032,111,2020-07-18,2020
2797,233,1866,1822,2020-07-18,2020
2797,233,1822,1866,2020-07-18,2020
2798,233,49,1442,2020-07-18,2020
2798,233,1442,49,2020-07-18,2020
2799,233,4064,3240,2020-07-18,2020
2799,233,3240,4064,2020-07-18,2020
2800,233,3826,1175,2020-07-18,2020
2800,233,1175,3826,2020-07-18,2020
2801,234,1974,1769,2020-07-15,2020
2801,234,1769,1974,2020-07-15,2020
2802,234,1090,336,2020-07-15,2020
2802,234,336,1090,2020-07-15,2020
2803,234,3330,3834,2020-07-15,2020
2803,234,3834,3330,2020-07-15,2020
2804,234,3537,2501,2020-07-15,2020
2804,234,2501,3537,2020-07-15,2020
2805,234,2175,3255,2020-07-15,2020
2805,234,3255,2175,2020-07-15,2020
2806,234,678,3124,2020-07-15,2020
2806,234,3124,678,2020-07-15,2020
2807,234,2757,3239,2020-07-15,2020
2807,234,3239,2757,2020-07-15,2020
2808,234,514,2590,2020-07-15,2020
2808,234,2590,514,2020-07-15,2020
2809,234,1440,1220,2020-07-15,2020
2809,234,1220,1440,2020-07-15,2020
2810,234,1889,317,2020-07-15,2020
2810,234,317,1889,2020-07-15,2020
2811,234,3666,3122,2020-07-15,2020
2811,234,3122,3666,2020-07-15,2020
2812,235,4106,2469,2020-07-11,2020
2812,235,2469,4106,2020-07-11,2020
2813,235,4198,1696,2020-07-11,2020
2813,235,1696,4198,2020-07-11,2020
2814,235,4368,64,2020-07-11,2020
2814,235,64,4368,2020-07-11,2020
2815,235,2792,144,2020-07-11,2020
2815,235,144,2792,2020-07-11,2020
2816,235,3293,4135,2020-07-11,2020
2816,235,4135,3293,2020-07-11,2020
2817,235,3185,2904,2020-07-11,2020
2817,235,2904,3185,2020-07-11,2020
2818,235,3479,4413,2020-07-11,2020
2818,235,4413,3479,2020-07-11,2020
2819,235,129,1638,2020-07-11,2020
2819,235,1638,129,2020-07-11,2020
2820,235,3531,396,2020-07-11,2020
2820,235,396,3531,2020-07-11,2020
2821,235,4084,1499,2020-07-11,2020
2821,235,1499,4084,2020-07-11,2020
2822,235,2986,4437,2020-07-11,2020
2822,235,4437,2986,2020-07-11,2020
2823,235,3407,2566,2020-07-11,2020
2823,235,2566,3407,2020-07-11,2020
2824,235,1477,892,2020-07-11,2020
2824,235,892,1477,2020-07-11,2020
2825,236,3154,1717,2020-06-27,2020
2825,236,1717,3154,2020-06-27,2020
2826,236,3098,1314,2020-06-27,2020
2826,236,1314,3098,2020-06-27,2020
2827,236,1489,4182,2020-06-27,2020
2827,236,4182,1489,2020-06-27,2020
2828,236,87,875,2020-06-27,2020
2828,236,875,87,2020-06-27,2020
2829,236,3559,4322,2020-06-27,2020
2829,236,4322,3559,2020-06-27,2020
2830,236,1120,4336,2020-06-27,2020
2830,236,4336,1120,2020-06-27,2020
2831,236,4339,3060,2020-06-27,2020
2831,236,3060,4339,2020-06-27,2020
2832,236,419,2265,2020-06-27,2020
2832,236,2265,419,2020-06-27,2020
2833,236,1568,1281,2020-06-27,2020
2833,236,1281,1568,2020-06-27,2020
2834,236,4412,1494,2020-06-27,2020
2834,236,1494,4412,2020-06-27,2020
2835,237,383,4200,2020-06-20,2020
2835,237,4200,383,2020-06-20,2020
2836,237,1104,519,2020-06-20,2020
2836,237,519,1104,2020-06-20,2020
2837,237,3070,3279,2020-06-20,2020
2837,237,3279,3070,2020-06-20,2020
2838,237,2730,1434,2020-06-20,2020
2838,237,1434,2730,2020-06-20,2020
2839,237,2605,3348,2020-06-20,2020
2839,237,3348,2605,2020-06-20,2020
2840,237,1486,1513,2020-06-20,2020
2840,237,1513,1486,2020-06-20,2020
2841,237,3071,1249,2020-06-20,2020
2841,237,1249,3071,2020-06-20,2020
2843,237,3350,628,2020-06-20,2020
2843,237,628,3350,2020-06-20,2020
2844,237,1842,563,2020-06-20,2020
2844,237,563,1842,2020-06-20,2020
2845,237,2755,2654,2020-06-20,2020
2845,237,2654,2755,2020-06-20,2020
2846,237,1743,3387,2020-06-20,2020
2846,237,3387,1743,2020-06-20,2020
2847,238,561,1154,2020-06-13,2020
2847,238,1154,561,2020-06-13,2020
2848,238,4167,3338,2020-06-13,2020
2848,238,3338,4167,2020-06-13,2020
2849,238,3406,31,2020-06-13,2020
2849,238,31,3406,2020-06-13,2020
2850,238,1209,1922,2020-06-13,2020
2850,238,1922,1209,2020-06-13,2020
2851,238,1133,899,2020-06-13,2020
2851,238,899,1133,2020-06-13,2020
2852,238,25,699,2020-06-13,2020
2852,238,699,25,2020-06-13,2020
2853,238,1052,2298,2020-06-13,2020
2853,238,2298,1052,2020-06-13,2020
2854,238,222,2494,2020-06-13,2020
2854,238,2494,222,2020-06-13,2020
2855,238,2791,20,2020-06-13,2020
2855,238,20,2791,2020-06-13,2020
2856,238,33,1806,2020-06-13,2020
2856,238,1806,33,2020-06-13,2020
2857,239,2878,3819,2020-06-06,2020
2857,239,3819,2878,2020-06-06,2020
2858,239,1333,209,2020-06-06,2020
2858,239,209,1333,2020-06-06,2020
2859,239,3853,3506,2020-06-06,2020
2859,239,3506,3853,2020-06-06,2020
2860,239,2364,2441,2020-06-06,2020
2860,239,2441,2364,2020-06-06,2020
2861,239,2894,4317,2020-06-06,2020
2861,239,4317,2894,2020-06-06,2020
2862,239,551,1718,2020-06-06,2020
2862,239,1718,551,2020-06-06,2020
2863,239,1623,2554,2020-06-06,2020
2863,239,2554,1623,2020-06-06,2020
2864,239,3834,1989,2020-06-06,2020
2864,239,1989,3834,2020-06-06,2020
2865,239,3150,545,2020-06-06,2020
2865,239,545,3150,2020-06-06,2020
2866,239,3088,1246,2020-06-06,2020
2866,239,1246,3088,2020-06-06,2020
2867,239,709,2574,2020-06-06,2020
2867,239,2574,709,2020-06-06,2020
2868,239,527,1043,2020-06-06,2020
2868,239,1043,527,2020-06-06,2020
2869,240,525,4333,2020-05-30,2020
2869,240,4333,525,2020-05-30,2020
2870,240,3467,1805,2020-05-30,2020
2870,240,1805,3467,2020-05-30,2020
2871,240,3206,606,2020-05-30,2020
2871,240,606,3206,2020-05-30,2020
2872,240,3348,4258,2020-05-30,2020
2872,240,4258,3348,2020-05-30,2020
2873,240,935,699,2020-05-30,2020
2873,240,699,935,2020-05-30,2020
2874,240,651,3651,2020-05-30,2020
2874,240,3651,651,2020-05-30,2020
2875,240,3373,1488,2020-05-30,2020
2875,240,1488,3373,2020-05-30,2020
2877,240,3428,1090,2020-05-30,2020
2877,240,1090,3428,2020-05-30,2020
2878,240,1999,3765,2020-05-30,2020
2878,240,3765,1999,2020-05-30,2020
2879,240,1532,2693,2020-05-30,2020
2879,240,2693,1532,2020-05-30,2020
2880,241,2965,1585,2020-05-16,2020
2880,241,1585,2965,2020-05-16,2020
2881,241,1303,1673,2020-05-16,2020
2881,241,1673,1303,2020-05-16,2020
2882,241,1769,265,2020-05-16,2020
2882,241,265,1769,2020-05-16,2020
2883,241,1920,134,2020-05-16,2020
2883,241,134,1920,2020-05-16,2020
2884,241,3781,4158,2020-05-16,2020
2884,241,4158,3781,2020-05-16,2020
2885,241,236,478,2020-05-16,2020
2885,241,478,236,2020-05-16,2020
2886,241,1694,1649,2020-05-16,2020
2886,241,1649,1694,2020-05-16,2020
2887,241,677,3331,2020-05-16,2020
2887,241,3331,677,2020-05-16,2020
2888,241,2140,1087,2020-05-16,2020
2888,241,1087,2140,2020-05-16,2020
2889,241,628,3398,2020-05-16,2020
2889,241,3398,628,2020-05-16,2020
2890,241,2798,2491,2020-05-16,2020
2890,241,2491,2798,2020-05-16,2020
2891,242,3978,3752,2020-05-13,2020
2891,242,3752,3978,2020-05-13,2020
2892,242,3418,3464,2020-05-13,2020
2892,242,3464,3418,2020-05-13,2020
2893,242,978,1648,2020-05-13,2020
2893,242,1648,978,2020-05-13,2020
2894,242,3717,412,2020-05-13,2020
2894,242,412,3717,2020-05-13,2020
2895,242,180,2265,2020-05-13,2020
2895,242,2265,180,2020-05-13,2020
2896,242,2659,1876,2020-05-13,2020
2896,242,1876,2659,2020-05-13,2020
2897,242,1141,2696,2020-05-13,2020
2897,242,2696,1141,2020-05-13,2020
2898,242,2694,329,2020-05-13,2020
2898,242,329,2694,2020-05-13,2020
2899,242,1989,230,2020-05-13,2020
2899,242,230,1989,2020-05-13,2020
2900,242,3649,4183,2020-05-13,2020
2900,242,4183,3649,2020-05-13,2020
2901,243,1306,1181,2020-05-09,2020
2901,243,1181,1306,2020-05-09,2020
2902,243,648,819,2020-05-09,2020
2902,243,819,648,2020-05-09,2020
2903,243,2831,3429,2020-05-09,2020
2903,243,3429,2831,2020-05-09,2020
2904,243,1974,3852,2020-05-09,2020
2904,243,3852,1974,2020-05-09,2020
2905,243,1577,894,2020-05-09,2020
2905,243,894,1577,2020-05-09,2020
2906,243,3113,653,2020-05-09,2020
2906,243,653,3113,2020-05-09,2020
2907,243,2918,4270,2020-05-09,2020
2907,243,4270,2918,2020-05-09,2020
2908,243,1131,4250,2020-05-09,2020
2908,243,4250,1131,2020-05-09,2020
2909,243,2324,3182,2020-05-09,2020
2909,243,3182,2324,2020-05-09,2020
2910,243,2639,3406,2020-05-09,2020
2910,243,3406,2639,2020-05-09,2020
2911,243,3814,117,2020-05-09,2020
2911,243,117,3814,2020-05-09,2020
2912,244,2922,2196,2020-03-14,2020
2912,244,2196,2922,2020-03-14,2020
2913,244,525,2379,2020-03-14,2020
2913,244,2379,525,2020-03-14,2020
2914,244,2658,1540,2020-03-14,2020
2914,244,1540,2658,2020-03-14,2020
2915,244,2094,4215,2020-03-14,2020
2915,244,4215,2094,2020-03-14,2020
2916,244,4056,2384,2020-03-14,2020
2916,244,2384,4056,2020-03-14,2020
2917,244,2703,1246,2020-03-14,2020
2917,244,1246,2703,2020-03-14,2020
2918,244,3293,2421,2020-03-14,2020
2918,244,2421,3293,2020-03-14,2020
2919,244,4413,2103,2020-03-14,2020
2919,244,2103,4413,2020-03-14,2020
2921,244,2710,511,2020-03-14,2020
2921,244,511,2710,2020-03-14,2020
2922,244,1053,3697,2020-03-14,2020
2922,244,3697,1053,2020-03-14,2020
2923,244,2392,1576,2020-03-14,2020
2923,244,1576,2392,2020-03-14,2020
2924,245,21,3394,2020-03-07,2020
2924,245,3394,21,2020-03-07,2020
2925,245,4428,1843,2020-03-07,2020
2925,245,1843,4428,2020-03-07,2020
2926,245,873,2053,2020-03-07,2020
2926,245,2053,873,2020-03-07,2020
2927,245,2364,2239,2020-03-07,2020
2927,245,2239,2364,2020-03-07,2020
2928,245,2925,1493,2020-03-07,2020
2928,245,1493,2925,2020-03-07,2020
2929,245,2894,3214,2020-03-07,2020
2929,245,3214,2894,2020-03-07,2020
2930,245,2354,1743,2020-03-07,2020
2930,245,1743,2354,2020-03-07,2020
2931,245,4178,3456,2020-03-07,2020
2931,245,3456,4178,2020-03-07,2020
2932,245,2554,4318,2020-03-07,2020
2932,245,4318,2554,2020-03-07,2020
2933,245,677,1103,2020-03-07,2020
2933,245,1103,677,2020-03-07,2020
2934,245,861,586,2020-03-07,2020
2934,245,586,861,2020-03-07,2020
2935,246,1202,325,2020-02-29,2020
2935,246,325,1202,2020-02-29,2020
2936,246,3819,1162,2020-02-29,2020
2936,246,1162,3819,2020-02-29,2020
2937,246,155,842,2020-02-29,2020
2937,246,842,155,2020-02-29,2020
2938,246,140,1040,2020-02-29,2020
2938,246,1040,140,2020-02-29,2020
2939,246,890,2620,2020-02-29,2020
2939,246,2620,890,2020-02-29,2020
2940,246,3125,3698,2020-02-29,2020
2940,246,3698,3125,2020-02-29,2020
2941,246,87,455,2020-02-29,2020
2941,246,455,87,2020-02-29,2020
2942,246,4084,3826,2020-02-29,2020
2942,246,3826,4084,2020-02-29,2020
2943,246,3060,1339,2020-02-29,2020
2943,246,1339,3060,2020-02-29,2020
2944,246,1494,487,2020-02-29,2020
2944,246,487,1494,2020-02-29,2020
2945,246,606,820,2020-02-29,2020
2945,246,820,606,2020-02-29,2020
2946,246,442,2805,2020-02-29,2020
2946,246,2805,442,2020-02-29,2020
2947,247,1717,1174,2020-02-22,2020
2947,247,1174,1717,2020-02-22,2020
2948,247,817,2919,2020-02-22,2020
2948,247,2919,817,2020-02-22,2020
2949,247,4367,2086,2020-02-22,2020
2949,247,2086,4367,2020-02-22,2020
2950,247,3383,3794,2020-02-22,2020
2950,247,3794,3383,2020-02-22,2020
2951,247,3308,2766,2020-02-22,2020
2951,247,2766,3308,2020-02-22,2020
2952,247,4073,31,2020-02-22,2020
2952,247,31,4073,2020-02-22,2020
2953,247,4082,824,2020-02-22,2020
2953,247,824,4082,2020-02-22,2020
2954,247,2480,2552,2020-02-22,2020
2954,247,2552,2480,2020-02-22,2020
2955,247,3780,3166,2020-02-22,2020
2955,247,3166,3780,2020-02-22,2020
2956,247,1963,2791,2020-02-22,2020
2956,247,2791,1963,2020-02-22,2020
2957,247,1673,2284,2020-02-22,2020
2957,247,2284,1673,2020-02-22,2020
2958,247,553,979,2020-02-22,2020
2958,247,979,553,2020-02-22,2020
2959,248,372,138,2020-02-15,2020
2959,248,138,372,2020-02-15,2020
2960,248,3493,3077,2020-02-15,2020
2960,248,3077,3493,2020-02-15,2020
2961,248,898,3398,2020-02-15,2020
2961,248,3398,898,2020-02-15,2020
2962,248,4258,4137,2020-02-15,2020
2962,248,4137,4258,2020-02-15,2020
2963,248,412,411,2020-02-15,2020
2963,248,411,412,2020-02-15,2020
2964,248,4134,2545,2020-02-15,2020
2964,248,2545,4134,2020-02-15,2020
2965,248,3373,2544,2020-02-15,2020
2965,248,2544,3373,2020-02-15,2020
2966,248,982,4331,2020-02-15,2020
2966,248,4331,982,2020-02-15,2020
2967,248,1707,2605,2020-02-15,2020
2967,248,2605,1707,2020-02-15,2020
2968,248,709,4047,2020-02-15,2020
2968,248,4047,709,2020-02-15,2020
2969,248,1052,1999,2020-02-15,2020
2969,248,1999,1052,2020-02-15,2020
2970,248,675,4401,2020-02-15,2020
2970,248,4401,675,2020-02-15,2020
2971,248,2986,899,2020-02-15,2020
2971,248,899,2986,2020-02-15,2020
2972,249,1893,3284,2020-02-08,2020
2972,249,3284,1893,2020-02-08,2020
2973,249,3650,651,2020-02-08,2020
2973,249,651,3650,2020-02-08,2020
2974,249,3930,18,2020-02-08,2020
2974,249,18,3930,2020-02-08,2020
2975,249,1769,316,2020-02-08,2020
2975,249,316,1769,2020-02-08,2020
2976,249,2234,2156,2020-02-08,2020
2976,249,2156,2234,2020-02-08,2020
2977,249,1377,2089,2020-02-08,2020
2977,249,2089,1377,2020-02-08,2020
2978,249,2755,2198,2020-02-08,2020
2978,249,2198,2755,2020-02-08,2020
2979,249,4306,2709,2020-02-08,2020
2979,249,2709,4306,2020-02-08,2020
2980,249,301,1867,2020-02-08,2020
2980,249,1867,301,2020-02-08,2020
2982,249,1149,2449,2020-02-08,2020
2982,249,2449,1149,2020-02-08,2020
2983,249,4412,2263,2020-02-08,2020
2983,249,2263,4412,2020-02-08,2020
2984,250,383,996,2020-01-25,2020
2984,250,996,383,2020-01-25,2020
2985,250,676,995,2020-01-25,2020
2985,250,995,676,2020-01-25,2020
2986,250,3088,1133,2020-01-25,2020
2986,250,1133,3088,2020-01-25,2020
2987,250,1673,699,2020-01-25,2020
2987,250,699,1673,2020-01-25,2020
2988,250,1675,3873,2020-01-25,2020
2988,250,3873,1675,2020-01-25,2020
2989,250,2235,4047,2020-01-25,2020
2989,250,4047,2235,2020-01-25,2020
2990,250,86,2216,2020-01-25,2020
2990,250,2216,86,2020-01-25,2020
2991,250,2043,3190,2020-01-25,2020
2991,250,3190,2043,2020-01-25,2020
2992,250,1822,727,2020-01-25,2020
2992,250,727,1822,2020-01-25,2020
2993,250,2538,2145,2020-01-25,2020
2993,250,2145,2538,2020-01-25,2020
2994,250,1866,1480,2020-01-25,2020
2994,250,1480,1866,2020-01-25,2020
2995,250,527,2140,2020-01-25,2020
2995,250,2140,527,2020-01-25,2020
2996,251,2526,653,2020-01-18,2020
2996,251,653,2526,2020-01-18,2020
2997,251,1699,3070,2020-01-18,2020
2997,251,3070,1699,2020-01-18,2020
2998,251,2918,1489,2020-01-18,2020
2998,251,1489,2918,2020-01-18,2020
2999,251,1989,2953,2020-01-18,2020
2999,251,2953,1989,2020-01-18,2020
3000,251,1192,3113,2020-01-18,2020
3000,251,3113,1192,2020-01-18,2020
3001,251,2654,260,2020-01-18,2020
3001,251,260,2654,2020-01-18,2020
3002,251,4406,1209,2020-01-18,2020
3002,251,1209,4406,2020-01-18,2020
3003,251,199,1090,2020-01-18,2020
3003,251,1090,199,2020-01-18,2020
3004,251,978,1569,2020-01-18,2020
3004,251,1569,978,2020-01-18,2020
3005,251,580,2186,2020-01-18,2020
3005,251,2186,580,2020-01-18,2020
3006,251,2495,65,2020-01-18,2020
3006,251,65,2495,2020-01-18,2020
3007,252,1935,1067,2019-12-21,2019
3007,252,1067,1935,2019-12-21,2019
3008,252,2904,3227,2019-12-21,2019
3008,252,3227,2904,2019-12-21,2019
3009,252,1922,682,2019-12-21,2019
3009,252,682,1922,2019-12-21,2019
3010,252,1937,3371,2019-12-21,2019
3010,252,3371,1937,2019-12-21,2019
3011,252,3011,282,2019-12-21,2019
3011,252,282,3011,2019-12-21,2019
3012,252,1960,3146,2019-12-21,2019
3012,252,3146,1960,2019-12-21,2019
3013,252,1328,419,2019-12-21,2019
3013,252,419,1328,2019-12-21,2019
3014,252,683,2662,2019-12-21,2019
3014,252,2662,683,2019-12-21,2019
3015,252,2694,2333,2019-12-21,2019
3015,252,2333,2694,2019-12-21,2019
3016,252,3001,3588,2019-12-21,2019
3016,252,3588,3001,2019-12-21,2019
3017,252,266,2884,2019-12-21,2019
3017,252,2884,266,2019-12-21,2019
3018,252,2211,1475,2019-12-21,2019
3018,252,1475,2211,2019-12-21,2019
3019,252,48,336,2019-12-21,2019
3019,252,336,48,2019-12-21,2019
3020,253,4106,796,2019-12-14,2019
3020,253,796,4106,2019-12-14,2019
3021,253,4198,1696,2019-12-14,2019
3021,253,1696,4198,2019-12-14,2019
3022,253,2878,908,2019-12-14,2019
3022,253,908,2878,2019-12-14,2019
3023,253,2686,64,2019-12-14,2019
3023,253,64,2686,2019-12-14,2019
3024,253,4368,1156,2019-12-14,2019
3024,253,1156,4368,2019-12-14,2019
3025,253,2812,3098,2019-12-14,2019
3025,253,3098,2812,2019-12-14,2019
3026,253,61,4177,2019-12-14,2019
3026,253,4177,61,2019-12-14,2019
3027,253,40,1623,2019-12-14,2019
3027,253,1623,40,2019-12-14,2019
3028,253,478,3565,2019-12-14,2019
3028,253,3565,478,2019-12-14,2019
3029,253,1718,3991,2019-12-14,2019
3029,253,3991,1718,2019-12-14,2019
3030,253,2703,1963,2019-12-14,2019
3030,253,1963,2703,2019-12-14,2019
3031,253,1154,171,2019-12-14,2019
3031,253,171,1154,2019-12-14,2019
3032,253,3791,3135,2019-12-14,2019
3032,253,3135,3791,2019-12-14,2019
3033,254,3429,2965,2019-12-07,2019
3033,254,2965,3429,2019-12-07,2019
3035,254,3418,3886,2019-12-07,2019
3035,254,3886,3418,2019-12-07,2019
3036,254,2127,3536,2019-12-07,2019
3036,254,3536,2127,2019-12-07,2019
3038,254,1240,3717,2019-12-07,2019
3038,254,3717,1240,2019-12-07,2019
3039,254,2544,112,2019-12-07,2019
3039,254,112,2544,2019-12-07,2019
3040,254,3206,2018,2019-12-07,2019
3040,254,2018,3206,2019-12-07,2019
3041,254,2639,3570,2019-12-07,2019
3041,254,3570,2639,2019-12-07,2019
3042,254,3776,4316,2019-12-07,2019
3042,254,4316,3776,2019-12-07,2019
3043,254,1828,2442,2019-12-07,2019
3043,254,2442,1828,2019-12-07,2019
3044,254,2745,3751,2019-12-07,2019
3044,254,3751,2745,2019-12-07,2019
3045,255,372,3805,2019-11-16,2019
3045,255,3805,372,2019-11-16,2019
3047,255,2922,1440,2019-11-16,2019
3047,255,1440,2922,2019-11-16,2019
3048,255,2739,189,2019-11-16,2019
3048,255,189,2739,2019-11-16,2019
3049,255,4080,3089,2019-11-16,2019
3049,255,3089,4080,2019-11-16,2019
3050,255,2089,2685,2019-11-16,2019
3050,255,2685,2089,2019-11-16,2019
3051,255,3239,1332,2019-11-16,2019
3051,255,1332,3239,2019-11-16,2019
3052,255,4056,1486,2019-11-16,2019
3052,255,1486,4056,2019-11-16,2019
3053,255,485,115,2019-11-16,2019
3053,255,115,485,2019-11-16,2019
3054,255,3711,258,2019-11-16,2019
3054,255,258,3711,2019-11-16,2019
3055,255,847,906,2019-11-16,2019
3055,255,906,847,2019-11-16,2019
3056,255,773,2566,2019-11-16,2019
3056,255,2566,773,2019-11-16,2019
3057,256,2372,1974,2019-11-09,2019
3057,256,1974,2372,2019-11-09,2019
3058,256,4200,1577,2019-11-09,2019
3058,256,1577,4200,2019-11-09,2019
3059,256,3347,1775,2019-11-09,2019
3059,256,1775,3347,2019-11-09,2019
3060,256,1642,1766,2019-11-09,2019
3060,256,1766,1642,2019-11-09,2019
3061,256,2441,1099,2019-11-09,2019
3061,256,1099,2441,2019-11-09,2019
3062,256,1325,13,2019-11-09,2019
3062,256,13,1325,2019-11-09,2019
3063,256,155,2322,2019-11-09,2019
3063,256,2322,155,2019-11-09,2019
3064,256,2005,2007,2019-11-09,2019
3064,256,2007,2005,2019-11-09,2019
3065,256,3338,2075,2019-11-09,2019
3065,256,2075,3338,2019-11-09,2019
3066,256,4417,2885,2019-11-09,2019
3066,256,2885,4417,2019-11-09,2019
3067,256,3348,4357,2019-11-09,2019
3067,256,4357,3348,2019-11-09,2019
3068,256,2014,710,2019-11-09,2019
3068,256,710,2014,2019-11-09,2019
3069,256,1477,3161,2019-11-09,2019
3069,256,3161,1477,2019-11-09,2019
3070,257,2469,956,2019-11-02,2019
3070,257,956,2469,2019-11-02,2019
3071,257,4016,1348,2019-11-02,2019
3071,257,1348,4016,2019-11-02,2019
3072,257,4008,2324,2019-11-02,2019
3072,257,2324,4008,2019-11-02,2019
3073,257,2234,1805,2019-11-02,2019
3073,257,1805,2234,2019-11-02,2019
3074,257,2196,1380,2019-11-02,2019
3074,257,1380,2196,2019-11-02,2019
3075,257,138,4215,2019-11-02,2019
3075,257,4215,138,2019-11-02,2019
3076,257,519,129,2019-11-02,2019
3076,257,129,519,2019-11-02,2019
3077,257,3636,3966,2019-11-02,2019
3077,257,3966,3636,2019-11-02,2019
3078,257,3429,180,2019-11-02,2019
3078,257,180,3429,2019-11-02,2019
3079,257,651,2380,2019-11-02,2019
3079,257,2380,651,2019-11-02,2019
3080,257,1434,3277,2019-11-02,2019
3080,257,3277,1434,2019-11-02,2019
3081,257,889,172,2019-11-02,2019
3081,257,172,889,2019-11-02,2019
3082,258,2379,203,2019-10-26,2019
3082,258,203,2379,2019-10-26,2019
3083,258,3252,1876,2019-10-26,2019
3083,258,1876,3252,2019-10-26,2019
3084,258,873,563,2019-10-26,2019
3084,258,563,873,2019-10-26,2019
3085,258,1328,2491,2019-10-26,2019
3085,258,2491,1328,2019-10-26,2019
3086,258,3479,3842,2019-10-26,2019
3086,258,3842,3479,2019-10-26,2019
3087,258,2421,4384,2019-10-26,2019
3087,258,4384,2421,2019-10-26,2019
3088,258,1224,4278,2019-10-26,2019
3088,258,4278,1224,2019-10-26,2019
3089,258,1148,289,2019-10-26,2019
3089,258,289,1148,2019-10-26,2019
3090,258,3042,1489,2019-10-26,2019
3090,258,1489,3042,2019-10-26,2019
3091,258,2284,54,2019-10-26,2019
3091,258,54,2284,2019-10-26,2019
3092,258,3099,1750,2019-10-26,2019
3092,258,1750,3099,2019-10-26,2019
3093,259,3284,4265,2019-10-18,2019
3093,259,4265,3284,2019-10-18,2019
3094,259,3370,3852,2019-10-18,2019
3094,259,3852,3370,2019-10-18,2019
3096,259,2160,3047,2019-10-18,2019
3096,259,3047,2160,2019-10-18,2019
3097,259,260,3350,2019-10-18,2019
3097,259,3350,260,2019-10-18,2019
3098,259,3858,4318,2019-10-18,2019
3098,259,4318,3858,2019-10-18,2019
3099,259,3406,344,2019-10-18,2019
3099,259,344,3406,2019-10-18,2019
3100,259,2501,317,2019-10-18,2019
3100,259,317,2501,2019-10-18,2019
3101,259,4336,390,2019-10-18,2019
3101,259,390,4336,2019-10-18,2019
3102,259,782,3484,2019-10-18,2019
3102,259,3484,782,2019-10-18,2019
3103,259,442,2521,2019-10-18,2019
3103,259,2521,442,2019-10-18,2019
3104,259,87,1694,2019-10-18,2019
3104,259,1694,87,2019-10-18,2019
3105,259,419,3825,2019-10-18,2019
3105,259,3825,419,2019-10-18,2019
3106,260,1843,4250,2019-10-12,2019
3106,260,4250,1843,2019-10-12,2019
3107,260,3913,1471,2019-10-12,2019
3107,260,1471,3913,2019-10-12,2019
3108,260,3182,4172,2019-10-12,2019
3108,260,4172,3182,2019-10-12,2019
3109,260,3293,935,2019-10-12,2019
3109,260,935,3293,2019-10-12,2019
3110,260,1280,3060,2019-10-12,2019
3110,260,3060,1280,2019-10-12,2019
3111,260,134,2554,2019-10-12,2019
3111,260,2554,134,2019-10-12,2019
3112,260,3814,709,2019-10-12,2019
3112,260,709,3814,2019-10-12,2019
3113,260,888,1374,2019-10-12,2019
3113,260,1374,888,2019-10-12,2019
3114,260,2709,1493,2019-10-12,2019
3114,260,1493,2709,2019-10-12,2019
3115,260,1202,1090,2019-10-12,2019
3115,260,1090,1202,2019-10-12,2019
3116,260,4158,1149,2019-10-12,2019
3116,260,1149,4158,2019-10-12,2019
3117,260,236,62,2019-10-12,2019
3117,260,62,236,2019-10-12,2019
3118,260,4167,3501,2019-10-12,2019
3118,260,3501,4167,2019-10-12,2019
3119,260,65,2729,2019-10-12,2019
3119,260,2729,65,2019-10-12,2019
3120,261,21,4286,2019-10-05,2019
3120,261,4286,21,2019-10-05,2019
3121,261,1717,1765,2019-10-05,2019
3121,261,1765,1717,2019-10-05,2019
3122,261,3826,4072,2019-10-05,2019
3122,261,4072,3826,2019-10-05,2019
3123,261,2253,1933,2019-10-05,2019
3123,261,1933,2253,2019-10-05,2019
3124,261,894,3930,2019-10-05,2019
3124,261,3930,894,2019-10-05,2019
3125,261,2480,42,2019-10-05,2019
3125,261,42,2480,2019-10-05,2019
3126,261,3166,3150,2019-10-05,2019
3126,261,3150,3166,2019-10-05,2019
3127,261,3308,2734,2019-10-05,2019
3127,261,2734,3308,2019-10-05,2019
3128,261,140,1162,2019-10-05,2019
3128,261,1162,140,2019-10-05,2019
3129,261,2026,1969,2019-10-05,2019
3129,261,1969,2026,2019-10-05,2019
3131,262,587,1644,2019-09-28,2019
3131,262,1644,587,2019-09-28,2019
3132,262,2354,322,2019-09-28,2019
3132,262,322,2354,2019-09-28,2019
3133,262,525,2819,2019-09-28,2019
3133,262,2819,525,2019-09-28,2019
3134,262,842,3420,2019-09-28,2019
3134,262,3420,842,2019-09-28,2019
3135,262,3464,2919,2019-09-28,2019
3135,262,2919,3464,2019-09-28,2019
3136,262,852,2925,2019-09-28,2019
3136,262,2925,852,2019-09-28,2019
3137,262,3124,126,2019-09-28,2019
3137,262,126,3124,2019-09-28,2019
3138,262,2745,942,2019-09-28,2019
3138,262,942,2745,2019-09-28,2019
3139,262,2805,240,2019-09-28,2019
3139,262,240,2805,2019-09-28,2019
3140,262,677,887,2019-09-28,2019
3140,262,887,677,2019-09-28,2019
3141,262,2145,675,2019-09-28,2019
3141,262,675,2145,2019-09-28,2019
3142,262,946,4134,2019-09-28,2019
3142,262,4134,946,2019-09-28,2019
3143,262,3666,1650,2019-09-28,2019
3143,262,1650,3666,2019-09-28,2019
3145,263,1131,1479,2019-09-21,2019
3145,263,1479,1131,2019-09-21,2019
3147,263,61,2566,2019-09-21,2019
3147,263,2566,61,2019-09-21,2019
3148,263,3106,452,2019-09-21,2019
3148,263,452,3106,2019-09-21,2019
3149,263,3214,1739,2019-09-21,2019
3149,263,1739,3214,2019-09-21,2019
3150,263,2820,3283,2019-09-21,2019
3150,263,3283,2820,2019-09-21,2019
3151,263,1673,610,2019-09-21,2019
3151,263,610,1673,2019-09-21,2019
3152,263,3114,2791,2019-09-21,2019
3152,263,2791,3114,2019-09-21,2019
3153,263,801,2701,2019-09-21,2019
3153,263,2701,801,2019-09-21,2019
3154,263,770,1141,2019-09-21,2019
3154,263,1141,770,2019-09-21,2019
3155,263,3191,2416,2019-09-21,2019
3155,263,2416,3191,2019-09-21,2019
3156,264,1306,653,2019-09-14,2019
3156,264,653,1306,2019-09-14,2019
3157,264,3978,2094,2019-09-14,2019
3157,264,2094,3978,2019-09-14,2019
3159,264,746,3077,2019-09-14,2019
3159,264,3077,746,2019-09-14,2019
3160,264,1548,605,2019-09-14,2019
3160,264,605,1548,2019-09-14,2019
3161,264,702,817,2019-09-14,2019
3161,264,817,702,2019-09-14,2019
3162,264,3467,4084,2019-09-14,2019
3162,264,4084,3467,2019-09-14,2019
3163,264,1867,3757,2019-09-14,2019
3163,264,3757,1867,2019-09-14,2019
3164,264,230,1973,2019-09-14,2019
3164,264,1973,230,2019-09-14,2019
3165,264,3736,1494,2019-09-14,2019
3165,264,1494,3736,2019-09-14,2019
3166,264,3765,2339,2019-09-14,2019
3166,264,2339,3765,2019-09-14,2019
3167,264,1743,3179,2019-09-14,2019
3167,264,3179,1743,2019-09-14,2019
3168,265,2883,3154,2019-09-07,2019
3168,265,3154,2883,2019-09-07,2019
3169,265,1174,265,2019-09-07,2019
3169,265,265,1174,2019-09-07,2019
3170,265,2385,3240,2019-09-07,2019
3170,265,3240,2385,2019-09-07,2019
3171,265,383,8,2019-09-07,2019
3171,265,8,383,2019-09-07,2019
3172,265,1192,3935,2019-09-07,2019
3172,265,3935,1192,2019-09-07,2019
3173,265,4330,2198,2019-09-07,2019
3173,265,2198,4330,2019-09-07,2019
3175,265,2696,1889,2019-09-07,2019
3175,265,1889,2696,2019-09-07,2019
3176,265,227,2976,2019-09-07,2019
3176,265,2976,227,2019-09-07,2019
3177,265,2730,3559,2019-09-07,2019
3177,265,3559,2730,2019-09-07,2019
3178,265,3479,3946,2019-09-07,2019
3178,265,3946,3479,2019-09-07,2019
3179,265,40,827,2019-09-07,2019
3179,265,827,40,2019-09-07,2019
3180,265,2350,4438,2019-09-07,2019
3180,265,4438,2350,2019-09-07,2019
3181,266,4428,144,2019-08-31,2019
3181,266,144,4428,2019-08-31,2019
3182,266,2239,4413,2019-08-31,2019
3182,266,4413,2239,2019-08-31,2019
3183,266,1963,899,2019-08-31,2019
3183,266,899,1963,2019-08-31,2019
3184,266,3780,2088,2019-08-31,2019
3184,266,2088,3780,2019-08-31,2019
3185,266,2652,4346,2019-08-31,2019
3185,266,4346,2652,2019-08-31,2019
3186,266,1649,3011,2019-08-31,2019
3186,266,3011,1649,2019-08-31,2019
3187,266,3902,3801,2019-08-31,2019
3187,266,3801,3902,2019-08-31,2019
3188,266,1937,1766,2019-08-31,2019
3188,266,1766,1937,2019-08-31,2019
3189,266,1801,2659,2019-08-31,2019
3189,266,2659,1801,2019-08-31,2019
3190,266,48,861,2019-08-31,2019
3190,266,861,48,2019-08-31,2019
3191,266,3407,3186,2019-08-31,2019
3191,266,3186,3407,2019-08-31,2019
3192,267,2624,766,2019-08-17,2019
3192,267,766,2624,2019-08-17,2019
3193,267,956,3113,2019-08-17,2019
3193,267,3113,956,2019-08-17,2019
3194,267,781,3394,2019-08-17,2019
3194,267,3394,781,2019-08-17,2019
3195,267,4406,329,2019-08-17,2019
3195,267,329,4406,2019-08-17,2019
3196,267,496,1623,2019-08-17,2019
3196,267,1623,496,2019-08-17,2019
3197,267,4339,3756,2019-08-17,2019
3197,267,3756,4339,2019-08-17,2019
3198,267,3506,209,2019-08-17,2019
3198,267,209,3506,2019-08-17,2019
3199,267,2053,1365,2019-08-17,2019
3199,267,1365,2053,2019-08-17,2019
3200,267,1999,344,2019-08-17,2019
3200,267,344,1999,2019-08-17,2019
3201,267,699,1134,2019-08-17,2019
3201,267,1134,699,2019-08-17,2019
3202,267,1960,887,2019-08-17,2019
3202,267,887,1960,2019-08-17,2019
3203,267,2495,979,2019-08-17,2019
3203,267,979,2495,2019-08-17,2019
3204,268,3650,608,2019-08-10,2019
3204,268,608,3650,2019-08-10,2019
3205,268,2324,3098,2019-08-10,2019
3205,268,3098,2324,2019-08-10,2019
3206,268,1332,252,2019-08-10,2019
3206,268,252,1332,2019-08-10,2019
3207,268,2904,2156,2019-08-10,2019
3207,268,2156,2904,2019-08-10,2019
3208,268,4178,3135,2019-08-10,2019
3208,268,3135,4178,2019-08-10,2019
3209,268,289,2655,2019-08-10,2019
3209,268,2655,289,2019-08-10,2019
3210,268,525,2103,2019-08-10,2019
3210,268,2103,525,2019-08-10,2019
3211,268,1328,3099,2019-08-10,2019
3211,268,3099,1328,2019-08-10,2019
3212,268,3372,3071,2019-08-10,2019
3212,268,3071,3372,2019-08-10,2019
3213,268,411,2986,2019-08-10,2019
3213,268,2986,411,2019-08-10,2019
3214,268,1532,895,2019-08-10,2019
3214,268,895,1532,2019-08-10,2019
3215,268,848,4137,2019-08-10,2019
3215,268,4137,848,2019-08-10,2019
3216,268,1576,4170,2019-08-10,2019
3216,268,4170,1576,2019-08-10,2019
3217,269,796,2166,2019-08-03,2019
3217,269,2166,796,2019-08-03,2019
3218,269,2605,1513,2019-08-03,2019
3218,269,1513,2605,2019-08-03,2019
3219,269,1569,3693,2019-08-03,2019
3219,269,3693,1569,2019-08-03,2019
3220,269,2554,1377,2019-08-03,2019
3220,269,1377,2554,2019-08-03,2019
3221,269,1707,2333,2019-08-03,2019
3221,269,2333,1707,2019-08-03,2019
3222,269,2888,3873,2019-08-03,2019
3222,269,3873,2888,2019-08-03,2019
3223,269,1314,4046,2019-08-03,2019
3223,269,4046,1314,2019-08-03,2019
3224,269,3651,3190,2019-08-03,2019
3224,269,3190,3651,2019-08-03,2019
3225,269,3588,1133,2019-08-03,2019
3225,269,1133,3588,2019-08-03,2019
3226,269,2755,3398,2019-08-03,2019
3226,269,3398,2755,2019-08-03,2019
3227,269,3690,4305,2019-08-03,2019
3227,269,4305,3690,2019-08-03,2019
3228,269,1475,1405,2019-08-03,2019
3228,269,1405,1475,2019-08-03,2019
3229,270,1696,1067,2019-07-27,2019
3229,270,1067,1696,2019-07-27,2019
3230,270,1940,3819,2019-07-27,2019
3230,270,3819,1940,2019-07-27,2019
3231,270,2812,3182,2019-07-27,2019
3231,270,3182,2812,2019-07-27,2019
3232,270,4064,213,2019-07-27,2019
3232,270,213,4064,2019-07-27,2019
3233,270,1920,282,2019-07-27,2019
3233,270,282,1920,2019-07-27,2019
3234,270,171,885,2019-07-27,2019
3234,270,885,171,2019-07-27,2019
3235,270,889,1721,2019-07-27,2019
3235,270,1721,889,2019-07-27,2019
3236,270,4068,683,2019-07-27,2019
3236,270,683,4068,2019-07-27,2019
3237,270,1202,3001,2019-07-27,2019
3237,270,3001,1202,2019-07-27,2019
3238,270,3350,1283,2019-07-27,2019
3238,270,1283,3350,2019-07-27,2019
3239,270,2062,3859,2019-07-27,2019
3239,270,3859,2062,2019-07-27,2019
3240,271,1072,995,2019-07-20,2019
3240,271,995,1072,2019-07-20,2019
3241,271,1585,2918,2019-07-20,2019
3241,271,2918,1585,2019-07-20,2019
3242,271,1577,18,2019-07-20,2019
3242,271,18,1577,2019-07-20,2019
3243,271,1717,4172,2019-07-20,2019
3243,271,4172,1717,2019-07-20,2019
3244,271,1648,4056,2019-07-20,2019
3244,271,4056,1648,2019-07-20,2019
3245,271,180,3418,2019-07-20,2019
3245,271,3418,180,2019-07-20,2019
3246,271,551,3106,2019-07-20,2019
3246,271,3106,551,2019-07-20,2019
3247,271,3070,61,2019-07-20,2019
3247,271,61,3070,2019-07-20,2019
3248,271,13,117,2019-07-20,2019
3248,271,117,13,2019-07-20,2019
3249,271,2380,2654,2019-07-20,2019
3249,271,2654,2380,2019-07-20,2019
3250,271,412,3698,2019-07-20,2019
3250,271,3698,412,2019-07-20,2019
3251,271,301,3787,2019-07-20,2019
3251,271,3787,301,2019-07-20,2019
3252,271,727,3141,2019-07-20,2019
3252,271,3141,727,2019-07-20,2019
3253,272,908,2127,2019-07-13,2019
3253,272,2127,908,2019-07-13,2019
3254,272,1156,3717,2019-07-13,2019
3254,272,3717,1156,2019-07-13,2019
3255,272,1104,316,2019-07-13,2019
3255,272,316,1104,2019-07-13,2019
3256,272,3338,4080,2019-07-13,2019
3256,272,4080,3338,2019-07-13,2019
3257,272,4167,1191,2019-07-13,2019
3257,272,1191,4167,2019-07-13,2019
3259,272,1209,2687,2019-07-13,2019
3259,272,2687,1209,2019-07-13,2019
3260,272,3059,2674,2019-07-13,2019
3260,272,2674,3059,2019-07-13,2019
3261,272,1549,1087,2019-07-13,2019
3261,272,1087,1549,2019-07-13,2019
3262,272,2449,3146,2019-07-13,2019
3262,272,3146,2449,2019-07-13,2019
3263,272,1249,3807,2019-07-13,2019
3263,272,3807,1249,2019-07-13,2019
3264,272,2297,2693,2019-07-13,2019
3264,272,2693,2297,2019-07-13,2019
3265,273,1893,3532,2019-07-06,2019
3265,273,3532,1893,2019-07-06,2019
3266,273,2878,1699,2019-07-06,2019
3266,273,1699,2878,2019-07-06,2019
3267,273,2469,203,2019-07-06,2019
3267,273,203,2469,2019-07-06,2019
3268,273,372,3362,2019-07-06,2019
3268,273,3362,372,2019-07-06,2019
3269,273,676,3493,2019-07-06,2019
3269,273,3493,676,2019-07-06,2019
3270,273,86,2562,2019-07-06,2019
3270,273,2562,86,2019-07-06,2019
3271,273,4158,1650,2019-07-06,2019
3271,273,1650,4158,2019-07-06,2019
3272,273,1303,2421,2019-07-06,2019
3272,273,2421,1303,2019-07-06,2019
3273,273,3781,3085,2019-07-06,2019
3273,273,3085,3781,2019-07-06,2019
3274,273,3636,2435,2019-07-06,2019
3274,273,2435,3636,2019-07-06,2019
3275,273,3277,2805,2019-07-06,2019
3275,273,2805,3277,2019-07-06,2019
3276,273,222,2014,2019-07-06,2019
3276,273,2014,222,2019-07-06,2019
3277,274,2831,996,2019-06-29,2019
3277,274,996,2831,2019-06-29,2019
3278,274,325,1246,2019-06-29,2019
3278,274,1246,325,2019-06-29,2019
3279,274,2379,2441,2019-06-29,2019
3279,274,2441,2379,2019-06-29,2019
3280,274,3130,3348,2019-06-29,2019
3280,274,3348,3130,2019-06-29,2019
3281,274,978,3283,2019-06-29,2019
3281,274,3283,978,2019-06-29,2019
3282,274,2574,801,2019-06-29,2019
3282,274,801,2574,2019-06-29,2019
3283,274,3239,2827,2019-06-29,2019
3283,274,2827,3239,2019-06-29,2019
3284,274,134,2701,2019-06-29,2019
3284,274,2701,134,2019-06-29,2019
3285,274,1440,2705,2019-06-29,2019
3285,274,2705,1440,2019-06-29,2019
3286,274,2322,4047,2019-06-29,2019
3286,274,4047,2322,2019-06-29,2019
3287,274,3293,4285,2019-06-29,2019
3287,274,4285,3293,2019-06-29,2019
3288,274,1489,52,2019-06-29,2019
3288,274,52,1489,2019-06-29,2019
3289,275,1935,2658,2019-06-22,2019
3289,275,2658,1935,2019-06-22,2019
3290,275,485,261,2019-06-22,2019
3290,275,261,485,2019-06-22,2019
3291,275,1149,999,2019-06-22,2019
3291,275,999,1149,2019-06-22,2019
3292,275,2198,898,2019-06-22,2019
3292,275,898,2198,2019-06-22,2019
3293,275,1694,942,2019-06-22,2019
3293,275,942,1694,2019-06-22,2019
3294,275,1769,31,2019-06-22,2019
3294,275,31,1769,2019-06-22,2019
3295,275,4384,2071,2019-06-22,2019
3295,275,2071,4384,2019-06-22,2019
3296,275,3060,4316,2019-06-22,2019
3296,275,4316,3060,2019-06-22,2019
3297,275,3429,814,2019-06-22,2019
3297,275,814,3429,2019-06-22,2019
3298,275,2501,847,2019-06-22,2019
3298,275,847,2501,2019-06-22,2019
3299,275,4318,3823,2019-06-22,2019
3299,275,3823,4318,2019-06-22,2019
3300,276,648,2686,2019-06-08,2019
3300,276,2686,648,2019-06-08,2019
3301,276,3650,1154,2019-06-08,2019
3301,276,1154,3650,2019-06-08,2019
3302,276,1181,653,2019-06-08,2019
3302,276,653,1181,2019-06-08,2019
3303,276,4368,3330,2019-06-08,2019
3303,276,3330,4368,2019-06-08,2019
3304,276,1805,4072,2019-06-08,2019
3304,276,4072,1805,2019-06-08,2019
3305,276,3890,2879,2019-06-08,2019
3305,276,2879,3890,2019-06-08,2019
3306,276,3853,2738,2019-06-08,2019
3306,276,2738,3853,2019-06-08,2019
3307,276,1479,2086,2019-06-08,2019
3307,276,2086,1479,2019-06-08,2019
3308,276,1974,2137,2019-06-08,2019
3308,276,2137,1974,2019-06-08,2019
3309,276,4367,1673,2019-06-08,2019
3309,276,1673,4367,2019-06-08,2019
3310,276,3858,2235,2019-06-08,2019
3310,276,2235,3858,2019-06-08,2019
3311,276,4317,3161,2019-06-08,2019
3311,276,3161,4317,2019-06-08,2019
3312,276,651,4330,2019-06-08,2019
3312,276,4330,651,2019-06-08,2019
3313,277,3752,1528,2019-06-01,2019
3313,277,1528,3752,2019-06-01,2019
3314,277,3227,2411,2019-06-01,2019
3314,277,2411,3227,2019-06-01,2019
3315,277,129,1220,2019-06-01,2019
3315,277,1220,129,2019-06-01,2019
3316,277,1365,1540,2019-06-01,2019
3316,277,1540,1365,2019-06-01,2019
3317,277,3991,1863,2019-06-01,2019
3317,277,1863,3991,2019-06-01,2019
3318,277,2007,42,2019-06-01,2019
3318,277,42,2007,2019-06-01,2019
3319,277,2145,1147,2019-06-01,2019
3319,277,1147,2145,2019-06-01,2019
3320,277,3531,3252,2019-06-01,2019
3320,277,3252,3531,2019-06-01,2019
3321,277,563,1622,2019-06-01,2019
3321,277,1622,563,2019-06-01,2019
3322,277,2392,3516,2019-06-01,2019
3322,277,3516,2392,2019-06-01,2019
3323,277,709,3873,2019-06-01,2019
3323,277,3873,709,2019-06-01,2019
3324,277,111,322,2019-06-01,2019
3324,277,322,111,2019-06-01,2019
3325,278,995,2196,2019-05-18,2019
3325,278,2196,995,2019-05-18,2019
3326,278,1623,605,2019-05-18,2019
3326,278,605,1623,2019-05-18,2019
3327,278,3819,140,2019-05-18,2019
3327,278,140,3819,2019-05-18,2019
3328,278,2324,2088,2019-05-18,2019
3328,278,2088,2324,2019-05-18,2019
3329,278,2922,2216,2019-05-18,2019
3329,278,2216,2922,2019-05-18,2019
3330,278,3240,1743,2019-05-18,2019
3330,278,1743,3240,2019-05-18,2019
3331,278,2127,1141,2019-05-18,2019
3331,278,1141,2127,2019-05-18,2019
3332,278,1487,1922,2019-05-18,2019
3332,278,1922,1487,2019-05-18,2019
3333,278,3077,3347,2019-05-18,2019
3333,278,3347,3077,2019-05-18,2019
3334,278,890,4058,2019-05-18,2019
3334,278,4058,890,2019-05-18,2019
3335,278,1642,829,2019-05-18,2019
3335,278,829,1642,2019-05-18,2019
3336,278,827,1377,2019-05-18,2019
3336,278,1377,827,2019-05-18,2019
3337,278,172,1120,2019-05-18,2019
3337,278,1120,172,2019-05-18,2019
3338,279,144,2792,2019-05-11,2019
3338,279,2792,144,2019-05-11,2019
3339,279,587,3678,2019-05-11,2019
3339,279,3678,587,2019-05-11,2019
3340,279,4198,64,2019-05-11,2019
3340,279,64,4198,2019-05-11,2019
3341,279,3842,112,2019-05-11,2019
3341,279,112,3842,2019-05-11,2019
3342,279,61,770,2019-05-11,2019
3342,279,770,61,2019-05-11,2019
3343,279,3814,2860,2019-05-11,2019
3343,279,2860,3814,2019-05-11,2019
3344,279,2659,1703,2019-05-11,2019
3344,279,1703,2659,2019-05-11,2019
3345,279,115,2685,2019-05-11,2019
3345,279,2685,115,2019-05-11,2019
3346,279,1513,3066,2019-05-11,2019
3346,279,3066,1513,2019-05-11,2019
3347,279,611,553,2019-05-11,2019
3347,279,553,611,2019-05-11,2019
3348,279,266,1739,2019-05-11,2019
3348,279,1739,266,2019-05-11,2019
3349,279,171,345,2019-05-11,2019
3349,279,345,171,2019-05-11,2019
3350,280,653,1765,2019-05-04,2019
3350,280,1765,653,2019-05-04,2019
3351,280,496,3996,2019-05-04,2019
3351,280,3996,496,2019-05-04,2019
3352,280,519,3913,2019-05-04,2019
3352,280,3913,519,2019-05-04,2019
3353,280,1052,1973,2019-05-04,2019
3353,280,1973,1052,2019-05-04,2019
3354,280,1585,3826,2019-05-04,2019
3354,280,3826,1585,2019-05-04,2019
3355,280,3501,282,2019-05-04,2019
3355,280,282,3501,2019-05-04,2019
3356,280,675,2696,2019-05-04,2019
3356,280,2696,675,2019-05-04,2019
3357,280,2693,4410,2019-05-04,2019
3357,280,4410,2693,2019-05-04,2019
3358,280,3946,3179,2019-05-04,2019
3358,280,3179,3946,2019-05-04,2019
3359,280,3570,2820,2019-05-04,2019
3359,280,2820,3570,2019-05-04,2019
3360,280,356,18,2019-05-04,2019
3360,280,18,356,2019-05-04,2019
3361,280,3757,1309,2019-05-04,2019
3361,280,1309,3757,2019-05-04,2019
3362,281,1644,3805,2019-04-27,2019
3362,281,3805,1644,2019-04-27,2019
3363,281,1577,3764,2019-04-27,2019
3363,281,3764,1577,2019-04-27,2019
3364,281,3098,2925,2019-04-27,2019
3364,281,2925,3098,2019-04-27,2019
3365,281,3978,842,2019-04-27,2019
3365,281,842,3978,2019-04-27,2019
3366,281,3506,2262,2019-04-27,2019
3366,281,2262,3506,2019-04-27,2019
3367,281,3348,1374,2019-04-27,2019
3367,281,1374,3348,2019-04-27,2019
3368,281,3559,3565,2019-04-27,2019
3368,281,3565,3559,2019-04-27,2019
3369,281,3467,180,2019-04-27,2019
3369,281,180,3467,2019-04-27,2019
3370,281,1131,1828,2019-04-27,2019
3370,281,1828,1131,2019-04-27,2019
3371,281,525,888,2019-04-27,2019
3371,281,888,525,2019-04-27,2019
3372,281,2605,1427,2019-04-27,2019
3372,281,1427,2605,2019-04-27,2019
3373,281,1673,1134,2019-04-27,2019
3373,281,1134,1673,2019-04-27,2019
3374,281,2253,2521,2019-04-27,2019
3374,281,2521,2253,2019-04-27,2019
3375,282,2965,2918,2019-04-20,2019
3375,282,2918,2965,2019-04-20,2019
3376,282,2385,4064,2019-04-20,2019
3376,282,4064,2385,2019-04-20,2019
3377,282,3042,1406,2019-04-20,2019
3377,282,1406,3042,2019-04-20,2019
3378,282,2654,3651,2019-04-20,2019
3378,282,3651,2654,2019-04-20,2019
3379,282,1920,126,2019-04-20,2019
3379,282,126,1920,2019-04-20,2019
3380,282,1148,683,2019-04-20,2019
3380,282,683,1148,2019-04-20,2019
3381,282,80,2781,2019-04-20,2019
3381,282,2781,80,2019-04-20,2019
3382,282,4357,848,2019-04-20,2019
3382,282,848,4357,2019-04-20,2019
3383,282,8,4084,2019-04-20,2019
3383,282,4084,8,2019-04-20,2019
3384,282,2919,156,2019-04-20,2019
3384,282,156,2919,2019-04-20,2019
3385,282,2766,1224,2019-04-20,2019
3385,282,1224,2766,2019-04-20,2019
3386,283,3154,1696,2019-04-13,2019
3386,283,1696,3154,2019-04-13,2019
3387,283,21,1348,2019-04-13,2019
3387,283,1348,21,2019-04-13,2019
3388,283,3420,134,2019-04-13,2019
3388,283,134,3420,2019-04-13,2019
3389,283,1478,1921,2019-04-13,2019
3389,283,1921,1478,2019-04-13,2019
3390,283,2094,3464,2019-04-13,2019
3390,283,3464,2094,2019-04-13,2019
3391,283,1280,4082,2019-04-13,2019
3391,283,4082,1280,2019-04-13,2019
3392,283,3001,3271,2019-04-13,2019
3392,283,3271,3001,2019-04-13,2019
3393,283,1493,1775,2019-04-13,2019
3393,283,1775,1493,2019-04-13,2019
3394,283,3932,3484,2019-04-13,2019
3394,283,3484,3932,2019-04-13,2019
3395,283,2730,2601,2019-04-13,2019
3395,283,2601,2730,2019-04-13,2019
3396,283,1822,3801,2019-04-13,2019
3396,283,3801,1822,2019-04-13,2019
3397,283,423,2729,2019-04-13,2019
3397,283,2729,423,2019-04-13,2019
3398,283,887,782,2019-04-13,2019
3398,283,782,887,2019-04-13,2019
3399,284,1306,265,2019-03-30,2019
3399,284,265,1306,2019-03-30,2019
3400,284,1644,447,2019-03-30,2019
3400,284,447,1644,2019-03-30,2019
3401,284,1104,1876,2019-03-30,2019
3401,284,1876,1104,2019-03-30,2019
3402,284,4250,2086,2019-03-30,2019
3402,284,2086,4250,2019-03-30,2019
3403,284,801,2888,2019-03-30,2019
3403,284,2888,801,2019-03-30,2019
3404,284,4406,2687,2019-03-30,2019
3404,284,2687,4406,2019-03-30,2019
3405,284,3372,30,2019-03-30,2019
3405,284,30,3372,2019-03-30,2019
3406,284,1487,3049,2019-03-30,2019
3406,284,3049,1487,2019-03-30,2019
3407,284,31,289,2019-03-30,2019
3407,284,289,31,2019-03-30,2019
3408,284,1694,2554,2019-03-30,2019
3408,284,2554,1694,2019-03-30,2019
3409,284,1999,412,2019-03-30,2019
3409,284,412,1999,2019-03-30,2019
3410,284,2710,2495,2019-03-30,2019
3410,284,2495,2710,2019-03-30,2019
3411,284,3088,899,2019-03-30,2019
3411,284,899,3088,2019-03-30,2019
3412,285,3113,4008,2019-03-23,2019
3412,285,4008,3113,2019-03-23,2019
3413,285,383,4309,2019-03-23,2019
3413,285,4309,383,2019-03-23,2019
3414,285,2384,3145,2019-03-23,2019
3414,285,3145,2384,2019-03-23,2019
3415,285,1246,1202,2019-03-23,2019
3415,285,1202,1246,2019-03-23,2019
3416,285,3060,3106,2019-03-23,2019
3416,285,3106,3060,2019-03-23,2019
3417,285,260,65,2019-03-23,2019
3417,285,65,260,2019-03-23,2019
3418,285,2639,2655,2019-03-23,2019
3418,285,2655,2639,2019-03-23,2019
3419,285,4158,3454,2019-03-23,2019
3419,285,3454,4158,2019-03-23,2019
3420,285,2380,885,2019-03-23,2019
3420,285,885,2380,2019-03-23,2019
3421,285,2421,1673,2019-03-23,2019
3421,285,1673,2421,2019-03-23,2019
3422,285,1532,2339,2019-03-23,2019
3422,285,2339,1532,2019-03-23,2019
3423,285,1133,3647,2019-03-23,2019
3423,285,3647,1133,2019-03-23,2019
3424,286,2469,4016,2019-03-16,2019
3424,286,4016,2469,2019-03-16,2019
3425,286,1072,2819,2019-03-16,2019
3425,286,2819,1072,2019-03-16,2019
3426,286,3284,2904,2019-03-16,2019
3426,286,2904,3284,2019-03-16,2019
3427,286,4331,3214,2019-03-16,2019
3427,286,3214,4331,2019-03-16,2019
3428,286,3690,3347,2019-03-16,2019
3428,286,3347,3690,2019-03-16,2019
3429,286,2435,3124,2019-03-16,2019
3429,286,3124,2435,2019-03-16,2019
3430,286,86,3316,2019-03-16,2019
3430,286,3316,86,2019-03-16,2019
3431,286,946,1032,2019-03-16,2019
3431,286,1032,946,2019-03-16,2019
3432,286,3456,2815,2019-03-16,2019
3432,286,2815,3456,2019-03-16,2019
3433,286,1769,1638,2019-03-16,2019
3433,286,1638,1769,2019-03-16,2019
3434,286,2501,553,2019-03-16,2019
3434,286,553,2501,2019-03-16,2019
3435,286,1506,2794,2019-03-16,2019
3435,286,2794,1506,2019-03-16,2019
3436,287,996,2234,2019-03-09,2019
3436,287,2234,996,2019-03-09,2019
3437,287,4413,2601,2019-03-09,2019
3437,287,2601,4413,2019-03-09,2019
3438,287,3182,2544,2019-03-09,2019
3438,287,2544,3182,2019-03-09,2019
3439,287,1805,3418,2019-03-09,2019
3439,287,3418,1805,2019-03-09,2019
3440,287,873,978,2019-03-09,2019
3440,287,978,873,2019-03-09,2019
3441,287,40,393,2019-03-09,2019
3441,287,393,40,2019-03-09,2019
3442,287,2441,2685,2019-03-09,2019
3442,287,2685,2441,2019-03-09,2019
3443,287,3536,3279,2019-03-09,2019
3443,287,3279,3536,2019-03-09,2019
3444,287,890,1120,2019-03-09,2019
3444,287,1120,890,2019-03-09,2019
3445,287,1489,1750,2019-03-09,2019
3445,287,1750,1489,2019-03-09,2019
3446,287,3588,3765,2019-03-09,2019
3446,287,3765,3588,2019-03-09,2019
3447,287,2709,2962,2019-03-09,2019
3447,287,2962,2709,2019-03-09,2019
3448,287,4278,2705,2019-03-09,2019
3448,287,2705,4278,2019-03-09,2019
3449,288,1893,3752,2019-03-02,2019
3449,288,3752,1893,2019-03-02,2019
3450,288,4106,4333,2019-03-02,2019
3450,288,4333,4106,2019-03-02,2019
3451,288,203,2166,2019-03-02,2019
3451,288,2166,203,2019-03-02,2019
3452,288,4428,3071,2019-03-02,2019
3452,288,3071,4428,2019-03-02,2019
3453,288,2738,1333,2019-03-02,2019
3453,288,1333,2738,2019-03-02,2019
3454,288,2372,3852,2019-03-02,2019
3454,288,3852,2372,2019-03-02,2019
3455,288,4215,702,2019-03-02,2019
3455,288,702,4215,2019-03-02,2019
3456,288,3834,3085,2019-03-02,2019
3456,288,3085,3834,2019-03-02,2019
3457,288,3493,1314,2019-03-02,2019
3457,288,1314,3493,2019-03-02,2019
3458,288,3636,545,2019-03-02,2019
3458,288,545,3636,2019-03-02,2019
3459,288,675,2494,2019-03-02,2019
3459,288,2494,675,2019-03-02,2019
3460,288,699,4170,2019-03-02,2019
3460,288,4170,699,2019-03-02,2019
3461,289,3532,372,2019-02-23,2019
3461,289,372,3532,2019-02-23,2019
3462,289,3886,3383,2019-02-23,2019
3462,289,3383,3886,2019-02-23,2019
3463,289,2919,4182,2019-02-23,2019
3463,289,4182,2919,2019-02-23,2019
3464,289,608,3190,2019-02-23,2019
3464,289,3190,608,2019-02-23,2019
3465,289,4368,982,2019-02-23,2019
3465,289,982,4368,2019-02-23,2019
3466,289,155,13,2019-02-23,2019
3466,289,13,155,2019-02-23,2019
3467,289,1478,3051,2019-02-23,2019
3467,289,3051,1478,2019-02-23,2019
3468,289,1220,3991,2019-02-23,2019
3468,289,3991,1220,2019-02-23,2019
3469,289,3350,1576,2019-02-23,2019
3469,289,1576,3350,2019-02-23,2019
3470,289,1540,3283,2019-02-23,2019
3470,289,3283,1540,2019-02-23,2019
3471,289,2805,3177,2019-02-23,2019
3471,289,3177,2805,2019-02-23,2019
3472,289,1192,2005,2019-02-23,2019
3472,289,2005,1192,2019-02-23,2019
3473,289,1801,111,2019-02-23,2019
3473,289,111,1801,2019-02-23,2019
3474,290,2831,4149,2019-02-17,2019
3474,290,4149,2831,2019-02-17,2019
3475,290,1174,4172,2019-02-17,2019
3475,290,4172,1174,2019-02-17,2019
3476,290,561,628,2019-02-17,2019
3476,290,628,561,2019-02-17,2019
3477,290,1471,551,2019-02-17,2019
3477,290,551,1471,2019-02-17,2019
3478,290,2324,261,2019-02-17,2019
3478,290,261,2324,2019-02-17,2019
3479,290,1209,1939,2019-02-17,2019
3479,290,1939,1209,2019-02-17,2019
3480,290,3853,3330,2019-02-17,2019
3480,290,3330,3853,2019-02-17,2019
3481,290,344,2297,2019-02-17,2019
3481,290,2297,344,2019-02-17,2019
3482,290,2198,1145,2019-02-17,2019
3482,290,1145,2198,2019-02-17,2019
3483,290,2216,1707,2019-02-17,2019
3483,290,1707,2216,2019-02-17,2019
3484,290,3504,258,2019-02-17,2019
3484,290,258,3504,2019-02-17,2019
3485,290,4285,54,2019-02-17,2019
3485,290,54,4285,2019-02-17,2019
3486,291,21,3678,2019-02-09,2019
3486,291,3678,21,2019-02-09,2019
3487,291,4134,2416,2019-02-09,2019
3487,291,2416,4134,2019-02-09,2019
3488,291,3717,4354,2019-02-09,2019
3488,291,4354,3717,2019-02-09,2019
3489,291,898,1969,2019-02-09,2019
3489,291,1969,898,2019-02-09,2019
3490,291,817,117,2019-02-09,2019
3490,291,117,817,2019-02-09,2019
3491,291,3756,2333,2019-02-09,2019
3491,291,2333,3756,2019-02-09,2019
3492,291,4400,183,2019-02-09,2019
3492,291,183,4400,2019-02-09,2019
3493,291,1963,2986,2019-02-09,2019
3493,291,2986,1963,2019-02-09,2019
3494,291,1960,1796,2019-02-09,2019
3494,291,1796,1960,2019-02-09,2019
3495,291,4082,3166,2019-02-09,2019
3495,291,3166,4082,2019-02-09,2019
3496,291,2449,4347,2019-02-09,2019
3496,291,4347,2449,2019-02-09,2019
3497,292,2686,209,2019-02-02,2019
3497,292,209,2686,2019-02-02,2019
3498,292,64,2658,2019-02-02,2019
3498,292,2658,64,2019-02-02,2019
3499,292,2379,1434,2019-02-02,2019
3499,292,1434,2379,2019-02-02,2019
3500,292,2922,3990,2019-02-02,2019
3500,292,3990,2922,2019-02-02,2019
3501,292,4215,2186,2019-02-02,2019
3501,292,2186,4215,2019-02-02,2019
3502,292,3807,1283,2019-02-02,2019
3502,292,1283,3807,2019-02-02,2019
3503,292,3089,1649,2019-02-02,2019
3503,292,1649,3089,2019-02-02,2019
3504,292,3398,3537,2019-02-02,2019
3504,292,3537,3398,2019-02-02,2019
3505,292,112,1493,2019-02-02,2019
3505,292,1493,112,2019-02-02,2019
3506,292,3429,52,2019-02-02,2019
3506,292,52,3429,2019-02-02,2019
3507,292,895,727,2019-02-02,2019
3507,292,727,895,2019-02-02,2019
3508,292,2884,3239,2019-02-02,2019
3508,292,3239,2884,2019-02-02,2019
3509,292,411,358,2019-02-02,2019
3509,292,358,411,2019-02-02,2019
3510,293,648,966,2019-01-19,2019
3510,293,966,648,2019-01-19,2019
3511,293,814,1577,2019-01-19,2019
3511,293,1577,814,2019-01-19,2019
3512,293,1380,2545,2019-01-19,2019
3512,293,2545,1380,2019-01-19,2019
3513,293,325,2951,2019-01-19,2019
3513,293,2951,325,2019-01-19,2019
3514,293,4135,2957,2019-01-19,2019
3514,293,2957,4135,2019-01-19,2019
3515,293,3978,3338,2019-01-19,2019
3515,293,3338,3978,2019-01-19,2019
3516,293,653,1648,2019-01-19,2019
3516,293,1648,653,2019-01-19,2019
3517,293,4330,847,2019-01-19,2019
3517,293,847,4330,2019-01-19,2019
3518,293,2574,2701,2019-01-19,2019
3518,293,2701,2574,2019-01-19,2019
3519,293,3506,301,2019-01-19,2019
3519,293,301,3506,2019-01-19,2019
3520,293,343,1073,2019-01-19,2019
3520,293,1073,343,2019-01-19,2019
3521,293,2812,2730,2019-01-19,2019
3521,293,2730,2812,2019-01-19,2019
3522,293,3277,3859,2019-01-19,2019
3522,293,3859,3277,2019-01-19,2019
3523,294,1893,1528,2018-12-29,2018
3523,294,1528,1893,2018-12-29,2018
3524,294,2878,1940,2018-12-29,2018
3524,294,1940,2878,2018-12-29,2018
3525,294,676,743,2018-12-29,2018
3525,294,743,676,2018-12-29,2018
3526,294,138,2156,2018-12-29,2018
3526,294,2156,138,2018-12-29,2018
3527,294,4198,2568,2018-12-29,2018
3527,294,2568,4198,2018-12-29,2018
3529,294,140,4442,2018-12-29,2018
3529,294,4442,140,2018-12-29,2018
3530,294,4368,3711,2018-12-29,2018
3530,294,3711,4368,2018-12-29,2018
3531,294,1549,3066,2018-12-29,2018
3531,294,3066,1549,2018-12-29,2018
3532,294,4331,1149,2018-12-29,2018
3532,294,1149,4331,2018-12-29,2018
3533,294,1548,2235,2018-12-29,2018
3533,294,2235,1548,2018-12-29,2018
3534,294,2601,240,2018-12-29,2018
3534,294,240,2601,2018-12-29,2018
3535,294,1822,1989,2018-12-29,2018
3535,294,1989,1822,2018-12-29,2018
3536,295,1765,2196,2018-12-15,2018
3536,295,2196,1765,2018-12-15,2018
3537,295,265,1717,2018-12-15,2018
3537,295,1717,265,2018-12-15,2018
3538,295,1240,3114,2018-12-15,2018
3538,295,3114,1240,2018-12-15,2018
3539,295,2922,2605,2018-12-15,2018
3539,295,2605,2922,2018-12-15,2018
3540,295,2962,1478,2018-12-15,2018
3540,295,1478,2962,2018-12-15,2018
3541,295,2053,1486,2018-12-15,2018
3541,295,1486,2053,2018-12-15,2018
3542,295,3693,1440,2018-12-15,2018
3542,295,1440,3693,2018-12-15,2018
3543,295,1644,2554,2018-12-15,2018
3543,295,2554,1644,2018-12-15,2018
3544,295,827,3751,2018-12-15,2018
3544,295,3751,827,2018-12-15,2018
3545,295,1769,1494,2018-12-15,2018
3545,295,1494,1769,2018-12-15,2018
3546,295,3371,2616,2018-12-15,2018
3546,295,2616,3371,2018-12-15,2018
3547,295,18,897,2018-12-15,2018
3547,295,897,18,2018-12-15,2018
3548,296,1696,2948,2018-12-08,2018
3548,296,2948,1696,2018-12-08,2018
3549,296,3650,1843,2018-12-08,2018
3549,296,1843,3650,2018-12-08,2018
3550,296,2819,2925,2018-12-08,2018
3550,296,2925,2819,2018-12-08,2018
3551,296,889,390,2018-12-08,2018
3551,296,390,889,2018-12-08,2018
3552,296,3532,2411,2018-12-08,2018
3552,296,2411,3532,2018-12-08,2018
3553,296,2879,1303,2018-12-08,2018
3553,296,1303,2879,2018-12-08,2018
3554,296,525,213,2018-12-08,2018
3554,296,213,525,2018-12-08,2018
3555,296,1154,651,2018-12-08,2018
3555,296,651,1154,2018-12-08,2018
3556,296,3996,134,2018-12-08,2018
3556,296,134,3996,2018-12-08,2018
3557,296,1973,2296,2018-12-08,2018
3557,296,2296,1973,2018-12-08,2018
3558,296,2253,2147,2018-12-08,2018
3558,296,2147,2253,2018-12-08,2018
3559,296,1192,2820,2018-12-08,2018
3559,296,2820,1192,2018-12-08,2018
3560,296,3227,709,2018-12-08,2018
3560,296,709,3227,2018-12-08,2018
3561,297,996,4072,2018-12-01,2018
3561,297,4072,996,2018-12-01,2018
3562,297,3430,3053,2018-12-01,2018
3562,297,3053,3430,2018-12-01,2018
3563,297,4309,1758,2018-12-01,2018
3563,297,1758,4309,2018-12-01,2018
3564,297,2441,2480,2018-12-01,2018
3564,297,2480,2441,2018-12-01,2018
3565,297,4406,2662,2018-12-01,2018
3565,297,2662,4406,2018-12-01,2018
3566,297,817,801,2018-12-01,2018
3566,297,801,817,2018-12-01,2018
3567,297,2103,2913,2018-12-01,2018
3567,297,2913,2103,2018-12-01,2018
3568,297,3271,2833,2018-12-01,2018
3568,297,2833,3271,2018-12-01,2018
3569,297,2781,4046,2018-12-01,2018
3569,297,4046,2781,2018-12-01,2018
3570,297,1963,1340,2018-12-01,2018
3570,297,1340,1963,2018-12-01,2018
3571,297,1365,1682,2018-12-01,2018
3571,297,1682,1365,2018-12-01,2018
3572,297,1801,1444,2018-12-01,2018
3572,297,1444,1801,2018-12-01,2018
3573,298,4106,995,2018-11-30,2018
3573,298,995,4106,2018-11-30,2018
3574,298,1132,1266,2018-11-30,2018
3574,298,1266,1132,2018-11-30,2018
3575,298,675,2014,2018-11-30,2018
3575,298,2014,675,2018-11-30,2018
3576,298,2738,597,2018-11-30,2018
3576,298,597,2738,2018-11-30,2018
3577,298,3636,3858,2018-11-30,2018
3577,298,3858,3636,2018-11-30,2018
3578,298,3651,2026,2018-11-30,2018
3578,298,2026,3651,2018-11-30,2018
3579,298,31,1395,2018-11-30,2018
3579,298,1395,31,2018-11-30,2018
3580,298,325,3088,2018-11-30,2018
3580,298,3088,325,2018-11-30,2018
3581,298,1489,298,2018-11-30,2018
3581,298,298,1489,2018-11-30,2018
3582,298,2227,3866,2018-11-30,2018
3582,298,3866,2227,2018-11-30,2018
3583,298,3348,1719,2018-11-30,2018
3583,298,1719,3348,2018-11-30,2018
3584,298,2544,3224,2018-11-30,2018
3584,298,3224,2544,2018-11-30,2018
3585,298,266,1532,2018-11-30,2018
3585,298,1532,266,2018-11-30,2018
3586,299,2831,383,2018-11-24,2018
3586,299,383,2831,2018-11-24,2018
3587,299,2965,3042,2018-11-24,2018
3587,299,3042,2965,2018-11-24,2018
3588,299,3781,2693,2018-11-24,2018
3588,299,2693,3781,2018-11-24,2018
3589,299,2239,4417,2018-11-24,2018
3589,299,4417,2239,2018-11-24,2018
3590,299,2709,3780,2018-11-24,2018
3590,299,3780,2709,2018-11-24,2018
3591,299,4346,2729,2018-11-24,2018
3591,299,2729,4346,2018-11-24,2018
3592,299,790,1738,2018-11-24,2018
3592,299,1738,790,2018-11-24,2018
3593,299,4428,30,2018-11-24,2018
3593,299,30,4428,2018-11-24,2018
3594,299,3146,892,2018-11-24,2018
3594,299,892,3146,2018-11-24,2018
3595,299,4367,2071,2018-11-24,2018
3595,299,2071,4367,2018-11-24,2018
3596,299,1694,3124,2018-11-24,2018
3596,299,3124,1694,2018-11-24,2018
3597,299,3765,3902,2018-11-24,2018
3597,299,3902,3765,2018-11-24,2018
3598,300,3160,2364,2018-11-17,2018
3598,300,2364,3160,2018-11-17,2018
3599,300,2137,1087,2018-11-17,2018
3599,300,1087,2137,2018-11-17,2018
3600,300,4215,3420,2018-11-17,2018
3600,300,3420,4215,2018-11-17,2018
3601,300,1623,1191,2018-11-17,2018
3601,300,1191,1623,2018-11-17,2018
3602,300,4158,586,2018-11-17,2018
3602,300,586,4158,2018-11-17,2018
3603,300,561,423,2018-11-17,2018
3603,300,423,561,2018-11-17,2018
3604,300,3177,1159,2018-11-17,2018
3604,300,1159,3177,2018-11-17,2018
3605,300,3001,3554,2018-11-17,2018
3605,300,3554,3001,2018-11-17,2018
3606,300,183,252,2018-11-17,2018
3606,300,252,183,2018-11-17,2018
3607,300,3842,62,2018-11-17,2018
3607,300,62,3842,2018-11-17,2018
3608,300,3145,3169,2018-11-17,2018
3608,300,3169,3145,2018-11-17,2018
3609,300,2794,999,2018-11-17,2018
3609,300,999,2794,2018-11-17,2018
3610,301,3370,1935,2018-11-10,2018
3610,301,1935,3370,2018-11-10,2018
3611,301,653,3098,2018-11-10,2018
3611,301,3098,653,2018-11-10,2018
3612,301,908,3070,2018-11-10,2018
3612,301,3070,908,2018-11-10,2018
3613,301,873,2659,2018-11-10,2018
3613,301,2659,873,2018-11-10,2018
3614,301,260,699,2018-11-10,2018
3614,301,699,260,2018-11-10,2018
3615,301,4058,3060,2018-11-10,2018
3615,301,3060,4058,2018-11-10,2018
3616,301,4384,758,2018-11-10,2018
3616,301,758,4384,2018-11-10,2018
3618,301,3240,1521,2018-11-10,2018
3618,301,1521,3240,2018-11-10,2018
3619,301,3756,1120,2018-11-10,2018
3619,301,1120,3756,2018-11-10,2018
3620,301,3647,2692,2018-11-10,2018
3620,301,2692,3647,2018-11-10,2018
3621,301,899,3498,2018-11-10,2018
3621,301,3498,899,2018-11-10,2018
3622,302,766,2234,2018-11-03,2018
3622,302,2234,766,2018-11-03,2018
3623,302,3805,4265,2018-11-03,2018
3623,302,4265,3805,2018-11-03,2018
3624,302,587,447,2018-11-03,2018
3624,302,447,587,2018-11-03,2018
3625,302,3338,2435,2018-11-03,2018
3625,302,2435,3338,2018-11-03,2018
3626,302,21,496,2018-11-03,2018
3626,302,496,21,2018-11-03,2018
3627,302,3316,2056,2018-11-03,2018
3627,302,2056,3316,2018-11-03,2018
3628,302,1141,2654,2018-11-03,2018
3628,302,2654,1141,2018-11-03,2018
3629,302,2687,172,2018-11-03,2018
3629,302,172,2687,2018-11-03,2018
3630,302,1434,3565,2018-11-03,2018
3630,302,3565,1434,2018-11-03,2018
3632,302,519,1703,2018-11-03,2018
3632,302,1703,519,2018-11-03,2018
3633,302,3383,4288,2018-11-03,2018
3633,302,4288,3383,2018-11-03,2018
3634,303,3752,2904,2018-10-27,2018
3634,303,2904,3752,2018-10-27,2018
3635,303,1876,2274,2018-10-27,2018
3635,303,2274,1876,2018-10-27,2018
3636,303,702,829,2018-10-27,2018
3636,303,829,702,2018-10-27,2018
3637,303,3801,2449,2018-10-27,2018
3637,303,2449,3801,2018-10-27,2018
3638,303,4182,1642,2018-10-27,2018
3638,303,1642,4182,2018-10-27,2018
3639,303,2521,1337,2018-10-27,2018
3639,303,1337,2521,2018-10-27,2018
3640,303,3883,3946,2018-10-27,2018
3640,303,3946,3883,2018-10-27,2018
3641,303,1569,1449,2018-10-27,2018
3641,303,1449,1569,2018-10-27,2018
3642,303,1974,1220,2018-10-27,2018
3642,303,1220,1974,2018-10-27,2018
3643,303,345,2696,2018-10-27,2018
3643,303,2696,345,2018-10-27,2018
3644,303,2350,1073,2018-10-27,2018
3644,303,1073,2350,2018-10-27,2018
3645,303,356,1406,2018-10-27,2018
3645,303,1406,356,2018-10-27,2018
3646,303,3252,225,2018-10-27,2018
3646,303,225,3252,2018-10-27,2018
3647,304,2883,2526,2018-10-06,2018
3647,304,2526,2883,2018-10-06,2018
3648,304,1181,3113,2018-10-06,2018
3648,304,3113,1181,2018-10-06,2018
3649,304,3284,3464,2018-10-06,2018
3649,304,3464,3284,2018-10-06,2018
3650,304,2234,4200,2018-10-06,2018
3650,304,4200,2234,2018-10-06,2018
3651,304,4250,1657,2018-10-06,2018
3651,304,1657,4250,2018-10-06,2018
3652,304,1246,3114,2018-10-06,2018
3652,304,3114,1246,2018-10-06,2018
3653,304,2324,4082,2018-10-06,2018
3653,304,4082,2324,2018-10-06,2018
3654,304,2127,1147,2018-10-06,2018
3654,304,1147,2127,2018-10-06,2018
3655,304,1707,3035,2018-10-06,2018
3655,304,3035,1707,2018-10-06,2018
3656,304,3536,2145,2018-10-06,2018
3656,304,2145,3536,2018-10-06,2018
3657,304,2216,2492,2018-10-06,2018
3657,304,2492,2216,2018-10-06,2018
3658,304,2441,2128,2018-10-06,2018
3658,304,2128,2441,2018-10-06,2018
3659,305,3532,134,2018-09-22,2018
3659,305,134,3532,2018-09-22,2018
3660,305,2925,3051,2018-09-22,2018
3660,305,3051,2925,2018-09-22,2018
3661,305,2860,117,2018-09-22,2018
3661,305,117,2860,2018-09-22,2018
3662,305,1149,258,2018-09-22,2018
3662,305,258,1149,2018-09-22,2018
3664,305,2922,1365,2018-09-22,2018
3664,305,1365,2922,2018-09-22,2018
3665,305,4056,1043,2018-09-22,2018
3665,305,1043,4056,2018-09-22,2018
3666,305,3814,1634,2018-09-22,2018
3666,305,1634,3814,2018-09-22,2018
3667,305,3467,3649,2018-09-22,2018
3667,305,3649,3467,2018-09-22,2018
3668,305,2685,3565,2018-09-22,2018
3668,305,3565,2685,2018-09-22,2018
3669,305,511,3350,2018-09-22,2018
3669,305,3350,511,2018-09-22,2018
3670,305,2207,2280,2018-09-22,2018
3670,305,2280,2207,2018-09-22,2018
3671,305,4413,4153,2018-09-22,2018
3671,305,4153,4413,2018-09-22,2018
3672,305,3807,658,2018-09-22,2018
3672,305,658,3807,2018-09-22,2018
3673,306,2918,1758,2018-09-15,2018
3673,306,1758,2918,2018-09-15,2018
3674,306,372,2094,2018-09-15,2018
3674,306,2094,372,2018-09-15,2018
3675,306,8,180,2018-09-15,2018
3675,306,180,8,2018-09-15,2018
3676,306,2103,112,2018-09-15,2018
3676,306,112,2103,2018-09-15,2018
3677,306,2760,987,2018-09-15,2018
3677,306,987,2760,2018-09-15,2018
3678,306,4368,3787,2018-09-15,2018
3678,306,3787,4368,2018-09-15,2018
3679,306,2005,1878,2018-09-15,2018
3679,306,1878,2005,2018-09-15,2018
3680,306,3935,1487,2018-09-15,2018
3680,306,1487,3935,2018-09-15,2018
3681,306,155,3170,2018-09-15,2018
3681,306,3170,155,2018-09-15,2018
3682,306,1882,4370,2018-09-15,2018
3682,306,4370,1882,2018-09-15,2018
3683,306,1099,3613,2018-09-15,2018
3683,306,3613,1099,2018-09-15,2018
3684,306,1052,4239,2018-09-15,2018
3684,306,4239,1052,2018-09-15,2018
3685,307,4333,4016,2018-09-08,2018
3685,307,4016,4333,2018-09-08,2018
3686,307,144,2086,2018-09-08,2018
3686,307,2086,144,2018-09-08,2018
3687,307,2372,887,2018-09-08,2018
3687,307,887,2372,2018-09-08,2018
3688,307,3330,982,2018-09-08,2018
3688,307,982,3330,2018-09-08,2018
3689,307,3255,3182,2018-09-08,2018
3689,307,3182,3255,2018-09-08,2018
3690,307,3890,1131,2018-09-08,2018
3690,307,1131,3890,2018-09-08,2018
3691,307,3853,3834,2018-09-08,2018
3691,307,3834,3853,2018-09-08,2018
3692,307,2812,563,2018-09-08,2018
3692,307,563,2812,2018-09-08,2018
3693,307,3858,545,2018-09-08,2018
3693,307,545,3858,2018-09-08,2018
3694,307,3493,4279,2018-09-08,2018
3694,307,4279,3493,2018-09-08,2018
3695,307,2605,4278,2018-09-08,2018
3695,307,4278,2605,2018-09-08,2018
3696,307,61,3190,2018-09-08,2018
3696,307,3190,61,2018-09-08,2018
3697,307,475,3502,2018-09-08,2018
3697,307,3502,475,2018-09-08,2018
3698,308,1306,4172,2018-08-25,2018
3698,308,4172,1306,2018-08-25,2018
3699,308,1876,1209,2018-08-25,2018
3699,308,1209,1876,2018-08-25,2018
3700,308,628,1673,2018-08-25,2018
3700,308,1673,628,2018-08-25,2018
3701,308,261,1088,2018-08-25,2018
3701,308,1088,261,2018-08-25,2018
3702,308,1202,2688,2018-08-25,2018
3702,308,2688,1202,2018-08-25,2018
3703,308,134,4303,2018-08-25,2018
3703,308,4303,134,2018-08-25,2018
3704,308,2089,115,2018-08-25,2018
3704,308,115,2089,2018-08-25,2018
3705,308,3506,57,2018-08-25,2018
3705,308,57,3506,2018-08-25,2018
3706,308,3501,3089,2018-08-25,2018
3706,308,3089,3501,2018-08-25,2018
3707,308,1314,3898,2018-08-25,2018
3707,308,3898,1314,2018-08-25,2018
3708,308,4330,1168,2018-08-25,2018
3708,308,1168,4330,2018-08-25,2018
3709,308,978,4067,2018-08-25,2018
3709,308,4067,978,2018-08-25,2018
3710,308,4354,3504,2018-08-25,2018
3710,308,3504,4354,2018-08-25,2018
3711,309,966,1333,2018-08-04,2018
3711,309,1333,966,2018-08-04,2018
3712,309,648,1875,2018-08-04,2018
3712,309,1875,648,2018-08-04,2018
3713,309,2658,3913,2018-08-04,2018
3713,309,3913,2658,2018-08-04,2018
3714,309,65,4170,2018-08-04,2018
3714,309,4170,65,2018-08-04,2018
3715,309,3532,1694,2018-08-04,2018
3715,309,1694,3532,2018-08-04,2018
3716,309,2738,1866,2018-08-04,2018
3716,309,1866,2738,2018-08-04,2018
3717,309,3717,1822,2018-08-04,2018
3717,309,1822,3717,2018-08-04,2018
3718,309,3239,1960,2018-08-04,2018
3718,309,1960,3239,2018-08-04,2018
3719,309,2687,3570,2018-08-04,2018
3719,309,3570,2687,2018-08-04,2018
3720,309,3088,4041,2018-08-04,2018
3720,309,4041,3088,2018-08-04,2018
3721,309,4428,3973,2018-08-04,2018
3721,309,3973,4428,2018-08-04,2018
3722,309,4158,4347,2018-08-04,2018
3722,309,4347,4158,2018-08-04,2018
3723,310,3154,109,2018-07-28,2018
3723,310,109,3154,2018-07-28,2018
3724,310,64,3852,2018-07-28,2018
3724,310,3852,64,2018-07-28,2018
3725,310,1843,3071,2018-07-28,2018
3725,310,3071,1843,2018-07-28,2018
3726,310,1648,213,2018-07-28,2018
3726,310,213,1648,2018-07-28,2018
3727,310,2558,2709,2018-07-28,2018
3727,310,2709,2558,2018-07-28,2018
3728,310,889,183,2018-07-28,2018
3728,310,183,889,2018-07-28,2018
3729,310,2385,1878,2018-07-28,2018
3729,310,1878,2385,2018-07-28,2018
3730,310,842,156,2018-07-28,2018
3730,310,156,842,2018-07-28,2018
3731,310,2384,3049,2018-07-28,2018
3731,310,3049,2384,2018-07-28,2018
3732,310,651,885,2018-07-28,2018
3732,310,885,651,2018-07-28,2018
3733,310,2951,2838,2018-07-28,2018
3733,310,2838,2951,2018-07-28,2018
3734,310,2879,2421,2018-07-28,2018
3734,310,2421,2879,2018-07-28,2018
3735,310,3169,1656,2018-07-28,2018
3735,310,1656,3169,2018-07-28,2018
3736,311,3752,3430,2018-07-22,2018
3736,311,3430,3752,2018-07-22,2018
3737,311,138,3978,2018-07-22,2018
3737,311,3978,138,2018-07-22,2018
3738,311,226,2628,2018-07-22,2018
3738,311,2628,226,2018-07-22,2018
3739,311,4084,3886,2018-07-22,2018
3739,311,3886,4084,2018-07-22,2018
3740,311,3347,4417,2018-07-22,2018
3740,311,4417,3347,2018-07-22,2018
3741,311,1569,946,2018-07-22,2018
3741,311,946,1569,2018-07-22,2018
3742,311,1540,1622,2018-07-22,2018
3742,311,1622,1540,2018-07-22,2018
3743,311,1159,2552,2018-07-22,2018
3743,311,2552,1159,2018-07-22,2018
3744,311,2794,3932,2018-07-22,2018
3744,311,3932,2794,2018-07-22,2018
3745,311,3227,2186,2018-07-22,2018
3745,311,2186,3227,2018-07-22,2018
3746,311,344,1477,2018-07-22,2018
3746,311,1477,344,2018-07-22,2018
3747,311,3873,2034,2018-07-22,2018
3747,311,2034,3873,2018-07-22,2018
3748,311,3146,3843,2018-07-22,2018
3748,311,3843,3146,2018-07-22,2018
3749,312,996,1805,2018-07-14,2018
3749,312,1805,996,2018-07-14,2018
3750,312,2868,2962,2018-07-14,2018
3750,312,2962,2868,2018-07-14,2018
3751,312,1395,343,2018-07-14,2018
3751,312,343,1395,2018-07-14,2018
3752,312,3182,485,2018-07-14,2018
3752,312,485,3182,2018-07-14,2018
3753,312,2568,1939,2018-07-14,2018
3753,312,1939,2568,2018-07-14,2018
3754,312,4442,3279,2018-07-14,2018
3754,312,3279,4442,2018-07-14,2018
3755,312,3085,4317,2018-07-14,2018
3755,312,4317,3085,2018-07-14,2018
3756,312,4198,1087,2018-07-14,2018
3756,312,1087,4198,2018-07-14,2018
3757,312,2884,3599,2018-07-14,2018
3757,312,3599,2884,2018-07-14,2018
3758,312,266,1703,2018-07-14,2018
3758,312,1703,266,2018-07-14,2018
3759,312,608,2380,2018-07-14,2018
3759,312,2380,608,2018-07-14,2018
3760,312,899,1340,2018-07-14,2018
3760,312,1340,899,2018-07-14,2018
3761,312,30,1134,2018-07-14,2018
3761,312,1134,30,2018-07-14,2018
3762,313,766,2624,2018-07-07,2018
3762,313,2624,766,2018-07-07,2018
3763,313,2234,2831,2018-07-07,2018
3763,313,2831,2234,2018-07-07,2018
3764,313,3098,1174,2018-07-07,2018
3764,313,1174,3098,2018-07-07,2018
3765,313,3113,676,2018-07-07,2018
3765,313,676,3113,2018-07-07,2018
3766,313,3420,3470,2018-07-07,2018
3766,313,3470,3420,2018-07-07,2018
3767,313,781,1548,2018-07-07,2018
3767,313,1548,781,2018-07-07,2018
3768,313,209,1240,2018-07-07,2018
3768,313,1240,209,2018-07-07,2018
3769,313,2053,4134,2018-07-07,2018
3769,313,4134,2053,2018-07-07,2018
3770,313,2601,1493,2018-07-07,2018
3770,313,1493,2601,2018-07-07,2018
3771,313,1717,525,2018-07-07,2018
3771,313,525,1717,2018-07-07,2018
3772,313,4285,2726,2018-07-07,2018
3772,313,2726,4285,2018-07-07,2018
3773,314,21,3966,2018-07-06,2018
3773,314,3966,21,2018-07-06,2018
3774,314,4058,1366,2018-07-06,2018
3774,314,1366,4058,2018-07-06,2018
3775,314,1973,822,2018-07-06,2018
3775,314,822,1973,2018-07-06,2018
3776,314,551,452,2018-07-06,2018
3776,314,452,551,2018-07-06,2018
3777,314,2654,1710,2018-07-06,2018
3777,314,1710,2654,2018-07-06,2018
3778,314,942,2426,2018-07-06,2018
3778,314,2426,942,2018-07-06,2018
3779,314,898,2957,2018-07-06,2018
3779,314,2957,898,2018-07-06,2018
3780,314,3060,3768,2018-07-06,2018
3780,314,3768,3060,2018-07-06,2018
3781,314,1521,4447,2018-07-06,2018
3781,314,4447,1521,2018-07-06,2018
3782,314,2639,947,2018-07-06,2018
3782,314,947,2639,2018-07-06,2018
3783,314,3106,353,2018-07-06,2018
3783,314,353,3106,2018-07-06,2018
3784,314,2554,3135,2018-07-06,2018
3784,314,3135,2554,2018-07-06,2018
3785,315,1072,653,2018-06-23,2018
3785,315,653,1072,2018-06-23,2018
3786,315,3464,3053,2018-06-23,2018
3786,315,3053,3464,2018-06-23,2018
3787,315,1154,710,2018-06-23,2018
3787,315,710,1154,2018-06-23,2018
3788,315,2239,10,2018-06-23,2018
3788,315,10,2239,2018-06-23,2018
3789,315,4368,1796,2018-06-23,2018
3789,315,1796,4368,2018-06-23,2018
3790,315,3781,169,2018-06-23,2018
3790,315,169,3781,2018-06-23,2018
3791,315,4400,1055,2018-06-23,2018
3791,315,1055,4400,2018-06-23,2018
3792,315,3780,62,2018-06-23,2018
3792,315,62,3780,2018-06-23,2018
3793,315,2480,161,2018-06-23,2018
3793,315,161,2480,2018-06-23,2018
3794,315,4367,3076,2018-06-23,2018
3794,315,3076,4367,2018-06-23,2018
3795,315,3588,1789,2018-06-23,2018
3795,315,1789,3588,2018-06-23,2018
3796,315,3554,2159,2018-06-23,2018
3796,315,2159,3554,2018-06-23,2018
3797,315,2026,1157,2018-06-23,2018
3797,315,1157,2026,2018-06-23,2018
3798,316,4286,3394,2018-06-09,2018
3798,316,3394,4286,2018-06-09,2018
3799,316,796,995,2018-06-09,2018
3799,316,995,796,2018-06-09,2018
3800,316,1699,140,2018-06-09,2018
3800,316,140,1699,2018-06-09,2018
3801,316,4072,180,2018-06-09,2018
3801,316,180,4072,2018-06-09,2018
3803,316,383,2965,2018-06-09,2018
3803,316,2965,383,2018-06-09,2018
3804,316,1303,1131,2018-06-09,2018
3804,316,1131,1303,2018-06-09,2018
3805,316,316,2137,2018-06-09,2018
3805,316,2137,316,2018-06-09,2018
3806,316,897,790,2018-06-09,2018
3806,316,790,897,2018-06-09,2018
3807,316,3752,1143,2018-06-09,2018
3807,316,1143,3752,2018-06-09,2018
3808,316,3114,325,2018-06-09,2018
3808,316,325,3114,2018-06-09,2018
3809,316,2922,1513,2018-06-09,2018
3809,316,1513,2922,2018-06-09,2018
3810,316,1769,3521,2018-06-09,2018
3810,316,3521,1769,2018-06-09,2018
3811,317,2686,3330,2018-06-01,2018
3811,317,3330,2686,2018-06-01,2018
3812,317,1380,3130,2018-06-01,2018
3812,317,3130,1380,2018-06-01,2018
3813,317,1585,3825,2018-06-01,2018
3813,317,3825,1585,2018-06-01,2018
3814,317,3565,1088,2018-06-01,2018
3814,317,1088,3565,2018-06-01,2018
3815,317,172,3991,2018-06-01,2018
3815,317,3991,172,2018-06-01,2018
3816,317,117,4182,2018-06-01,2018
3816,317,4182,117,2018-06-01,2018
3817,317,1141,2755,2018-06-01,2018
3817,317,2755,1141,2018-06-01,2018
3818,317,3990,2216,2018-06-01,2018
3818,317,2216,3990,2018-06-01,2018
3819,317,2730,3277,2018-06-01,2018
3819,317,3277,2730,2018-06-01,2018
3820,317,1487,4013,2018-06-01,2018
3820,317,4013,1487,2018-06-01,2018
3821,317,4331,1069,2018-06-01,2018
3821,317,1069,4331,2018-06-01,2018
3822,317,4041,475,2018-06-01,2018
3822,317,475,4041,2018-06-01,2018
3823,318,4016,4008,2018-05-27,2018
3823,318,4008,4016,2018-05-27,2018
3824,318,2364,4279,2018-05-27,2018
3824,318,4279,2364,2018-05-27,2018
3825,318,86,522,2018-05-27,2018
3825,318,522,86,2018-05-27,2018
3826,318,129,2056,2018-05-27,2018
3826,318,2056,129,2018-05-27,2018
3827,318,3690,3946,2018-05-27,2018
3827,318,3946,3690,2018-05-27,2018
3828,318,3858,3823,2018-05-27,2018
3828,318,3823,3858,2018-05-27,2018
3829,318,455,1994,2018-05-27,2018
3829,318,1994,455,2018-05-27,2018
3830,318,2145,2494,2018-05-27,2018
3830,318,2494,2145,2018-05-27,2018
3831,318,3051,3600,2018-05-27,2018
3831,318,3600,3051,2018-05-27,2018
3832,318,3350,2501,2018-05-27,2018
3832,318,2501,3350,2018-05-27,2018
3833,318,3996,3751,2018-05-27,2018
3833,318,3751,3996,2018-05-27,2018
3834,319,4106,2379,2018-05-19,2018
3834,319,2379,4106,2018-05-19,2018
3835,319,3890,1479,2018-05-19,2018
3835,319,1479,3890,2018-05-19,2018
3836,319,3284,587,2018-05-19,2018
3836,319,587,3284,2018-05-19,2018
3837,319,586,3324,2018-05-19,2018
3837,319,3324,586,2018-05-19,2018
3838,319,2198,1576,2018-05-19,2018
3838,319,1576,2198,2018-05-19,2018
3839,319,2324,2147,2018-05-19,2018
3839,319,2147,2324,2018-05-19,2018
3840,319,3177,827,2018-05-19,2018
3840,319,827,3177,2018-05-19,2018
3841,319,3001,2703,2018-05-19,2018
3841,319,2703,3001,2018-05-19,2018
3842,319,423,2071,2018-05-19,2018
3842,319,2071,423,2018-05-19,2018
3843,319,329,252,2018-05-19,2018
3843,319,252,329,2018-05-19,2018
3844,319,289,887,2018-05-19,2018
3844,319,887,289,2018-05-19,2018
3845,319,3454,465,2018-05-19,2018
3845,319,465,3454,2018-05-19,2018
3846,319,3191,3694,2018-05-19,2018
3846,319,3694,3191,2018-05-19,2018
3847,320,2878,3070,2018-05-12,2018
3847,320,3070,2878,2018-05-12,2018
3848,320,1348,3805,2018-05-12,2018
3848,320,3805,1348,2018-05-12,2018
3849,320,935,758,2018-05-12,2018
3849,320,758,935,2018-05-12,2018
3850,320,2262,1989,2018-05-12,2018
3850,320,1989,2262,2018-05-12,2018
3851,320,2345,319,2018-05-12,2018
3851,320,319,2345,2018-05-12,2018
3852,320,1191,3338,2018-05-12,2018
3852,320,3338,1191,2018-05-12,2018
3853,320,2918,52,2018-05-12,2018
3853,320,52,2918,2018-05-12,2018
3854,320,3240,1622,2018-05-12,2018
3854,320,1622,3240,2018-05-12,2018
3855,320,4413,3883,2018-05-12,2018
3855,320,3883,4413,2018-05-12,2018
3856,320,115,80,2018-05-12,2018
3856,320,80,115,2018-05-12,2018
3857,320,1644,2207,2018-05-12,2018
3857,320,2207,1644,2018-05-12,2018
3858,320,1099,2617,2018-05-12,2018
3858,320,2617,1099,2018-05-12,2018
3859,320,3089,391,2018-05-12,2018
3859,320,391,3089,2018-05-12,2018
3860,321,2196,265,2018-04-21,2018
3860,321,265,2196,2018-04-21,2018
3861,321,1067,3913,2018-04-21,2018
3861,321,3913,1067,2018-04-21,2018
3862,321,4309,3649,2018-04-21,2018
3862,321,3649,4309,2018-04-21,2018
3863,321,447,3532,2018-04-21,2018
3863,321,3532,447,2018-04-21,2018
3864,321,3853,1866,2018-04-21,2018
3864,321,1866,3853,2018-04-21,2018
3865,321,1717,2605,2018-04-21,2018
3865,321,2605,1717,2018-04-21,2018
3866,321,2128,1337,2018-04-21,2018
3866,321,1337,2128,2018-04-21,2018
3867,321,3717,1052,2018-04-21,2018
3867,321,1052,3717,2018-04-21,2018
3868,321,240,655,2018-04-21,2018
3868,321,655,240,2018-04-21,2018
3869,321,138,829,2018-04-21,2018
3869,321,829,138,2018-04-21,2018
3870,321,2441,2781,2018-04-21,2018
3870,321,2781,2441,2018-04-21,2018
3871,322,3154,1306,2018-04-14,2018
3871,322,1306,3154,2018-04-14,2018
3872,322,2925,743,2018-04-14,2018
3872,322,743,2925,2018-04-14,2018
3873,322,21,4167,2018-04-14,2018
3873,322,4167,21,2018-04-14,2018
3874,322,4250,628,2018-04-14,2018
3874,322,628,4250,2018-04-14,2018
3875,322,605,393,2018-04-14,2018
3875,322,393,605,2018-04-14,2018
3876,322,3479,3224,2018-04-14,2018
3876,322,3224,3479,2018-04-14,2018
3877,322,2688,3271,2018-04-14,2018
3877,322,3271,2688,2018-04-14,2018
3878,322,3966,1920,2018-04-14,2018
3878,322,1920,3966,2018-04-14,2018
3879,322,525,2705,2018-04-14,2018
3879,322,2705,525,2018-04-14,2018
3880,322,2729,979,2018-04-14,2018
3880,322,979,2729,2018-04-14,2018
3881,322,2913,2253,2018-04-14,2018
3881,322,2253,2913,2018-04-14,2018
3882,322,4288,356,2018-04-14,2018
3882,322,356,4288,2018-04-14,2018
3883,322,3085,2296,2018-04-14,2018
3883,322,2296,3085,2018-04-14,2018
3884,322,3504,4302,2018-04-14,2018
3884,322,4302,3504,2018-04-14,2018
3885,323,2883,1765,2018-04-07,2018
3885,323,1765,2883,2018-04-07,2018
3886,323,2792,1843,2018-04-07,2018
3886,323,1843,2792,2018-04-07,2018
3887,323,2658,1974,2018-04-07,2018
3887,323,1974,2658,2018-04-07,2018
3888,323,2372,390,2018-04-07,2018
3888,323,390,2372,2018-04-07,2018
3889,323,1504,2160,2018-04-07,2018
3889,323,2160,1504,2018-04-07,2018
3890,323,2086,1657,2018-04-07,2018
3890,323,1657,2086,2018-04-07,2018
3891,323,213,1043,2018-04-07,2018
3891,323,1043,213,2018-04-07,2018
3892,323,1145,3249,2018-04-07,2018
3892,323,3249,1145,2018-04-07,2018
3893,323,709,3371,2018-04-07,2018
3893,323,3371,709,2018-04-07,2018
3894,324,4200,4270,2018-03-17,2018
3894,324,4270,4200,2018-03-17,2018
3895,324,372,2411,2018-03-17,2018
3895,324,2411,372,2018-03-17,2018
3896,324,1045,4239,2018-03-17,2018
3896,324,4239,1045,2018-03-17,2018
3897,324,1072,3771,2018-03-17,2018
3897,324,3771,1072,2018-03-17,2018
3898,324,545,3124,2018-03-17,2018
3898,324,3124,545,2018-03-17,2018
3899,324,3347,1108,2018-03-17,2018
3899,324,1108,3347,2018-03-17,2018
3900,324,1638,889,2018-03-17,2018
3900,324,889,1638,2018-03-17,2018
3901,324,801,155,2018-03-17,2018
3901,324,155,801,2018-03-17,2018
3902,324,1878,3252,2018-03-17,2018
3902,324,3252,1878,2018-03-17,2018
3903,324,3793,1397,2018-03-17,2018
3903,324,1397,3793,2018-03-17,2018
3904,325,1940,3536,2018-03-03,2018
3904,325,3536,1940,2018-03-03,2018
3905,325,2948,1067,2018-03-03,2018
3905,325,1067,2948,2018-03-03,2018
3906,325,2894,3801,2018-03-03,2018
3906,325,3801,2894,2018-03-03,2018
3907,325,180,3886,2018-03-03,2018
3907,325,3886,180,2018-03-03,2018
3908,325,4177,4442,2018-03-03,2018
3908,325,4442,4177,2018-03-03,2018
3909,325,935,4384,2018-03-03,2018
3909,325,4384,935,2018-03-03,2018
3910,325,1648,873,2018-03-03,2018
3910,325,873,1648,2018-03-03,2018
3911,325,982,2738,2018-03-03,2018
3911,325,2738,982,2018-03-03,2018
3912,325,987,2280,2018-03-03,2018
3912,325,2280,987,2018-03-03,2018
3913,325,2962,3201,2018-03-03,2018
3913,325,3201,2962,2018-03-03,2018
3914,325,3834,597,2018-03-03,2018
3914,325,597,3834,2018-03-03,2018
3915,325,1882,2616,2018-03-03,2018
3915,325,2616,1882,2018-03-03,2018
3916,326,3852,1104,2018-02-24,2018
3916,326,1104,3852,2018-02-24,2018
3917,326,144,3071,2018-02-24,2018
3917,326,3071,144,2018-02-24,2018
3918,326,2156,3464,2018-02-24,2018
3918,326,3464,2156,2018-02-24,2018
3919,326,1493,3098,2018-02-24,2018
3919,326,3098,1493,2018-02-24,2018
3920,326,1989,258,2018-02-24,2018
3920,326,258,1989,2018-02-24,2018
3921,326,3279,2538,2018-02-24,2018
3921,326,2538,3279,2018-02-24,2018
3922,326,1673,2710,2018-02-24,2018
3922,326,2710,1673,2018-02-24,2018
3923,326,1921,3565,2018-02-24,2018
3923,326,3565,1921,2018-02-24,2018
3924,326,117,3170,2018-02-24,2018
3924,326,3170,117,2018-02-24,2018
3925,326,4354,977,2018-02-24,2018
3925,326,977,4354,2018-02-24,2018
3926,326,3088,3647,2018-02-24,2018
3926,326,3647,3088,2018-02-24,2018
3927,326,344,2691,2018-02-24,2018
3927,326,2691,344,2018-02-24,2018
3928,327,653,2545,2018-02-18,2018
3928,327,2545,653,2018-02-18,2018
3929,327,2234,4084,2018-02-18,2018
3929,327,4084,2234,2018-02-18,2018
3930,327,4172,4056,2018-02-18,2018
3930,327,4056,4172,2018-02-18,2018
3931,327,2601,112,2018-02-18,2018
3931,327,112,2601,2018-02-18,2018
3932,327,887,3106,2018-02-18,2018
3932,327,3106,887,2018-02-18,2018
3933,327,2868,1449,2018-02-18,2018
3933,327,1449,2868,2018-02-18,2018
3934,327,1192,1440,2018-02-18,2018
3934,327,1440,1192,2018-02-18,2018
3935,327,2812,568,2018-02-18,2018
3935,327,568,2812,2018-02-18,2018
3936,327,3502,3498,2018-02-18,2018
3936,327,3498,3502,2018-02-18,2018
3937,327,3190,2696,2018-02-18,2018
3937,327,2696,3190,2018-02-18,2018
3938,327,2709,520,2018-02-18,2018
3938,327,520,2709,2018-02-18,2018
3939,327,3135,4303,2018-02-18,2018
3939,327,4303,3135,2018-02-18,2018
3940,328,3394,3362,2018-02-10,2018
3940,328,3362,3394,2018-02-10,2018
3941,328,383,1758,2018-02-10,2018
3941,328,1758,383,2018-02-10,2018
3942,328,4072,200,2018-02-10,2018
3942,328,200,4072,2018-02-10,2018
3943,328,2480,2239,2018-02-10,2018
3943,328,2239,2480,2018-02-10,2018
3944,328,3053,3456,2018-02-10,2018
3944,328,3456,3053,2018-02-10,2018
3945,328,2333,486,2018-02-10,2018
3945,328,486,2333,2018-02-10,2018
3946,328,21,4296,2018-02-10,2018
3946,328,4296,21,2018-02-10,2018
3947,328,4198,1997,2018-02-10,2018
3947,328,1997,4198,2018-02-10,2018
3948,328,1246,2833,2018-02-10,2018
3948,328,2833,1246,2018-02-10,2018
3949,328,3049,1682,2018-02-10,2018
3949,328,1682,3049,2018-02-10,2018
3950,328,3214,1796,2018-02-10,2018
3950,328,1796,3214,2018-02-10,2018
3951,328,1933,10,2018-02-10,2018
3951,328,10,1933,2018-02-10,2018
3952,329,2345,134,2018-02-03,2018
3952,329,134,2345,2018-02-03,2018
3953,329,3650,553,2018-02-03,2018
3953,329,553,3650,2018-02-03,2018
3954,329,3177,1487,2018-02-03,2018
3954,329,1487,3177,2018-02-03,2018
3955,329,1880,1406,2018-02-03,2018
3955,329,1406,1880,2018-02-03,2018
3956,329,3711,4158,2018-02-03,2018
3956,329,4158,3711,2018-02-03,2018
3957,329,3532,3752,2018-02-03,2018
3957,329,3752,3532,2018-02-03,2018
3958,329,2685,2544,2018-02-03,2018
3958,329,2544,2685,2018-02-03,2018
3959,329,3035,1540,2018-02-03,2018
3959,329,1540,3035,2018-02-03,2018
3960,329,4170,3856,2018-02-03,2018
3960,329,3856,4170,2018-02-03,2018
3961,329,57,3799,2018-02-03,2018
3961,329,3799,57,2018-02-03,2018
3962,329,1202,2692,2018-02-03,2018
3962,329,2692,1202,2018-02-03,2018
3963,330,3805,496,2018-01-27,2018
3963,330,496,3805,2018-01-27,2018
3964,330,1209,343,2018-01-27,2018
3964,330,343,1209,2018-01-27,2018
3965,330,1380,3316,2018-01-27,2018
3965,330,3316,1380,2018-01-27,2018
3966,330,978,563,2018-01-27,2018
3966,330,563,978,2018-01-27,2018
3967,330,1486,2062,2018-01-27,2018
3967,330,2062,1486,2018-01-27,2018
3968,330,316,3073,2018-01-27,2018
3968,330,3073,316,2018-01-27,2018
3969,330,651,3398,2018-01-27,2018
3969,330,3398,651,2018-01-27,2018
3970,330,2421,2252,2018-01-27,2018
3970,330,2252,2421,2018-01-27,2018
3971,330,2026,2043,2018-01-27,2018
3971,330,2043,2026,2018-01-27,2018
3972,330,3130,3693,2018-01-27,2018
3972,330,3693,3130,2018-01-27,2018
3973,330,3182,3898,2018-01-27,2018
3973,330,3898,3182,2018-01-27,2018
3974,330,3506,183,2018-01-27,2018
3974,330,183,3506,2018-01-27,2018
3975,331,2624,2831,2018-01-20,2018
3975,331,2831,2624,2018-01-20,2018
3976,331,766,2904,2018-01-20,2018
3976,331,2904,766,2018-01-20,2018
3977,331,1974,519,2018-01-20,2018
3977,331,519,1974,2018-01-20,2018
3978,331,4182,286,2018-01-20,2018
3978,331,286,4182,2018-01-20,2018
3979,331,1240,95,2018-01-20,2018
3979,331,95,1240,2018-01-20,2018
3980,331,390,887,2018-01-20,2018
3980,331,887,390,2018-01-20,2018
3981,331,3255,1708,2018-01-20,2018
3981,331,1708,3255,2018-01-20,2018
3982,331,2951,3001,2018-01-20,2018
3982,331,3001,2951,2018-01-20,2018
3983,331,172,1769,2018-01-20,2018
3983,331,1769,172,2018-01-20,2018
3984,331,289,353,2018-01-20,2018
3984,331,353,289,2018-01-20,2018
3985,331,2385,4013,2018-01-20,2018
3985,331,4013,2385,2018-01-20,2018
3986,332,3852,682,2018-01-14,2018
3986,332,682,3852,2018-01-14,2018
3987,332,710,4135,2018-01-14,2018
3987,332,4135,710,2018-01-14,2018
3988,332,4106,2552,2018-01-14,2018
3988,332,2552,4106,2018-01-14,2018
3989,332,1087,1876,2018-01-14,2018
3989,332,1876,1087,2018-01-14,2018
3990,332,2089,4278,2018-01-14,2018
3990,332,4278,2089,2018-01-14,2018
3991,332,3283,1280,2018-01-14,2018
3991,332,1280,3283,2018-01-14,2018
3992,332,61,345,2018-01-14,2018
3992,332,345,61,2018-01-14,2018
3993,332,1960,586,2018-01-14,2018
3993,332,586,1960,2018-01-14,2018
3994,332,1154,1168,2018-01-14,2018
3994,332,1168,1154,2018-01-14,2018
3995,332,65,3973,2018-01-14,2018
3995,332,3973,65,2018-01-14,2018
3996,332,522,3521,2018-01-14,2018
3996,332,3521,522,2018-01-14,2018
3997,333,1940,1699,2017-12-30,2017
3997,333,1699,1940,2017-12-30,2017
3998,333,2883,265,2017-12-30,2017
3998,333,265,2883,2017-12-30,2017
3999,333,1717,946,2017-12-30,2017
3999,333,946,1717,2017-12-30,2017
4000,333,1131,561,2017-12-30,2017
4000,333,561,1131,2017-12-30,2017
4001,333,2364,743,2017-12-30,2017
4001,333,743,2364,2017-12-30,2017
4003,333,1939,1395,2017-12-30,2017
4003,333,1395,1939,2017-12-30,2017
4005,333,2838,3765,2017-12-30,2017
4005,333,3765,2838,2017-12-30,2017
4006,333,1090,899,2017-12-30,2017
4006,333,899,1090,2017-12-30,2017
4007,334,995,2166,2017-12-16,2017
4007,334,2166,995,2017-12-16,2017
4008,334,1104,2137,2017-12-16,2017
4008,334,2137,1104,2017-12-16,2017
4009,334,3160,3098,2017-12-16,2017
4009,334,3098,3160,2017-12-16,2017
4010,334,3978,702,2017-12-16,2017
4010,334,702,3978,2017-12-16,2017
4011,334,372,587,2017-12-16,2017
4011,334,587,372,2017-12-16,2017
4012,334,2426,3858,2017-12-16,2017
4012,334,3858,2426,2017-12-16,2017
4013,334,2147,394,2017-12-16,2017
4013,334,394,2147,2017-12-16,2017
4014,334,3946,3347,2017-12-16,2017
4014,334,3347,3946,2017-12-16,2017
4015,334,2384,4063,2017-12-16,2017
4015,334,4063,2384,2017-12-16,2017
4016,334,942,249,2017-12-16,2017
4016,334,249,942,2017-12-16,2017
4017,334,2558,3688,2017-12-16,2017
4017,334,3688,2558,2017-12-16,2017
4018,335,2948,3913,2017-12-09,2017
4018,335,3913,2948,2017-12-09,2017
4019,335,329,2056,2017-12-09,2017
4019,335,2056,329,2017-12-09,2017
4020,335,2686,3853,2017-12-09,2017
4020,335,3853,2686,2017-12-09,2017
4021,335,1707,1719,2017-12-09,2017
4021,335,1719,1707,2017-12-09,2017
4022,335,134,3089,2017-12-09,2017
4022,335,3089,134,2017-12-09,2017
4023,335,2297,2691,2017-12-09,2017
4023,335,2691,2297,2017-12-09,2017
4024,335,885,608,2017-12-09,2017
4024,335,608,885,2017-12-09,2017
4025,335,3801,3504,2017-12-09,2017
4025,335,3504,3801,2017-12-09,2017
4026,335,3088,1864,2017-12-09,2017
4026,335,1864,3088,2017-12-09,2017
4027,335,3454,1052,2017-12-09,2017
4027,335,1052,3454,2017-12-09,2017
4028,335,3085,57,2017-12-09,2017
4028,335,57,3085,2017-12-09,2017
4029,335,3240,1504,2017-12-09,2017
4029,335,1504,3240,2017-12-09,2017
4030,335,1377,2823,2017-12-09,2017
4030,335,2823,1377,2017-12-09,2017
4031,336,1696,64,2017-12-02,2017
4031,336,64,1696,2017-12-02,2017
4032,336,2831,2965,2017-12-02,2017
4032,336,2965,2831,2017-12-02,2017
4033,336,648,3114,2017-12-02,2017
4033,336,3114,648,2017-12-02,2017
4034,336,109,1306,2017-12-02,2017
4034,336,1306,109,2017-12-02,2017
4035,336,3071,4250,2017-12-02,2017
4035,336,4250,3071,2017-12-02,2017
4036,336,1174,2922,2017-12-02,2017
4036,336,2922,1174,2017-12-02,2017
4037,336,2545,2925,2017-12-02,2017
4037,336,2925,2545,2017-12-02,2017
4038,336,3990,2053,2017-12-02,2017
4038,336,2053,3990,2017-12-02,2017
4039,336,1657,628,2017-12-02,2017
4039,336,628,1657,2017-12-02,2017
4040,336,758,2363,2017-12-02,2017
4040,336,2363,758,2017-12-02,2017
4041,336,3255,1708,2017-12-02,2017
4041,336,1708,3255,2017-12-02,2017
4042,336,3284,2034,2017-12-02,2017
4042,336,2034,3284,2017-12-02,2017
4043,336,4309,814,2017-12-02,2017
4043,336,814,4309,2017-12-02,2017
4044,337,2674,2654,2017-12-01,2017
4044,337,2654,2674,2017-12-01,2017
4045,337,2894,4239,2017-12-01,2017
4045,337,4239,2894,2017-12-01,2017
4046,337,2755,1710,2017-12-01,2017
4046,337,1710,2755,2017-12-01,2017
4047,337,2554,3823,2017-12-01,2017
4047,337,3823,2554,2017-12-01,2017
4049,337,1866,3799,2017-12-01,2017
4049,337,3799,1866,2017-12-01,2017
4050,337,898,2422,2017-12-01,2017
4050,337,2422,898,2017-12-01,2017
4051,337,1829,3501,2017-12-01,2017
4051,337,3501,1829,2017-12-01,2017
4052,337,2957,1361,2017-12-01,2017
4052,337,1361,2957,2017-12-01,2017
4053,337,979,306,2017-12-01,2017
4053,337,306,979,2017-12-01,2017
4054,337,3350,4285,2017-12-01,2017
4054,337,4285,3350,2017-12-01,2017
4055,338,1348,367,2017-11-25,2017
4055,338,367,1348,2017-11-25,2017
4056,338,2239,2962,2017-11-25,2017
4056,338,2962,2239,2017-11-25,2017
4057,338,1507,551,2017-11-25,2017
4057,338,551,1507,2017-11-25,2017
4058,338,1337,3479,2017-11-25,2017
4058,338,3479,1337,2017-11-25,2017
4059,338,2372,2687,2017-11-25,2017
4059,338,2687,2372,2017-11-25,2017
4060,338,3780,2799,2017-11-25,2017
4060,338,2799,3780,2017-11-25,2017
4061,338,4367,838,2017-11-25,2017
4061,338,838,4367,2017-11-25,2017
4062,338,3781,1955,2017-11-25,2017
4062,338,1955,3781,2017-11-25,2017
4063,338,8,3649,2017-11-25,2017
4063,338,3649,8,2017-11-25,2017
4064,338,2494,4346,2017-11-25,2017
4064,338,4346,2494,2017-11-25,2017
4065,338,1055,4347,2017-11-25,2017
4065,338,4347,1055,2017-11-25,2017
4066,338,200,1738,2017-11-25,2017
4066,338,1738,200,2017-11-25,2017
4067,339,4270,4084,2017-11-18,2017
4067,339,4084,4270,2017-11-18,2017
4068,339,710,3249,2017-11-18,2017
4068,339,3249,710,2017-11-18,2017
4069,339,2730,2544,2017-11-18,2017
4069,339,2544,2730,2017-11-18,2017
4070,339,2480,4151,2017-11-18,2017
4070,339,4151,2480,2017-11-18,2017
4071,339,3996,1994,2017-11-18,2017
4071,339,1994,3996,2017-11-18,2017
4072,339,4198,4400,2017-11-18,2017
4072,339,4400,4198,2017-11-18,2017
4073,339,336,2661,2017-11-18,2017
4073,339,2661,336,2017-11-18,2017
4074,339,2216,474,2017-11-18,2017
4074,339,474,2216,2017-11-18,2017
4075,339,4072,790,2017-11-18,2017
4075,339,790,4072,2017-11-18,2017
4076,339,563,486,2017-11-18,2017
4076,339,486,563,2017-11-18,2017
4077,339,1969,658,2017-11-18,2017
4077,339,658,1969,2017-11-18,2017
4078,339,3647,2159,2017-11-18,2017
4078,339,2159,3647,2017-11-18,2017
4079,339,4288,1561,2017-11-18,2017
4079,339,1561,4288,2017-11-18,2017
4080,340,3154,3113,2017-11-11,2017
4080,340,3113,3154,2017-11-11,2017
4081,340,478,3493,2017-11-11,2017
4081,340,3493,478,2017-11-11,2017
4082,340,180,52,2017-11-11,2017
4082,340,52,180,2017-11-11,2017
4083,340,1191,2424,2017-11-11,2017
4083,340,2424,1191,2017-11-11,2017
4084,340,209,2296,2017-11-11,2017
4084,340,2296,209,2017-11-11,2017
4085,340,1513,2160,2017-11-11,2017
4085,340,2160,1513,2017-11-11,2017
4086,340,2686,982,2017-11-11,2017
4086,340,982,2686,2017-11-11,2017
4087,340,3890,3076,2017-11-11,2017
4087,340,3076,3890,2017-11-11,2017
4088,340,2868,3212,2017-11-11,2017
4088,340,3212,2868,2017-11-11,2017
4089,340,2879,1673,2017-11-11,2017
4089,340,1673,2879,2017-11-11,2017
4090,340,3883,2521,2017-11-11,2017
4090,340,2521,3883,2017-11-11,2017
4091,340,737,1250,2017-11-11,2017
4091,340,1250,737,2017-11-11,2017
4092,340,3338,3858,2017-11-11,2017
4092,340,3858,3338,2017-11-11,2017
4093,341,3830,367,2017-11-04,2017
4093,341,367,3830,2017-11-04,2017
4094,341,966,1333,2017-11-04,2017
4094,341,1333,966,2017-11-04,2017
4095,341,2792,1843,2017-11-04,2017
4095,341,1843,2792,2017-11-04,2017
4096,341,4008,2469,2017-11-04,2017
4096,341,2469,4008,2017-11-04,2017
4097,341,781,1632,2017-11-04,2017
4097,341,1632,781,2017-11-04,2017
4098,341,4172,1032,2017-11-04,2017
4098,341,1032,4172,2017-11-04,2017
4099,341,1397,1585,2017-11-04,2017
4099,341,1585,1397,2017-11-04,2017
4100,341,3464,138,2017-11-04,2017
4100,341,138,3464,2017-11-04,2017
4101,341,485,1314,2017-11-04,2017
4101,341,1314,485,2017-11-04,2017
4102,341,383,2918,2017-11-04,2017
4102,341,2918,383,2017-11-04,2017
4103,341,3239,4410,2017-11-04,2017
4103,341,4410,3239,2017-11-04,2017
4104,342,496,2345,2017-10-28,2017
4104,342,2345,496,2017-10-28,2017
4105,342,796,2379,2017-10-28,2017
4105,342,2379,796,2017-10-28,2017
4106,342,2738,1240,2017-10-28,2017
4106,342,1240,2738,2017-10-28,2017
4107,342,4056,2605,2017-10-28,2017
4107,342,2605,4056,2017-10-28,2017
4108,342,3532,1644,2017-10-28,2017
4108,342,1644,3532,2017-10-28,2017
4109,342,2262,4158,2017-10-28,2017
4109,342,4158,2262,2017-10-28,2017
4110,342,2324,3182,2017-10-28,2017
4110,342,3182,2324,2017-10-28,2017
4111,342,605,2435,2017-10-28,2017
4111,342,2435,605,2017-10-28,2017
4112,342,1440,951,2017-10-28,2017
4112,342,951,1440,2017-10-28,2017
4113,342,4413,1493,2017-10-28,2017
4113,342,1493,4413,2017-10-28,2017
4114,342,1202,475,2017-10-28,2017
4114,342,475,1202,2017-10-28,2017
4115,342,1406,738,2017-10-28,2017
4115,342,738,1406,2017-10-28,2017
4116,343,4016,653,2017-10-21,2017
4116,343,653,4016,2017-10-21,2017
4117,343,2086,1134,2017-10-21,2017
4117,343,1134,2086,2017-10-21,2017
4118,343,372,709,2017-10-21,2017
4118,343,709,372,2017-10-21,2017
4119,343,3135,4312,2017-10-21,2017
4119,343,4312,3135,2017-10-21,2017
4120,343,1624,1569,2017-10-21,2017
4120,343,1569,1624,2017-10-21,2017
4121,343,1989,3843,2017-10-21,2017
4121,343,3843,1989,2017-10-21,2017
4122,343,1099,117,2017-10-21,2017
4122,343,117,1099,2017-10-21,2017
4123,343,1209,2274,2017-10-21,2017
4123,343,2274,1209,2017-10-21,2017
4124,343,115,4046,2017-10-21,2017
4124,343,4046,115,2017-10-21,2017
4125,343,2127,2145,2017-10-21,2017
4125,343,2145,2127,2017-10-21,2017
4126,343,1104,169,2017-10-21,2017
4126,343,169,1104,2017-10-21,2017
4127,344,1181,2196,2017-10-07,2017
4127,344,2196,1181,2017-10-07,2017
4128,344,1875,412,2017-10-07,2017
4128,344,412,1875,2017-10-07,2017
4129,344,4270,1585,2017-10-07,2017
4129,344,1585,4270,2017-10-07,2017
4130,344,3398,1168,2017-10-07,2017
4130,344,1168,3398,2017-10-07,2017
4132,344,3834,1045,2017-10-07,2017
4132,344,1045,3834,2017-10-07,2017
4134,344,423,1428,2017-10-07,2017
4134,344,1428,423,2017-10-07,2017
4135,344,3588,324,2017-10-07,2017
4135,344,324,3588,2017-10-07,2017
4136,344,2688,358,2017-10-07,2017
4136,344,358,2688,2017-10-07,2017
4137,344,3966,2207,2017-10-07,2017
4137,344,2207,3966,2017-10-07,2017
4138,345,3464,2913,2017-09-22,2017
4138,345,2913,3464,2017-09-22,2017
4139,345,144,1303,2017-09-22,2017
4139,345,1303,144,2017-09-22,2017
4140,345,2333,1418,2017-09-22,2017
4140,345,1418,2333,2017-09-22,2017
4141,345,3470,846,2017-09-22,2017
4141,345,846,3470,2017-09-22,2017
4142,345,1796,1055,2017-09-22,2017
4142,345,1055,1796,2017-09-22,2017
4143,345,1246,3554,2017-09-22,2017
4143,345,3554,1246,2017-09-22,2017
4144,345,2781,2709,2017-09-22,2017
4144,345,2709,2781,2017-09-22,2017
4145,345,2071,1853,2017-09-22,2017
4145,345,1853,2071,2017-09-22,2017
4146,345,161,1933,2017-09-22,2017
4146,345,1933,161,2017-09-22,2017
4147,345,10,2251,2017-09-22,2017
4147,345,2251,10,2017-09-22,2017
4148,346,3362,447,2017-09-16,2017
4148,346,447,3362,2017-09-16,2017
4149,346,3098,3285,2017-09-16,2017
4149,346,3285,3098,2017-09-16,2017
4150,346,3752,2280,2017-09-16,2017
4150,346,2280,3752,2017-09-16,2017
4151,346,1380,1427,2017-09-16,2017
4151,346,1427,1380,2017-09-16,2017
4152,346,4106,2685,2017-09-16,2017
4152,346,2685,4106,2017-09-16,2017
4153,346,2186,160,2017-09-16,2017
4153,346,160,2186,2017-09-16,2017
4154,346,213,2441,2017-09-16,2017
4154,346,2441,213,2017-09-16,2017
4155,346,3825,1561,2017-09-16,2017
4155,346,1561,3825,2017-09-16,2017
4156,346,1548,1920,2017-09-16,2017
4156,346,1920,1548,2017-09-16,2017
4157,346,525,3458,2017-09-16,2017
4157,346,3458,525,2017-09-16,2017
4158,347,2878,3650,2017-09-09,2017
4158,347,3650,2878,2017-09-09,2017
4159,347,995,2364,2017-09-09,2017
4159,347,2364,995,2017-09-09,2017
4160,347,648,3271,2017-09-09,2017
4160,347,3271,648,2017-09-09,2017
4161,347,2156,3053,2017-09-09,2017
4161,347,3053,2156,2017-09-09,2017
4162,347,3852,2562,2017-09-09,2017
4162,347,2562,3852,2017-09-09,2017
4163,347,4177,2538,2017-09-09,2017
4163,347,2538,4177,2017-09-09,2017
4164,347,2696,1145,2017-09-09,2017
4164,347,1145,2696,2017-09-09,2017
4165,347,1395,4068,2017-09-09,2017
4165,347,4068,1395,2017-09-09,2017
4166,347,4278,713,2017-09-09,2017
4166,347,713,4278,2017-09-09,2017
4167,347,356,1634,2017-09-09,2017
4167,347,1634,356,2017-09-09,2017
4168,347,1878,2459,2017-09-09,2017
4168,347,2459,1878,2017-09-09,2017
4169,348,4200,3886,2017-09-02,2017
4169,348,3886,4200,2017-09-02,2017
4170,348,240,4296,2017-09-02,2017
4170,348,4296,240,2017-09-02,2017
4171,348,3279,345,2017-09-02,2017
4171,348,345,3279,2017-09-02,2017
4172,348,1072,261,2017-09-02,2017
4172,348,261,1072,2017-09-02,2017
4173,348,4016,4151,2017-09-02,2017
4173,348,4151,4016,2017-09-02,2017
4174,348,3935,3694,2017-09-02,2017
4174,348,3694,3935,2017-09-02,2017
4175,348,3177,522,2017-09-02,2017
4175,348,522,3177,2017-09-02,2017
4176,348,2005,1487,2017-09-02,2017
4176,348,1487,2005,2017-09-02,2017
4177,348,3227,286,2017-09-02,2017
4177,348,286,3227,2017-09-02,2017
4178,348,2372,3521,2017-09-02,2017
4178,348,3521,2372,2017-09-02,2017
4179,348,1068,2598,2017-09-02,2017
4179,348,2598,1068,2017-09-02,2017
4180,348,1449,1691,2017-09-02,2017
4180,348,1691,1449,2017-09-02,2017
4181,349,3114,2703,2017-08-05,2017
4181,349,2703,3114,2017-08-05,2017
4182,349,1479,2421,2017-08-05,2017
4182,349,2421,1479,2017-08-05,2017
4183,349,3182,1921,2017-08-05,2017
4183,349,1921,3182,2017-08-05,2017
4184,349,252,452,2017-08-05,2017
4184,349,452,252,2017-08-05,2017
4185,349,117,1143,2017-08-05,2017
4185,349,1143,117,2017-08-05,2017
4186,349,3085,3801,2017-08-05,2017
4186,349,3801,3085,2017-08-05,2017
4187,349,1644,3600,2017-08-05,2017
4187,349,3600,1644,2017-08-05,2017
4188,349,2951,3510,2017-08-05,2017
4188,349,3510,2951,2017-08-05,2017
4189,349,4354,465,2017-08-05,2017
4189,349,465,4354,2017-08-05,2017
4190,349,3214,3324,2017-08-05,2017
4190,349,3324,3214,2017-08-05,2017
4191,349,2692,3502,2017-08-05,2017
4191,349,3502,2692,2017-08-05,2017
4192,349,3316,1656,2017-08-05,2017
4192,349,1656,3316,2017-08-05,2017
4194,350,4333,2379,2017-07-29,2017
4194,350,2379,4333,2017-07-29,2017
4195,350,1940,1147,2017-07-29,2017
4195,350,1147,1940,2017-07-29,2017
4196,350,2166,653,2017-07-29,2017
4196,350,653,2166,2017-07-29,2017
4197,350,2904,2411,2017-07-29,2017
4197,350,2411,2904,2017-07-29,2017
4198,350,2137,2056,2017-07-29,2017
4198,350,2056,2137,2017-07-29,2017
4199,350,3853,258,2017-07-29,2017
4199,350,258,3853,2017-07-29,2017
4200,350,2948,2658,2017-07-29,2017
4200,350,2658,2948,2017-07-29,2017
4201,350,1974,1209,2017-07-29,2017
4201,350,1209,1974,2017-07-29,2017
4202,350,54,838,2017-07-29,2017
4202,350,838,54,2017-07-29,2017
4203,350,475,3647,2017-07-29,2017
4203,350,3647,475,2017-07-29,2017
4204,350,978,520,2017-07-29,2017
4204,350,520,978,2017-07-29,2017
4205,351,4265,1348,2017-07-22,2017
4205,351,1348,4265,2017-07-22,2017
4206,351,1087,343,2017-07-22,2017
4206,351,343,1087,2017-07-22,2017
4207,351,829,4182,2017-07-22,2017
4207,351,4182,829,2017-07-22,2017
4208,351,3330,95,2017-07-22,2017
4208,351,95,3330,2017-07-22,2017
4209,351,4413,1434,2017-07-22,2017
4209,351,1434,4413,2017-07-22,2017
4210,351,134,2803,2017-07-22,2017
4210,351,2803,134,2017-07-22,2017
4211,351,2925,2128,2017-07-22,2017
4211,351,2128,2925,2017-07-22,2017
4212,351,3649,1454,2017-07-22,2017
4212,351,1454,3649,2017-07-22,2017
4213,351,1997,390,2017-07-22,2017
4213,351,390,1997,2017-07-22,2017
4214,351,4158,1989,2017-07-22,2017
4214,351,1989,4158,2017-07-22,2017
4215,351,52,1880,2017-07-22,2017
4215,351,1880,52,2017-07-22,2017
4216,351,519,3073,2017-07-22,2017
4216,351,3073,519,2017-07-22,2017
4217,351,4208,3086,2017-07-22,2017
4217,351,3086,4208,2017-07-22,2017
4218,352,3160,2819,2017-07-16,2017
4218,352,2819,3160,2017-07-16,2017
4219,352,561,4330,2017-07-16,2017
4219,352,4330,561,2017-07-16,2017
4220,352,1174,3252,2017-07-16,2017
4220,352,3252,1174,2017-07-16,2017
4221,352,2435,1829,2017-07-16,2017
4221,352,1829,2435,2017-07-16,2017
4222,352,3420,801,2017-07-16,2017
4222,352,801,3420,2017-07-16,2017
4223,352,4309,2733,2017-07-16,2017
4223,352,2733,4309,2017-07-16,2017
4224,352,3347,2799,2017-07-16,2017
4224,352,2799,3347,2017-07-16,2017
4225,352,3001,3608,2017-07-16,2017
4225,352,3608,3001,2017-07-16,2017
4226,352,394,4238,2017-07-16,2017
4226,352,4238,394,2017-07-16,2017
4227,352,1638,3991,2017-07-16,2017
4227,352,3991,1638,2017-07-16,2017
4228,352,1866,2691,2017-07-16,2017
4228,352,2691,1866,2017-07-16,2017
4229,352,3755,2211,2017-07-16,2017
4229,352,2211,3755,2017-07-16,2017
4230,353,4286,3394,2017-07-08,2017
4230,353,3394,4286,2017-07-08,2017
4231,353,2965,4270,2017-07-08,2017
4231,353,4270,2965,2017-07-08,2017
4232,353,383,2941,2017-07-08,2017
4232,353,2941,383,2017-07-08,2017
4233,353,3113,2605,2017-07-08,2017
4233,353,2605,3113,2017-07-08,2017
4234,353,1240,3711,2017-07-08,2017
4234,353,3711,1240,2017-07-08,2017
4235,353,2918,489,2017-07-08,2017
4235,353,489,2918,2017-07-08,2017
4236,353,2147,568,2017-07-08,2017
4236,353,568,2147,2017-07-08,2017
4237,353,3532,2554,2017-07-08,2017
4237,353,2554,3532,2017-07-08,2017
4238,353,2730,2558,2017-07-08,2017
4238,353,2558,2730,2017-07-08,2017
4239,353,3834,4239,2017-07-08,2017
4239,353,4239,3834,2017-07-08,2017
4240,353,1377,391,2017-07-08,2017
4240,353,391,1377,2017-07-08,2017
4241,354,1306,1876,2017-07-07,2017
4241,354,1876,1306,2017-07-07,2017
4242,354,3969,2253,2017-07-07,2017
4242,354,2253,3969,2017-07-07,2017
4243,354,2053,946,2017-07-07,2017
4243,354,946,2053,2017-07-07,2017
4244,354,587,3382,2017-07-07,2017
4244,354,3382,587,2017-07-07,2017
4245,354,3966,3996,2017-07-07,2017
4245,354,3996,3966,2017-07-07,2017
4246,354,1882,1250,2017-07-07,2017
4246,354,1250,1882,2017-07-07,2017
4247,354,1673,4384,2017-07-07,2017
4247,354,4384,1673,2017-07-07,2017
4248,354,2089,1316,2017-07-07,2017
4248,354,1316,2089,2017-07-07,2017
4249,354,987,1642,2017-07-07,2017
4249,354,1642,987,2017-07-07,2017
4250,354,3071,2252,2017-07-07,2017
4250,354,2252,3071,2017-07-07,2017
4251,354,2492,1796,2017-07-07,2017
4251,354,1796,2492,2017-07-07,2017
4252,355,2196,676,2017-06-25,2017
4252,355,676,2196,2017-06-25,2017
4253,355,393,1632,2017-06-25,2017
4253,355,1632,393,2017-06-25,2017
4254,355,1657,2043,2017-06-25,2017
4254,355,2043,1657,2017-06-25,2017
4255,355,3284,691,2017-06-25,2017
4255,355,691,3284,2017-06-25,2017
4256,355,2544,1337,2017-06-25,2017
4256,355,1337,2544,2017-06-25,2017
4257,355,3735,3066,2017-06-25,2017
4257,355,3066,3735,2017-06-25,2017
4258,355,1513,2062,2017-06-25,2017
4258,355,2062,1513,2017-06-25,2017
4259,355,4167,2628,2017-06-25,2017
4259,355,2628,4167,2017-06-25,2017
4260,355,1131,2710,2017-06-25,2017
4260,355,2710,1131,2017-06-25,2017
4261,355,1719,3169,2017-06-25,2017
4261,355,3169,1719,2017-06-25,2017
4262,355,1440,3212,2017-06-25,2017
4262,355,3212,1440,2017-06-25,2017
4263,355,2441,626,2017-06-25,2017
4263,355,626,2441,2017-06-25,2017
4264,355,2034,3837,2017-06-25,2017
4264,355,3837,2034,2017-06-25,2017
4265,356,1699,770,2017-06-17,2017
4265,356,770,1699,2017-06-17,2017
4266,356,4084,180,2017-06-17,2017
4266,356,180,4084,2017-06-17,2017
4267,356,796,2019,2017-06-17,2017
4267,356,2019,796,2017-06-17,2017
4268,356,995,3457,2017-06-17,2017
4268,356,3457,995,2017-06-17,2017
4269,356,4067,1418,2017-06-17,2017
4269,356,1418,4067,2017-06-17,2017
4270,356,1585,200,2017-06-17,2017
4270,356,200,1585,2017-06-17,2017
4271,356,551,1055,2017-06-17,2017
4271,356,1055,551,2017-06-17,2017
4272,356,3554,3599,2017-06-17,2017
4272,356,3599,3554,2017-06-17,2017
4273,356,2239,563,2017-06-17,2017
4273,356,563,2239,2017-06-17,2017
4274,356,977,1685,2017-06-17,2017
4274,356,1685,977,2017-06-17,2017
4275,356,1789,1864,2017-06-17,2017
4275,356,1864,1789,2017-06-17,2017
4276,356,3190,2026,2017-06-17,2017
4276,356,2026,3190,2017-06-17,2017
4277,357,1758,2234,2017-06-10,2017
4277,357,2234,1758,2017-06-10,2017
4278,357,496,1994,2017-06-10,2017
4278,357,1994,496,2017-06-10,2017
4279,357,1717,3049,2017-06-10,2017
4279,357,3049,1717,2017-06-10,2017
4280,357,842,846,2017-06-10,2017
4280,357,846,842,2017-06-10,2017
4281,357,2833,1090,2017-06-10,2017
4281,357,1090,2833,2017-06-10,2017
4282,357,4198,1682,2017-06-10,2017
4282,357,1682,4198,2017-06-10,2017
4283,357,3130,486,2017-06-10,2017
4283,357,486,3130,2017-06-10,2017
4284,357,1933,3845,2017-06-10,2017
4284,357,3845,1933,2017-06-10,2017
4285,357,2688,2661,2017-06-10,2017
4285,357,2661,2688,2017-06-10,2017
4286,357,2962,2106,2017-06-10,2017
4286,357,2106,2962,2017-06-10,2017
4287,357,65,1853,2017-06-10,2017
4287,357,1853,65,2017-06-10,2017
4288,358,1696,64,2017-06-03,2017
4288,358,64,1696,2017-06-03,2017
4289,358,1303,2086,2017-06-03,2017
4289,358,2086,1303,2017-06-03,2017
4290,358,319,2424,2017-06-03,2017
4290,358,2424,319,2017-06-03,2017
4291,358,781,249,2017-06-03,2017
4291,358,249,781,2017-06-03,2017
4292,358,2545,3688,2017-06-03,2017
4292,358,3688,2545,2017-06-03,2017
4293,358,209,2686,2017-06-03,2017
4293,358,2686,209,2017-06-03,2017
4294,358,605,3823,2017-06-03,2017
4294,358,3823,605,2017-06-03,2017
4295,358,2296,1069,2017-06-03,2017
4295,358,1069,2296,2017-06-03,2017
4296,358,1989,57,2017-06-03,2017
4296,358,57,1989,2017-06-03,2017
4297,358,3076,2726,2017-06-03,2017
4297,358,2726,3076,2017-06-03,2017
4298,358,655,4225,2017-06-03,2017
4298,358,4225,655,2017-06-03,2017
4299,358,1202,324,2017-06-03,2017
4299,358,324,1202,2017-06-03,2017
4300,359,1528,3978,2017-05-28,2017
4300,359,3978,1528,2017-05-28,2017
4301,359,2904,702,2017-05-28,2017
4301,359,702,2904,2017-05-28,2017
4302,359,3771,3565,2017-05-28,2017
4302,359,3565,3771,2017-05-28,2017
4303,359,40,3255,2017-05-28,2017
4303,359,3255,40,2017-05-28,2017
4304,359,3946,1108,2017-05-28,2017
4304,359,1108,3946,2017-05-28,2017
4305,359,1644,2835,2017-05-28,2017
4305,359,2835,1644,2017-05-28,2017
4306,359,2738,3843,2017-05-28,2017
4306,359,3843,2738,2017-05-28,2017
4307,359,3751,567,2017-05-28,2017
4307,359,567,3751,2017-05-28,2017
4308,359,3693,2349,2017-05-28,2017
4308,359,2349,3693,2017-05-28,2017
4309,359,4151,2764,2017-05-28,2017
4309,359,2764,4151,2017-05-28,2017
4310,359,4016,225,2017-05-28,2017
4310,359,225,4016,2017-05-28,2017
4311,359,1540,1624,2017-05-28,2017
4311,359,1624,1540,2017-05-28,2017
4312,360,2624,996,2017-05-13,2017
4312,360,996,2624,2017-05-13,2017
4313,360,1843,144,2017-05-13,2017
4313,360,144,1843,2017-05-13,2017
4314,360,2379,2469,2017-05-13,2017
4314,360,2469,2379,2017-05-13,2017
4315,360,1067,3370,2017-05-13,2017
4315,360,3370,1067,2017-05-13,2017
4316,360,447,1920,2017-05-13,2017
4316,360,1920,447,2017-05-13,2017
4318,360,2056,3736,2017-05-13,2017
4318,360,3736,2056,2017-05-13,2017
4319,360,3649,790,2017-05-13,2017
4319,360,790,3649,2017-05-13,2017
4320,360,4172,3283,2017-05-13,2017
4320,360,3283,4172,2017-05-13,2017
4321,360,628,30,2017-05-13,2017
4321,360,30,628,2017-05-13,2017
4322,360,289,329,2017-05-13,2017
4322,360,329,289,2017-05-13,2017
4323,360,156,691,2017-05-13,2017
4323,360,691,156,2017-05-13,2017
4324,361,3913,2274,2017-04-22,2017
4324,361,2274,3913,2017-04-22,2017
4325,361,1765,3493,2017-04-22,2017
4325,361,3493,1765,2017-04-22,2017
4326,361,3464,3383,2017-04-22,2017
4326,361,3383,3464,2017-04-22,2017
4327,361,982,4317,2017-04-22,2017
4327,361,4317,982,2017-04-22,2017
4328,361,3252,2160,2017-04-22,2017
4328,361,2160,3252,2017-04-22,2017
4329,361,3098,1088,2017-04-22,2017
4329,361,1088,3098,2017-04-22,2017
4330,361,2207,117,2017-04-22,2017
4330,361,117,2207,2017-04-22,2017
4331,361,2703,2951,2017-04-22,2017
4331,361,2951,2703,2017-04-22,2017
4332,361,1707,2499,2017-04-22,2017
4332,361,2499,1707,2017-04-22,2017
4333,361,3973,3067,2017-04-22,2017
4333,361,3067,3973,2017-04-22,2017
4334,361,885,862,2017-04-22,2017
4334,361,862,885,2017-04-22,2017
4335,361,261,3187,2017-04-22,2017
4335,361,3187,261,2017-04-22,2017
4336,361,3510,3588,2017-04-22,2017
4336,361,3588,3510,2017-04-22,2017
4337,362,1875,3271,2017-04-15,2017
4337,362,3271,1875,2017-04-15,2017
4338,362,2792,4250,2017-04-15,2017
4338,362,4250,2792,2017-04-15,2017
4339,362,4286,3805,2017-04-15,2017
4339,362,3805,4286,2017-04-15,2017
4340,362,2658,3852,2017-04-15,2017
4340,362,3852,2658,2017-04-15,2017
4341,362,4200,2818,2017-04-15,2017
4341,362,2818,4200,2017-04-15,2017
4342,362,1045,4302,2017-04-15,2017
4342,362,4302,1045,2017-04-15,2017
4343,362,2367,1486,2017-04-15,2017
4343,362,1486,2367,2017-04-15,2017
4344,362,1090,3765,2017-04-15,2017
4344,362,3765,1090,2017-04-15,2017
4345,362,3853,2569,2017-04-15,2017
4345,362,2569,3853,2017-04-15,2017
4346,362,709,737,2017-04-15,2017
4346,362,737,709,2017-04-15,2017
4347,362,3752,3501,2017-04-15,2017
4347,362,3501,3752,2017-04-15,2017
4348,362,827,799,2017-04-15,2017
4348,362,799,827,2017-04-15,2017
4349,362,4177,1145,2017-04-15,2017
4349,362,1145,4177,2017-04-15,2017
4350,363,766,1868,2017-04-08,2017
4350,363,1868,766,2017-04-08,2017
4351,363,2723,4265,2017-04-08,2017
4351,363,4265,2723,2017-04-08,2017
4352,363,561,1428,2017-04-08,2017
4352,363,1428,561,2017-04-08,2017
4353,363,112,787,2017-04-08,2017
4353,363,787,112,2017-04-08,2017
4354,363,2922,474,2017-04-08,2017
4354,363,474,2922,2017-04-08,2017
4355,363,1939,900,2017-04-08,2017
4355,363,900,1939,2017-04-08,2017
4356,363,4106,3883,2017-04-08,2017
4356,363,3883,4106,2017-04-08,2017
4357,363,519,3406,2017-04-08,2017
4357,363,3406,519,2017-04-08,2017
4358,363,829,372,2017-04-08,2017
4358,363,372,829,2017-04-08,2017
4359,363,1380,1691,2017-04-08,2017
4359,363,1691,1380,2017-04-08,2017
4360,363,1487,1104,2017-04-08,2017
4360,363,1104,1487,2017-04-08,2017
4361,363,651,61,2017-04-08,2017
4361,363,61,651,2017-04-08,2017
4362,363,358,2159,2017-04-08,2017
4362,363,2159,358,2017-04-08,2017
4363,364,2411,138,2017-03-18,2017
4363,364,138,2411,2017-03-18,2017
4364,364,2819,1921,2017-03-18,2017
4364,364,1921,2819,2017-03-18,2017
4365,364,4158,3131,2017-03-18,2017
4365,364,3131,4158,2017-03-18,2017
4366,364,86,129,2017-03-18,2017
4366,364,129,86,2017-03-18,2017
4367,364,1032,2349,2017-03-18,2017
4367,364,2349,1032,2017-03-18,2017
4368,364,286,3858,2017-03-18,2017
4368,364,3858,286,2017-03-18,2017
4369,364,1880,2941,2017-03-18,2017
4369,364,2941,1880,2017-03-18,2017
4370,364,1072,2324,2017-03-18,2017
4370,364,2324,1072,2017-03-18,2017
4371,364,946,2976,2017-03-18,2017
4371,364,2976,946,2017-03-18,2017
4372,364,3600,202,2017-03-18,2017
4372,364,202,3600,2017-03-18,2017
4373,364,2145,3190,2017-03-18,2017
4373,364,3190,2145,2017-03-18,2017
4375,365,3430,4182,2017-03-11,2017
4375,365,4182,3430,2017-03-11,2017
4376,365,265,873,2017-03-11,2017
4376,365,873,265,2017-03-11,2017
4377,365,412,1246,2017-03-11,2017
4377,365,1246,412,2017-03-11,2017
4379,365,2925,2544,2017-03-11,2017
4379,365,2544,2925,2017-03-11,2017
4380,365,2196,4056,2017-03-11,2017
4380,365,4056,2196,2017-03-11,2017
4381,365,2685,3240,2017-03-11,2017
4381,365,3240,2685,2017-03-11,2017
4382,365,3799,4354,2017-03-11,2017
4382,365,4354,3799,2017-03-11,2017
4383,365,3177,520,2017-03-11,2017
4383,365,520,3177,2017-03-11,2017
4384,365,1997,1838,2017-03-11,2017
4384,365,1838,1997,2017-03-11,2017
4385,365,781,2537,2017-03-11,2017
4385,365,2537,781,2017-03-11,2017
4386,366,4333,4008,2017-03-04,2017
4386,366,4008,4333,2017-03-04,2017
4387,366,3990,4134,2017-03-04,2017
4387,366,4134,3990,2017-03-04,2017
4388,366,1994,1143,2017-03-04,2017
4388,366,1143,1994,2017-03-04,2017
4389,366,561,758,2017-03-04,2017
4389,366,758,561,2017-03-04,2017
4390,366,2965,1758,2017-03-04,2017
4390,366,1758,2965,2017-03-04,2017
4391,366,4084,1634,2017-03-04,2017
4391,366,1634,4084,2017-03-04,2017
4392,366,1087,316,2017-03-04,2017
4392,366,316,1087,2017-03-04,2017
4393,366,57,3504,2017-03-04,2017
4393,366,3504,57,2017-03-04,2017
4394,366,1397,3825,2017-03-04,2017
4394,366,3825,1397,2017-03-04,2017
4395,366,3053,801,2017-03-04,2017
4395,366,801,3053,2017-03-04,2017
4396,366,2691,3801,2017-03-04,2017
4396,366,3801,2691,2017-03-04,2017
4397,367,2234,489,2017-02-19,2017
4397,367,489,2234,2017-02-19,2017
4398,367,1632,2280,2017-02-19,2017
4398,367,2280,1632,2017-02-19,2017
4399,367,4068,3671,2017-02-19,2017
4399,367,3671,4068,2017-02-19,2017
4400,367,3996,1191,2017-02-19,2017
4400,367,1191,3996,2017-02-19,2017
4401,367,2538,2494,2017-02-19,2017
4401,367,2494,2538,2017-02-19,2017
4402,367,1174,3300,2017-02-19,2017
4402,367,3300,1174,2017-02-19,2017
4403,367,3160,3946,2017-02-19,2017
4403,367,3946,3160,2017-02-19,2017
4404,367,2421,1131,2017-02-19,2017
4404,367,1131,2421,2017-02-19,2017
4405,367,4410,4176,2017-02-19,2017
4405,367,4176,4410,2017-02-19,2017
4406,367,3532,2435,2017-02-19,2017
4406,367,2435,3532,2017-02-19,2017
4407,367,2554,1829,2017-02-19,2017
4407,367,1829,2554,2017-02-19,2017
4408,368,908,1699,2017-02-11,2017
4408,368,1699,908,2017-02-11,2017
4409,368,3678,496,2017-02-11,2017
4409,368,496,3678,2017-02-11,2017
4410,368,3805,393,2017-02-11,2017
4410,368,393,3805,2017-02-11,2017
4411,368,3978,587,2017-02-11,2017
4411,368,587,3978,2017-02-11,2017
4412,368,3154,2605,2017-02-11,2017
4412,368,2605,3154,2017-02-11,2017
4413,368,2730,485,2017-02-11,2017
4413,368,485,2730,2017-02-11,2017
4414,368,3271,3554,2017-02-11,2017
4414,368,3554,3271,2017-02-11,2017
4415,368,2385,2216,2017-02-11,2017
4415,368,2216,2385,2017-02-11,2017
4416,368,1395,2874,2017-02-11,2017
4416,368,2874,1395,2017-02-11,2017
4417,368,2128,609,2017-02-11,2017
4417,368,609,2128,2017-02-11,2017
4418,369,1935,343,2017-02-04,2017
4418,369,343,1935,2017-02-04,2017
4419,369,1657,1479,2017-02-04,2017
4419,369,1479,1657,2017-02-04,2017
4420,369,4172,4063,2017-02-04,2017
4420,369,4063,4172,2017-02-04,2017
4421,369,2904,3464,2017-02-04,2017
4421,369,3464,2904,2017-02-04,2017
4422,369,1250,1561,2017-02-04,2017
4422,369,1561,1250,2017-02-04,2017
4423,369,144,1673,2017-02-04,2017
4423,369,1673,144,2017-02-04,2017
4425,369,3736,1504,2017-02-04,2017
4425,369,1504,3736,2017-02-04,2017
4426,369,3239,3955,2017-02-04,2017
4426,369,3955,3239,2017-02-04,2017
4427,369,3071,3249,2017-02-04,2017
4427,369,3249,3071,2017-02-04,2017
4429,369,3420,1891,2017-02-04,2017
4429,369,1891,3420,2017-02-04,2017
4430,370,3650,3059,2017-01-28,2017
4430,370,3059,3650,2017-01-28,2017
4431,370,2469,653,2017-01-28,2017
4431,370,653,2469,2017-01-28,2017
4432,370,2831,180,2017-01-28,2017
4432,370,180,2831,2017-01-28,2017
4433,370,2056,551,2017-01-28,2017
4433,370,551,2056,2017-01-28,2017
4434,370,117,2424,2017-01-28,2017
4434,370,2424,117,2017-01-28,2017
4435,370,209,3853,2017-01-28,2017
4435,370,3853,209,2017-01-28,2017
4436,370,2239,2799,2017-01-28,2017
4436,370,2799,2239,2017-01-28,2017
4437,370,1882,846,2017-01-28,2017
4437,370,846,1882,2017-01-28,2017
4438,370,3823,942,2017-01-28,2017
4438,370,942,3823,2017-01-28,2017
4439,370,3383,2034,2017-01-28,2017
4439,370,2034,3383,2017-01-28,2017
4440,370,3001,3647,2017-01-28,2017
4440,370,3647,3001,2017-01-28,2017
4441,370,1427,788,2017-01-28,2017
4441,370,788,1427,2017-01-28,2017
4442,371,3370,3066,2017-01-15,2017
4442,371,3066,3370,2017-01-15,2017
4443,371,2160,1624,2017-01-15,2017
4443,371,1624,2160,2017-01-15,2017
4444,371,3565,2521,2017-01-15,2017
4444,371,2521,3565,2017-01-15,2017
4445,371,3114,2688,2017-01-15,2017
4445,371,2688,3114,2017-01-15,2017
4446,371,2053,3169,2017-01-15,2017
4446,371,3169,2053,2017-01-15,2017
4447,371,2569,3454,2017-01-15,2017
4447,371,3454,2569,2017-01-15,2017
4448,371,2918,3100,2017-01-15,2017
4448,371,3100,2918,2017-01-15,2017
4449,371,2441,4278,2017-01-15,2017
4449,371,4278,2441,2017-01-15,2017
4450,371,2879,1911,2017-01-15,2017
4450,371,1911,2879,2017-01-15,2017
4451,371,1585,3649,2017-01-15,2017
4451,371,3649,1585,2017-01-15,2017
4452,371,691,2598,2017-01-15,2017
4452,371,2598,691,2017-01-15,2017
4453,371,200,3764,2017-01-15,2017
4453,371,3764,200,2017-01-15,2017
4454,372,2878,3421,2016-12-30,2016
4454,372,3421,2878,2016-12-30,2016
4455,372,1333,819,2016-12-30,2016
4455,372,819,1333,2016-12-30,2016
4456,372,966,2262,2016-12-30,2016
4456,372,2262,966,2016-12-30,2016
4457,372,2019,3457,2016-12-30,2016
4457,372,3457,2019,2016-12-30,2016
4458,372,412,3765,2016-12-30,2016
4458,372,3765,412,2016-12-30,2016
4459,372,2364,1632,2016-12-30,2016
4459,372,1632,2364,2016-12-30,2016
4460,372,605,4167,2016-12-30,2016
4460,372,4167,605,2016-12-30,2016
4461,372,1337,3201,2016-12-30,2016
4461,372,3201,1337,2016-12-30,2016
4462,372,3182,3995,2016-12-30,2016
4462,372,3995,3182,2016-12-30,2016
4464,373,4250,4135,2016-12-17,2016
4464,373,4135,4250,2016-12-17,2016
4465,373,1314,2868,2016-12-17,2016
4465,373,2868,1314,2016-12-17,2016
4466,373,1156,3131,2016-12-17,2016
4466,373,3131,1156,2016-12-17,2016
4467,373,1921,3098,2016-12-17,2016
4467,373,3098,1921,2016-12-17,2016
4468,373,801,846,2016-12-17,2016
4468,373,846,801,2016-12-17,2016
4469,373,1682,2606,2016-12-17,2016
4469,373,2606,1682,2016-12-17,2016
4470,373,796,261,2016-12-17,2016
4470,373,261,796,2016-12-17,2016
4471,373,2709,2679,2016-12-17,2016
4471,373,2679,2709,2016-12-17,2016
4472,373,1104,1707,2016-12-17,2016
4472,373,1707,1104,2016-12-17,2016
4473,373,3755,61,2016-12-17,2016
4473,373,61,3755,2016-12-17,2016
4474,373,4317,2651,2016-12-17,2016
4474,373,2651,4317,2016-12-17,2016
4475,373,3510,3629,2016-12-17,2016
4475,373,3629,3510,2016-12-17,2016
4476,373,80,4151,2016-12-17,2016
4476,373,4151,80,2016-12-17,2016
4477,374,1696,3113,2016-12-10,2016
4477,374,3113,1696,2016-12-10,2016
4478,374,653,478,2016-12-10,2016
4478,374,478,653,2016-12-10,2016
4479,374,3913,682,2016-12-10,2016
4479,374,682,3913,2016-12-10,2016
4480,374,1348,1995,2016-12-10,2016
4480,374,1995,1348,2016-12-10,2016
4481,374,2552,2558,2016-12-10,2016
4481,374,2558,2552,2016-12-10,2016
4482,374,702,2094,2016-12-10,2016
4482,374,2094,702,2016-12-10,2016
4483,374,213,978,2016-12-10,2016
4483,374,978,213,2016-12-10,2016
4484,374,3076,2226,2016-12-10,2016
4484,374,2226,3076,2016-12-10,2016
4485,374,2296,1309,2016-12-10,2016
4485,374,1309,2296,2016-12-10,2016
4486,374,4134,2384,2016-12-10,2016
4486,374,2384,4134,2016-12-10,2016
4487,374,2005,3458,2016-12-10,2016
4487,374,3458,2005,2016-12-10,2016
4488,374,2951,2387,2016-12-10,2016
4488,374,2387,2951,2016-12-10,2016
4489,375,2234,8,2016-12-09,2016
4489,375,8,2234,2016-12-09,2016
4490,375,2831,1561,2016-12-09,2016
4490,375,1561,2831,2016-12-09,2016
4491,375,138,2891,2016-12-09,2016
4491,375,2891,138,2016-12-09,2016
4492,375,4182,3456,2016-12-09,2016
4492,375,3456,4182,2016-12-09,2016
4493,375,2043,4384,2016-12-09,2016
4493,375,4384,2043,2016-12-09,2016
4494,375,485,568,2016-12-09,2016
4494,375,568,485,2016-12-09,2016
4495,375,2554,1375,2016-12-09,2016
4495,375,1375,2554,2016-12-09,2016
4496,375,3501,3751,2016-12-09,2016
4496,375,3751,3501,2016-12-09,2016
4497,375,519,1003,2016-12-09,2016
4497,375,1003,519,2016-12-09,2016
4498,375,946,3086,2016-12-09,2016
4498,375,3086,946,2016-12-09,2016
4499,375,1829,342,2016-12-09,2016
4499,375,342,1829,2016-12-09,2016
4500,375,2252,65,2016-12-09,2016
4500,375,65,2252,2016-12-09,2016
4501,376,1875,1090,2016-12-03,2016
4501,376,1090,1875,2016-12-03,2016
4502,376,325,648,2016-12-03,2016
4502,376,648,325,2016-12-03,2016
4503,376,2469,1088,2016-12-03,2016
4503,376,1088,2469,2016-12-03,2016
4504,376,587,842,2016-12-03,2016
4504,376,842,587,2016-12-03,2016
4505,376,2538,885,2016-12-03,2016
4505,376,885,2538,2016-12-03,2016
4506,376,2703,336,2016-12-03,2016
4506,376,336,2703,2016-12-03,2016
4507,376,1549,2492,2016-12-03,2016
4507,376,2492,1549,2016-12-03,2016
4508,376,1240,3588,2016-12-03,2016
4508,376,3588,1240,2016-12-03,2016
4509,376,2333,2898,2016-12-03,2016
4509,376,2898,2333,2016-12-03,2016
4510,376,2726,838,2016-12-03,2016
4510,376,838,2726,2016-12-03,2016
4511,376,3752,2768,2016-12-03,2016
4511,376,2768,3752,2016-12-03,2016
4512,376,709,3837,2016-12-03,2016
4512,376,3837,709,2016-12-03,2016
4513,377,4286,496,2016-11-26,2016
4513,377,496,4286,2016-11-26,2016
4514,377,1691,2480,2016-11-26,2016
4514,377,2480,1691,2016-11-26,2016
4515,377,40,2863,2016-11-26,2016
4515,377,2863,40,2016-11-26,2016
4516,377,4198,1970,2016-11-26,2016
4516,377,1970,4198,2016-11-26,2016
4517,377,3053,3420,2016-11-26,2016
4517,377,3420,3053,2016-11-26,2016
4518,377,3973,1555,2016-11-26,2016
4518,377,1555,3973,2016-11-26,2016
4519,377,1994,567,2016-11-26,2016
4519,377,567,1994,2016-11-26,2016
4520,377,486,4067,2016-11-26,2016
4520,377,4067,486,2016-11-26,2016
4521,377,2584,4227,2016-11-26,2016
4521,377,4227,2584,2016-11-26,2016
4522,377,2833,1655,2016-11-26,2016
4522,377,1655,2833,2016-11-26,2016
4523,377,2056,1717,2016-11-26,2016
4523,377,1717,2056,2016-11-26,2016
4524,377,4158,2848,2016-11-26,2016
4524,377,2848,4158,2016-11-26,2016
4525,377,2159,4434,2016-11-26,2016
4525,377,4434,2159,2016-11-26,2016
4526,378,234,2860,2016-11-19,2016
4526,378,2860,234,2016-11-19,2016
4527,378,95,2691,2016-11-19,2016
4527,378,2691,95,2016-11-19,2016
4528,378,1303,628,2016-11-19,2016
4528,378,628,1303,2016-11-19,2016
4529,378,1920,2207,2016-11-19,2016
4529,378,2207,1920,2016-11-19,2016
4530,378,4106,115,2016-11-19,2016
4530,378,115,4106,2016-11-19,2016
4531,378,2685,2962,2016-11-19,2016
4531,378,2962,2685,2016-11-19,2016
4532,378,1191,1644,2016-11-19,2016
4532,378,1644,1191,2016-11-19,2016
4533,378,156,3383,2016-11-19,2016
4533,378,3383,156,2016-11-19,2016
4534,378,1069,1323,2016-11-19,2016
4534,378,1323,1069,2016-11-19,2016
4535,378,1634,738,2016-11-19,2016
4535,378,738,1634,2016-11-19,2016
4536,378,2738,3599,2016-11-19,2016
4536,378,3599,2738,2016-11-19,2016
4538,379,2723,1548,2016-11-19,2016
4538,379,1548,2723,2016-11-19,2016
4539,379,3252,3049,2016-11-19,2016
4539,379,3049,3252,2016-11-19,2016
4540,379,4200,1880,2016-11-19,2016
4540,379,1880,4200,2016-11-19,2016
4541,379,2274,1796,2016-11-19,2016
4541,379,1796,2274,2016-11-19,2016
4542,379,2435,646,2016-11-19,2016
4542,379,646,2435,2016-11-19,2016
4543,379,1722,237,2016-11-19,2016
4543,379,237,1722,2016-11-19,2016
4544,379,2196,2766,2016-11-19,2016
4544,379,2766,2196,2016-11-19,2016
4545,379,758,1095,2016-11-19,2016
4545,379,1095,758,2016-11-19,2016
4546,379,2186,1397,2016-11-19,2016
4546,379,1397,2186,2016-11-19,2016
4547,379,827,4357,2016-11-19,2016
4547,379,4357,827,2016-11-19,2016
4548,379,3279,1029,2016-11-19,2016
4548,379,1029,3279,2016-11-19,2016
4549,379,1866,1685,2016-11-19,2016
4549,379,1685,1866,2016-11-19,2016
4550,379,3255,4238,2016-11-19,2016
4550,379,4238,3255,2016-11-19,2016
4551,380,2526,109,2016-11-12,2016
4551,380,109,2526,2016-11-12,2016
4553,380,1843,2086,2016-11-12,2016
4553,380,2086,1843,2016-11-12,2016
4554,380,3394,4265,2016-11-12,2016
4554,380,4265,3394,2016-11-12,2016
4555,380,3070,3961,2016-11-12,2016
4555,380,3961,3070,2016-11-12,2016
4556,380,1067,3852,2016-11-12,2016
4556,380,3852,1067,2016-11-12,2016
4557,380,2883,1876,2016-11-12,2016
4557,380,1876,2883,2016-11-12,2016
4558,380,393,2803,2016-11-12,2016
4558,380,2803,393,2016-11-12,2016
4559,380,2324,2730,2016-11-12,2016
4559,380,2730,2324,2016-11-12,2016
4560,380,2605,112,2016-11-12,2016
4560,380,112,2605,2016-11-12,2016
4561,380,608,651,2016-11-12,2016
4561,380,651,608,2016-11-12,2016
4562,381,1181,995,2016-11-05,2016
4562,381,995,1181,2016-11-05,2016
4563,381,3493,1624,2016-11-05,2016
4563,381,1624,3493,2016-11-05,2016
4564,381,2137,2922,2016-11-05,2016
4564,381,2922,2137,2016-11-05,2016
4565,381,452,3191,2016-11-05,2016
4565,381,3191,452,2016-11-05,2016
4566,381,873,2367,2016-11-05,2016
4566,381,2367,873,2016-11-05,2016
4567,381,1479,708,2016-11-05,2016
4567,381,708,1479,2016-11-05,2016
4568,381,3084,169,2016-11-05,2016
4568,381,169,3084,2016-11-05,2016
4569,381,3799,324,2016-11-05,2016
4569,381,324,3799,2016-11-05,2016
4570,381,1493,2673,2016-11-05,2016
4570,381,2673,1493,2016-11-05,2016
4571,381,3711,465,2016-11-05,2016
4571,381,465,3711,2016-11-05,2016
4572,381,117,2835,2016-11-05,2016
4572,381,2835,117,2016-11-05,2016
4573,381,3283,2873,2016-11-05,2016
4573,381,2873,3283,2016-11-05,2016
4574,381,289,221,2016-11-05,2016
4574,381,221,289,2016-11-05,2016
4575,382,367,1628,2016-10-08,2016
4575,382,1628,367,2016-10-08,2016
4576,382,2723,319,2016-10-08,2016
4576,382,319,2723,2016-10-08,2016
4577,382,2411,3464,2016-10-08,2016
4577,382,3464,2411,2016-10-08,2016
4578,382,3886,2941,2016-10-08,2016
4578,382,2941,3886,2016-10-08,2016
4579,382,316,977,2016-10-08,2016
4579,382,977,316,2016-10-08,2016
4580,382,57,3131,2016-10-08,2016
4580,382,3131,57,2016-10-08,2016
4581,382,3843,1477,2016-10-08,2016
4581,382,1477,3843,2016-10-08,2016
4582,382,1072,4077,2016-10-08,2016
4582,382,4077,1072,2016-10-08,2016
4583,382,946,3465,2016-10-08,2016
4583,382,3465,946,2016-10-08,2016
4584,382,3098,3347,2016-10-08,2016
4584,382,3347,3098,2016-10-08,2016
4585,382,3531,2459,2016-10-08,2016
4585,382,2459,3531,2016-10-08,2016
4586,383,2262,982,2016-10-01,2016
4586,383,982,2262,2016-10-01,2016
4587,383,2925,474,2016-10-01,2016
4587,383,474,2925,2016-10-01,2016
4588,383,2962,520,2016-10-01,2016
4588,383,520,2962,2016-10-01,2016
4589,383,2703,3765,2016-10-01,2016
4589,383,3765,2703,2016-10-01,2016
4590,383,846,691,2016-10-01,2016
4590,383,691,846,2016-10-01,2016
4591,383,1209,951,2016-10-01,2016
4591,383,951,1209,2016-10-01,2016
4592,383,8,1585,2016-10-01,2016
4592,383,1585,8,2016-10-01,2016
4593,383,4413,2781,2016-10-01,2016
4593,383,2781,4413,2016-10-01,2016
4594,383,2424,2508,2016-10-01,2016
4594,383,2508,2424,2016-10-01,2016
4595,383,842,4312,2016-10-01,2016
4595,383,4312,842,2016-10-01,2016
4596,383,383,1058,2016-10-01,2016
4596,383,1058,383,2016-10-01,2016
4597,383,4177,1172,2016-10-01,2016
4597,383,1172,4177,2016-10-01,2016
4598,384,1940,2145,2016-09-24,2016
4598,384,2145,1940,2016-09-24,2016
4599,384,258,2874,2016-09-24,2016
4599,384,2874,258,2016-09-24,2016
4600,384,2818,3686,2016-09-24,2016
4600,384,3686,2818,2016-09-24,2016
4601,384,4056,1174,2016-09-24,2016
4601,384,1174,4056,2016-09-24,2016
4602,384,3823,3532,2016-09-24,2016
4602,384,3532,3823,2016-09-24,2016
4603,384,3073,900,2016-09-24,2016
4603,384,900,3073,2016-09-24,2016
4604,384,3177,525,2016-09-24,2016
4604,384,525,3177,2016-09-24,2016
4605,384,4354,3955,2016-09-24,2016
4605,384,3955,4354,2016-09-24,2016
4606,384,1246,2951,2016-09-24,2016
4606,384,2951,1246,2016-09-24,2016
4607,384,3688,655,2016-09-24,2016
4607,384,655,3688,2016-09-24,2016
4608,384,3035,3252,2016-09-24,2016
4608,384,3252,3035,2016-09-24,2016
4609,384,2324,4099,2016-09-24,2016
4609,384,4099,2324,2016-09-24,2016
4610,384,1380,1256,2016-09-24,2016
4610,384,1256,1380,2016-09-24,2016
4611,385,1876,3154,2016-09-17,2016
4611,385,3154,1876,2016-09-17,2016
4612,385,496,1548,2016-09-17,2016
4612,385,1548,496,2016-09-17,2016
4613,385,1043,1395,2016-09-17,2016
4613,385,1395,1043,2016-09-17,2016
4614,385,609,3349,2016-09-17,2016
4614,385,3349,609,2016-09-17,2016
4615,385,2385,4208,2016-09-17,2016
4615,385,4208,2385,2016-09-17,2016
4616,385,3736,381,2016-09-17,2016
4616,385,381,3736,2016-09-17,2016
4617,385,329,3671,2016-09-17,2016
4617,385,3671,329,2016-09-17,2016
4618,385,2730,2672,2016-09-17,2016
4618,385,2672,2730,2016-09-17,2016
4619,385,605,1518,2016-09-17,2016
4619,385,1518,605,2016-09-17,2016
4620,385,3214,1415,2016-09-17,2016
4620,385,1415,3214,2016-09-17,2016
4621,385,485,2673,2016-09-17,2016
4621,385,2673,485,2016-09-17,2016
4623,386,2624,2965,2016-09-10,2016
4623,386,2965,2624,2016-09-10,2016
4624,386,4270,489,2016-09-10,2016
4624,386,489,4270,2016-09-10,2016
4625,386,1314,3199,2016-09-10,2016
4625,386,3199,1314,2016-09-10,2016
4626,386,3330,1156,2016-09-10,2016
4626,386,1156,3330,2016-09-10,2016
4627,386,144,4330,2016-09-10,2016
4627,386,4330,144,2016-09-10,2016
4628,386,770,1154,2016-09-10,2016
4628,386,1154,770,2016-09-10,2016
4629,386,3966,2359,2016-09-10,2016
4629,386,2359,3966,2016-09-10,2016
4630,386,2216,2499,2016-09-10,2016
4630,386,2499,2216,2016-09-10,2016
4631,386,978,1427,2016-09-10,2016
4631,386,1427,978,2016-09-10,2016
4632,386,2545,3818,2016-09-10,2016
4632,386,3818,2545,2016-09-10,2016
4633,387,273,180,2016-09-03,2016
4633,387,180,273,2016-09-03,2016
4634,387,1528,372,2016-09-03,2016
4634,387,372,1528,2016-09-03,2016
4635,387,234,2156,2016-09-03,2016
4635,387,2156,234,2016-09-03,2016
4636,387,1622,253,2016-09-03,2016
4636,387,253,1622,2016-09-03,2016
4637,387,225,4225,2016-09-03,2016
4637,387,4225,225,2016-09-03,2016
4638,387,3771,852,2016-09-03,2016
4638,387,852,3771,2016-09-03,2016
4639,387,1145,1576,2016-09-03,2016
4639,387,1576,1145,2016-09-03,2016
4640,387,2146,1803,2016-09-03,2016
4640,387,1803,2146,2016-09-03,2016
4642,387,1644,202,2016-09-03,2016
4642,387,202,1644,2016-09-03,2016
4643,387,2005,3689,2016-09-03,2016
4643,387,3689,2005,2016-09-03,2016
4644,388,2379,743,2016-08-27,2016
4644,388,743,2379,2016-08-27,2016
4645,388,3113,2922,2016-08-27,2016
4645,388,2922,3113,2016-08-27,2016
4646,388,4135,3249,2016-08-27,2016
4646,388,3249,4135,2016-08-27,2016
4647,388,2605,2160,2016-08-27,2016
4647,388,2160,2605,2016-08-27,2016
4648,388,117,627,2016-08-27,2016
4648,388,627,117,2016-08-27,2016
4649,388,390,289,2016-08-27,2016
4649,388,289,390,2016-08-27,2016
4650,388,942,2537,2016-08-27,2016
4650,388,2537,942,2016-08-27,2016
4651,388,3694,572,2016-08-27,2016
4651,388,572,3694,2016-08-27,2016
4652,388,2147,1449,2016-08-27,2016
4652,388,1449,2147,2016-08-27,2016
4653,388,1997,3300,2016-08-27,2016
4653,388,3300,1997,2016-08-27,2016
4654,389,2526,956,2016-08-20,2016
4654,389,956,2526,2016-08-20,2016
4655,389,1868,3978,2016-08-20,2016
4655,389,3978,1868,2016-08-20,2016
4656,389,653,3872,2016-08-20,2016
4656,389,3872,653,2016-08-20,2016
4657,389,3098,2251,2016-08-20,2016
4657,389,2251,3098,2016-08-20,2016
4658,389,2544,1708,2016-08-20,2016
4658,389,1708,2544,2016-08-20,2016
4659,389,1333,2651,2016-08-20,2016
4659,389,2651,1333,2016-08-20,2016
4660,389,3070,3123,2016-08-20,2016
4660,389,3123,3070,2016-08-20,2016
4661,389,2274,221,2016-08-20,2016
4661,389,221,2274,2016-08-20,2016
4662,389,628,2421,2016-08-20,2016
4662,389,2421,628,2016-08-20,2016
4663,389,2151,2364,2016-08-20,2016
4663,389,2364,2151,2016-08-20,2016
4664,389,796,1493,2016-08-20,2016
4664,389,1493,796,2016-08-20,2016
4665,389,4167,4087,2016-08-20,2016
4665,389,4087,4167,2016-08-20,2016
4666,390,3370,551,2016-08-06,2016
4666,390,551,3370,2016-08-06,2016
4667,390,343,1838,2016-08-06,2016
4667,390,1838,343,2016-08-06,2016
4668,390,2207,567,2016-08-06,2016
4668,390,567,2207,2016-08-06,2016
4669,390,3160,827,2016-08-06,2016
4669,390,827,3160,2016-08-06,2016
4670,390,3751,1375,2016-08-06,2016
4670,390,1375,3751,2016-08-06,2016
4671,390,2710,3973,2016-08-06,2016
4671,390,3973,2710,2016-08-06,2016
4672,390,2521,3845,2016-08-06,2016
4672,390,3845,2521,2016-08-06,2016
4673,390,4084,3100,2016-08-06,2016
4673,390,3100,4084,2016-08-06,2016
4674,390,3990,2873,2016-08-06,2016
4674,390,2873,3990,2016-08-06,2016
4675,390,1796,1531,2016-08-06,2016
4675,390,1531,1796,2016-08-06,2016
4676,390,3913,1979,2016-08-06,2016
4676,390,1979,3913,2016-08-06,2016
4677,390,2186,3649,2016-08-06,2016
4677,390,3649,2186,2016-08-06,2016
4678,391,4333,2166,2016-07-30,2016
4678,391,2166,4333,2016-07-30,2016
4679,391,2086,2792,2016-07-30,2016
4679,391,2792,2086,2016-07-30,2016
4680,391,1088,478,2016-07-30,2016
4680,391,478,1088,2016-07-30,2016
4681,391,3084,3328,2016-07-30,2016
4681,391,3328,3084,2016-07-30,2016
4682,391,336,3629,2016-07-30,2016
4682,391,3629,336,2016-07-30,2016
4683,391,2094,1642,2016-07-30,2016
4683,391,1642,2094,2016-07-30,2016
4684,391,2469,3049,2016-07-30,2016
4684,391,3049,2469,2016-07-30,2016
4685,391,1561,1454,2016-07-30,2016
4685,391,1454,1561,2016-07-30,2016
4686,391,3271,3510,2016-07-30,2016
4686,391,3510,3271,2016-07-30,2016
4688,391,486,192,2016-07-30,2016
4688,391,192,486,2016-07-30,2016
4689,392,3650,1699,2016-07-23,2016
4689,392,1699,3650,2016-07-23,2016
4690,392,265,2562,2016-07-23,2016
4690,392,2562,265,2016-07-23,2016
4691,392,2831,2598,2016-07-23,2016
4691,392,2598,2831,2016-07-23,2016
4692,392,1657,838,2016-07-23,2016
4692,392,838,1657,2016-07-23,2016
4693,392,4317,3454,2016-07-23,2016
4693,392,3454,4317,2016-07-23,2016
4694,392,1087,3073,2016-07-23,2016
4694,392,3073,1087,2016-07-23,2016
4695,392,4106,4357,2016-07-23,2016
4695,392,4357,4106,2016-07-23,2016
4696,392,3177,788,2016-07-23,2016
4696,392,788,3177,2016-07-23,2016
4697,392,2925,2679,2016-07-23,2016
4697,392,2679,2925,2016-07-23,2016
4698,392,2056,68,2016-07-23,2016
4698,392,68,2056,2016-07-23,2016
4699,392,1634,3764,2016-07-23,2016
4699,392,3764,1634,2016-07-23,2016
4700,393,2262,2514,2016-07-13,2016
4700,393,2514,2262,2016-07-13,2016
4701,393,1181,4134,2016-07-13,2016
4701,393,4134,1181,2016-07-13,2016
4702,393,393,3488,2016-07-13,2016
4702,393,3488,393,2016-07-13,2016
4703,393,2941,2918,2016-07-13,2016
4703,393,2918,2941,2016-07-13,2016
4704,393,2781,2863,2016-07-13,2016
4704,393,2863,2781,2016-07-13,2016
4705,393,3765,2833,2016-07-13,2016
4705,393,2833,3765,2016-07-13,2016
4706,393,651,2755,2016-07-13,2016
4706,393,2755,651,2016-07-13,2016
4707,393,117,3823,2016-07-13,2016
4707,393,3823,117,2016-07-13,2016
4708,393,628,3835,2016-07-13,2016
4708,393,3835,628,2016-07-13,2016
4709,393,1707,3117,2016-07-13,2016
4709,393,3117,1707,2016-07-13,2016
4710,393,4354,2296,2016-07-13,2016
4710,393,2296,4354,2016-07-13,2016
4711,393,2835,709,2016-07-13,2016
4711,393,709,2835,2016-07-13,2016
4712,394,2878,3961,2016-07-09,2016
4712,394,3961,2878,2016-07-09,2016
4714,394,766,3678,2016-07-09,2016
4714,394,3678,766,2016-07-09,2016
4715,394,64,1067,2016-07-09,2016
4715,394,1067,64,2016-07-09,2016
4716,394,4149,489,2016-07-09,2016
4716,394,489,4149,2016-07-09,2016
4717,394,3059,4442,2016-07-09,2016
4717,394,4442,3059,2016-07-09,2016
4718,394,1348,1632,2016-07-09,2016
4718,394,1632,1348,2016-07-09,2016
4719,394,966,209,2016-07-09,2016
4719,394,209,966,2016-07-09,2016
4720,394,2868,2417,2016-07-09,2016
4720,394,2417,2868,2016-07-09,2016
4721,394,2160,3493,2016-07-09,2016
4721,394,3493,2160,2016-07-09,2016
4722,394,2723,3532,2016-07-09,2016
4722,394,3532,2723,2016-07-09,2016
4723,394,2605,1418,2016-07-09,2016
4723,394,1418,2605,2016-07-09,2016
4724,395,1843,1303,2016-07-08,2016
4724,395,1303,1843,2016-07-08,2016
4725,395,3501,3420,2016-07-08,2016
4725,395,3420,3501,2016-07-08,2016
4726,395,3890,758,2016-07-08,2016
4726,395,758,3890,2016-07-08,2016
4727,395,474,3049,2016-07-08,2016
4727,395,3049,474,2016-07-08,2016
4728,395,682,3964,2016-07-08,2016
4728,395,3964,682,2016-07-08,2016
4729,395,3693,1691,2016-07-08,2016
4729,395,1691,3693,2016-07-08,2016
4730,395,2492,495,2016-07-08,2016
4730,395,495,2492,2016-07-08,2016
4731,395,2838,2688,2016-07-08,2016
4731,395,2688,2838,2016-07-08,2016
4732,395,3837,1633,2016-07-08,2016
4732,395,1633,3837,2016-07-08,2016
4733,395,1191,3752,2016-07-08,2016
4733,395,3752,1191,2016-07-08,2016
4734,395,2196,2480,2016-07-08,2016
4734,395,2480,2196,2016-07-08,2016
4735,395,2239,4409,2016-07-08,2016
4735,395,4409,2239,2016-07-08,2016
4736,396,109,995,2016-07-07,2016
4736,396,995,109,2016-07-07,2016
4737,396,2234,2818,2016-07-07,2016
4737,396,2818,2234,2016-07-07,2016
4738,396,1921,2730,2016-07-07,2016
4738,396,2730,1921,2016-07-07,2016
4739,396,1032,713,2016-07-07,2016
4739,396,713,1032,2016-07-07,2016
4740,396,2617,3201,2016-07-07,2016
4740,396,3201,2617,2016-07-07,2016
4741,396,2384,238,2016-07-07,2016
4741,396,238,2384,2016-07-07,2016
4742,396,364,2287,2016-07-07,2016
4742,396,2287,364,2016-07-07,2016
4743,396,2738,977,2016-07-07,2016
4743,396,977,2738,2016-07-07,2016
4744,396,169,3505,2016-07-07,2016
4744,396,3505,169,2016-07-07,2016
4745,396,525,3465,2016-07-07,2016
4745,396,3465,525,2016-07-07,2016
4746,396,324,4176,2016-07-07,2016
4746,396,4176,324,2016-07-07,2016
4747,396,2324,1656,2016-07-07,2016
4747,396,1656,2324,2016-07-07,2016
4748,397,4008,2338,2016-06-18,2016
4748,397,2338,4008,2016-06-18,2016
4749,397,653,787,2016-06-18,2016
4749,397,787,653,2016-06-18,2016
4750,397,420,2891,2016-06-18,2016
4750,397,2891,420,2016-06-18,2016
4751,397,213,1449,2016-06-18,2016
4751,397,1449,213,2016-06-18,2016
4752,397,4330,2226,2016-06-18,2016
4752,397,2226,4330,2016-06-18,2016
4753,397,3458,3689,2016-06-18,2016
4753,397,3689,3458,2016-06-18,2016
4754,397,702,842,2016-06-18,2016
4754,397,842,702,2016-06-18,2016
4755,397,1920,2508,2016-06-18,2016
4755,397,2508,1920,2016-06-18,2016
4756,397,3799,302,2016-06-18,2016
4756,397,302,3799,2016-06-18,2016
4757,397,3996,117,2016-06-18,2016
4757,397,117,3996,2016-06-18,2016
4758,397,2421,1911,2016-06-18,2016
4758,397,1911,2421,2016-06-18,2016
4759,397,796,2584,2016-06-18,2016
4759,397,2584,796,2016-06-18,2016
4760,397,237,1655,2016-06-18,2016
4760,397,1655,237,2016-06-18,2016
4761,398,367,3362,2016-06-04,2016
4761,398,3362,367,2016-06-04,2016
4762,398,819,1156,2016-06-04,2016
4762,398,1156,819,2016-06-04,2016
4763,398,1696,2137,2016-06-04,2016
4763,398,2137,1696,2016-06-04,2016
4764,398,1628,2280,2016-06-04,2016
4764,398,2280,1628,2016-06-04,2016
4765,398,3154,1486,2016-06-04,2016
4765,398,1486,3154,2016-06-04,2016
4766,398,2948,1513,2016-06-04,2016
4766,398,1513,2948,2016-06-04,2016
4767,398,873,4172,2016-06-04,2016
4767,398,4172,873,2016-06-04,2016
4768,398,144,3067,2016-06-04,2016
4768,398,3067,144,2016-06-04,2016
4769,398,551,2606,2016-06-04,2016
4769,398,2606,551,2016-06-04,2016
4770,398,3883,455,2016-06-04,2016
4770,398,455,3883,2016-06-04,2016
4771,398,846,4312,2016-06-04,2016
4771,398,4312,846,2016-06-04,2016
4773,398,3283,2333,2016-06-04,2016
4773,398,2333,3283,2016-06-04,2016
4774,399,1333,95,2016-05-29,2016
4774,399,95,1333,2016-05-29,2016
4775,399,3852,258,2016-05-29,2016
4775,399,258,3852,2016-05-29,2016
4776,399,3872,3457,2016-05-29,2016
4776,399,3457,3872,2016-05-29,2016
4777,399,567,2628,2016-05-29,2016
4777,399,2628,567,2016-05-29,2016
4778,399,2151,2469,2016-05-29,2016
4778,399,2469,2151,2016-05-29,2016
4779,399,1174,520,2016-05-29,2016
4779,399,520,1174,2016-05-29,2016
4780,399,2538,1154,2016-05-29,2016
4780,399,1154,2538,2016-05-29,2016
4781,399,4063,3316,2016-05-29,2016
4781,399,3316,4063,2016-05-29,2016
4782,399,737,4087,2016-05-29,2016
4782,399,4087,737,2016-05-29,2016
4783,399,2062,572,2016-05-29,2016
4783,399,572,2062,2016-05-29,2016
4784,399,597,3853,2016-05-29,2016
4784,399,3853,597,2016-05-29,2016
4785,399,2616,897,2016-05-29,2016
4785,399,897,2616,2016-05-29,2016
4786,400,2624,4270,2016-05-14,2016
4786,400,4270,2624,2016-05-14,2016
4787,400,3805,319,2016-05-14,2016
4787,400,319,3805,2016-05-14,2016
4788,400,1940,3755,2016-05-14,2016
4788,400,3755,1940,2016-05-14,2016
4789,400,3430,138,2016-05-14,2016
4789,400,138,3430,2016-05-14,2016
4790,400,261,115,2016-05-14,2016
4790,400,115,261,2016-05-14,2016
4791,400,2379,478,2016-05-14,2016
4791,400,478,2379,2016-05-14,2016
4792,400,3532,2424,2016-05-14,2016
4792,400,2424,3532,2016-05-14,2016
4793,400,4056,2545,2016-05-14,2016
4793,400,2545,4056,2016-05-14,2016
4794,400,2262,1240,2016-05-14,2016
4794,400,1240,2262,2016-05-14,2016
4795,400,2860,829,2016-05-14,2016
4795,400,829,2860,2016-05-14,2016
4797,400,2658,4073,2016-05-14,2016
4797,400,4073,2658,2016-05-14,2016
4798,401,2965,180,2016-05-08,2016
4798,401,180,2965,2016-05-08,2016
4799,401,3886,3686,2016-05-08,2016
4799,401,3686,3886,2016-05-08,2016
4800,401,2819,4077,2016-05-08,2016
4800,401,4077,2819,2016-05-08,2016
4801,401,908,1095,2016-05-08,2016
4801,401,1095,908,2016-05-08,2016
4802,401,2094,286,2016-05-08,2016
4802,401,286,2094,2016-05-08,2016
4803,401,2086,708,2016-05-08,2016
4803,401,708,2086,2016-05-08,2016
4804,401,2005,4208,2016-05-08,2016
4804,401,4208,2005,2016-05-08,2016
4805,401,646,2537,2016-05-08,2016
4805,401,2537,646,2016-05-08,2016
4806,401,1104,4067,2016-05-08,2016
4806,401,4067,1104,2016-05-08,2016
4807,401,2349,548,2016-05-08,2016
4807,401,548,2349,2016-05-08,2016
4808,401,1722,3608,2016-05-08,2016
4808,401,3608,1722,2016-05-08,2016
4809,401,1072,4248,2016-05-08,2016
4809,401,4248,1072,2016-05-08,2016
4810,401,3554,1349,2016-05-08,2016
4810,401,1349,3554,2016-05-08,2016
4811,402,1893,3464,2016-04-23,2016
4811,402,3464,1893,2016-04-23,2016
4812,402,1875,648,2016-04-23,2016
4812,402,648,1875,2016-04-23,2016
4813,402,265,3113,2016-04-23,2016
4813,402,3113,265,2016-04-23,2016
4814,402,4286,2803,2016-04-23,2016
4814,402,2803,4286,2016-04-23,2016
4815,402,3370,1209,2016-04-23,2016
4815,402,1209,3370,2016-04-23,2016
4816,402,3114,1988,2016-04-23,2016
4816,402,1988,3114,2016-04-23,2016
4817,402,3347,3845,2016-04-23,2016
4817,402,3845,3347,2016-04-23,2016
4818,402,1131,2252,2016-04-23,2016
4818,402,2252,1131,2016-04-23,2016
4819,402,4172,1256,2016-04-23,2016
4819,402,1256,4172,2016-04-23,2016
4820,402,1585,1058,2016-04-23,2016
4820,402,1058,1585,2016-04-23,2016
4821,402,3383,1660,2016-04-23,2016
4821,402,1660,3383,2016-04-23,2016
4822,402,2196,1129,2016-04-23,2016
4822,402,1129,2196,2016-04-23,2016
4823,403,3978,1143,2016-04-16,2016
4823,403,1143,3978,2016-04-16,2016
4824,403,2792,3071,2016-04-16,2016
4824,403,3071,2792,2016-04-16,2016
4825,403,2883,1719,2016-04-16,2016
4825,403,1719,2883,2016-04-16,2016
4826,403,3913,951,2016-04-16,2016
4826,403,951,3913,2016-04-16,2016
4827,403,676,873,2016-04-16,2016
4827,403,873,676,2016-04-16,2016
4828,403,3070,770,2016-04-16,2016
4828,403,770,3070,2016-04-16,2016
4829,403,3160,2521,2016-04-16,2016
4829,403,2521,3160,2016-04-16,2016
4830,403,1481,485,2016-04-16,2016
4830,403,485,1481,2016-04-16,2016
4831,403,982,1323,2016-04-16,2016
4831,403,1323,982,2016-04-16,2016
4832,403,1191,249,2016-04-16,2016
4832,403,249,1191,2016-04-16,2016
4833,403,4413,40,2016-04-16,2016
4833,403,40,4413,2016-04-16,2016
4834,404,996,3418,2016-04-10,2016
4834,404,3418,996,2016-04-10,2016
4835,404,2234,1421,2016-04-10,2016
4835,404,1421,2234,2016-04-10,2016
4836,404,2831,383,2016-04-10,2016
4836,404,383,2831,2016-04-10,2016
4837,404,1880,4084,2016-04-10,2016
4837,404,4084,1880,2016-04-10,2016
4838,404,372,3155,2016-04-10,2016
4838,404,3155,372,2016-04-10,2016
4839,404,2710,3835,2016-04-10,2016
4839,404,3835,2710,2016-04-10,2016
4840,404,827,852,2016-04-10,2016
4840,404,852,827,2016-04-10,2016
4841,404,3085,1111,2016-04-10,2016
4841,404,1111,3085,2016-04-10,2016
4842,404,3935,1540,2016-04-10,2016
4842,404,1540,3935,2016-04-10,2016
4843,404,3843,3056,2016-04-10,2016
4843,404,3056,3843,2016-04-10,2016
4844,404,2460,4281,2016-04-10,2016
4844,404,4281,2460,2016-04-10,2016
4845,404,587,200,2016-04-10,2016
4845,404,200,587,2016-04-10,2016
4846,404,4151,942,2016-04-10,2016
4846,404,942,4151,2016-04-10,2016
4847,405,1758,2625,2016-03-19,2016
4847,405,2625,1758,2016-03-19,2016
4848,405,2364,2280,2016-03-19,2016
4848,405,2280,2364,2016-03-19,2016
4849,405,2480,626,2016-03-19,2016
4849,405,626,2480,2016-03-19,2016
4850,405,1994,605,2016-03-19,2016
4850,405,605,1994,2016-03-19,2016
4851,405,420,3975,2016-03-19,2016
4851,405,3975,420,2016-03-19,2016
4852,405,3249,1555,2016-03-19,2016
4852,405,1555,3249,2016-03-19,2016
4853,405,1921,2898,2016-03-19,2016
4853,405,2898,1921,2016-03-19,2016
4854,405,1717,1066,2016-03-19,2016
4854,405,1066,1717,2016-03-19,2016
4855,405,3755,2779,2016-03-19,2016
4855,405,2779,3755,2016-03-19,2016
4856,405,145,4227,2016-03-19,2016
4856,405,4227,145,2016-03-19,2016
4857,405,3049,2147,2016-03-19,2016
4857,405,2147,3049,2016-03-19,2016
4858,405,3035,486,2016-03-19,2016
4858,405,486,3035,2016-03-19,2016
4859,406,956,2526,2016-03-05,2016
4859,406,2526,956,2016-03-05,2016
4860,406,3961,1699,2016-03-05,2016
4860,406,1699,3961,2016-03-05,2016
4861,406,2156,4182,2016-03-05,2016
4861,406,4182,2156,2016-03-05,2016
4862,406,138,2167,2016-03-05,2016
4862,406,2167,138,2016-03-05,2016
4863,406,2878,3650,2016-03-05,2016
4863,406,3650,2878,2016-03-05,2016
4864,406,240,3995,2016-03-05,2016
4864,406,3995,240,2016-03-05,2016
4865,406,3946,3688,2016-03-05,2016
4865,406,3688,3946,2016-03-05,2016
4866,406,2628,1517,2016-03-05,2016
4866,406,1517,2628,2016-03-05,2016
4867,406,1087,3736,2016-03-05,2016
4867,406,3736,1087,2016-03-05,2016
4868,406,3493,2605,2016-03-05,2016
4868,406,2605,3493,2016-03-05,2016
4869,406,3458,3474,2016-03-05,2016
4869,406,3474,3458,2016-03-05,2016
4870,406,1796,1120,2016-03-05,2016
4870,406,1120,1796,2016-03-05,2016
4871,407,367,3678,2016-02-27,2016
4871,407,3678,367,2016-02-27,2016
4872,407,2723,2207,2016-02-27,2016
4872,407,2207,2723,2016-02-27,2016
4873,407,455,2781,2016-02-27,2016
4873,407,2781,455,2016-02-27,2016
4874,407,3131,3328,2016-02-27,2016
4874,407,3328,3131,2016-02-27,2016
4875,407,129,4295,2016-02-27,2016
4875,407,4295,129,2016-02-27,2016
4876,407,1477,4158,2016-02-27,2016
4876,407,4158,1477,2016-02-27,2016
4877,407,202,930,2016-02-27,2016
4877,407,930,202,2016-02-27,2016
4878,407,86,2585,2016-02-27,2016
4878,407,2585,86,2016-02-27,2016
4879,407,1920,3600,2016-02-27,2016
4879,407,3600,1920,2016-02-27,2016
4880,407,2005,3016,2016-02-27,2016
4880,407,3016,2005,2016-02-27,2016
4881,407,2941,864,2016-02-27,2016
4881,407,864,2941,2016-02-27,2016
4882,407,2976,1449,2016-02-27,2016
4882,407,1449,2976,2016-02-27,2016
4883,407,3990,3911,2016-02-27,2016
4883,407,3911,3990,2016-02-27,2016
4884,408,653,2925,2016-02-21,2016
4884,408,2925,653,2016-02-21,2016
4885,408,496,609,2016-02-21,2016
4885,408,609,496,2016-02-21,2016
4886,408,1333,2569,2016-02-21,2016
4886,408,2569,1333,2016-02-21,2016
4887,408,343,1979,2016-02-21,2016
4887,408,1979,343,2016-02-21,2016
4888,408,567,3310,2016-02-21,2016
4888,408,3310,567,2016-02-21,2016
4889,408,2089,572,2016-02-21,2016
4889,408,572,2089,2016-02-21,2016
4890,408,3883,1337,2016-02-21,2016
4890,408,1337,3883,2016-02-21,2016
4891,408,249,3547,2016-02-21,2016
4891,408,3547,249,2016-02-21,2016
4892,408,3752,1518,2016-02-21,2016
4892,408,1518,3752,2016-02-21,2016
4893,408,799,4259,2016-02-21,2016
4893,408,4259,799,2016-02-21,2016
4894,408,1145,3279,2016-02-21,2016
4894,408,3279,1145,2016-02-21,2016
4895,408,2755,1172,2016-02-21,2016
4895,408,1172,2755,2016-02-21,2016
4896,408,8,1561,2016-02-21,2016
4896,408,1561,8,2016-02-21,2016
4897,409,4008,1632,2016-02-06,2016
4897,409,1632,4008,2016-02-06,2016
4898,409,2818,3412,2016-02-06,2016
4898,409,3412,2818,2016-02-06,2016
4899,409,3464,643,2016-02-06,2016
4899,409,643,3464,2016-02-06,2016
4900,409,325,2387,2016-02-06,2016
4900,409,2387,325,2016-02-06,2016
4901,409,702,2835,2016-02-06,2016
4901,409,2835,702,2016-02-06,2016
4902,409,3201,3818,2016-02-06,2016
4902,409,3818,3201,2016-02-06,2016
4903,409,520,2867,2016-02-06,2016
4903,409,2867,520,2016-02-06,2016
4904,409,2234,1454,2016-02-06,2016
4904,409,1454,2234,2016-02-06,2016
4905,409,3599,412,2016-02-06,2016
4905,409,412,3599,2016-02-06,2016
4906,409,3324,2131,2016-02-06,2016
4906,409,2131,3324,2016-02-06,2016
4907,409,1314,1820,2016-02-06,2016
4907,409,1820,1314,2016-02-06,2016
4908,409,4278,2274,2016-02-06,2016
4908,409,2274,4278,2016-02-06,2016
4909,410,1868,234,2016-01-30,2016
4909,410,234,1868,2016-01-30,2016
4910,410,3418,273,2016-01-30,2016
4910,410,273,3418,2016-01-30,2016
4911,410,3330,57,2016-01-30,2016
4911,410,57,3330,2016-01-30,2016
4912,410,261,2868,2016-01-30,2016
4912,410,2868,261,2016-01-30,2016
4913,410,3457,1088,2016-01-30,2016
4913,410,1088,3457,2016-01-30,2016
4914,410,1192,213,2016-01-30,2016
4914,410,213,1192,2016-01-30,2016
4915,410,2803,627,2016-01-30,2016
4915,410,627,2803,2016-01-30,2016
4916,410,3271,2951,2016-01-30,2016
4916,410,2951,3271,2016-01-30,2016
4917,410,4357,3898,2016-01-30,2016
4917,410,3898,4357,2016-01-30,2016
4918,410,551,1295,2016-01-30,2016
4918,410,1295,551,2016-01-30,2016
4919,410,485,1054,2016-01-30,2016
4919,410,1054,485,2016-01-30,2016
4921,410,2441,2933,2016-01-30,2016
4921,410,2933,2441,2016-01-30,2016
4922,411,819,966,2016-01-17,2016
4922,411,966,819,2016-01-17,2016
4923,411,109,3113,2016-01-17,2016
4923,411,3113,109,2016-01-17,2016
4924,411,489,2643,2016-01-17,2016
4924,411,2643,489,2016-01-17,2016
4925,411,4056,3049,2016-01-17,2016
4925,411,3049,4056,2016-01-17,2016
4926,411,787,3565,2016-01-17,2016
4926,411,3565,787,2016-01-17,2016
4927,411,1642,393,2016-01-17,2016
4927,411,393,1642,2016-01-17,2016
4928,411,4208,238,2016-01-17,2016
4928,411,238,4208,2016-01-17,2016
4929,411,3504,381,2016-01-17,2016
4929,411,381,3504,2016-01-17,2016
4930,411,1174,815,2016-01-17,2016
4930,411,815,1174,2016-01-17,2016
4931,411,2156,2891,2016-01-17,2016
4931,411,2891,2156,2016-01-17,2016
4932,411,3406,390,2016-01-17,2016
4932,411,390,3406,2016-01-17,2016
4933,411,1240,1415,2016-01-17,2016
4933,411,1415,1240,2016-01-17,2016
4934,411,286,2768,2016-01-17,2016
4934,411,2768,286,2016-01-17,2016
4935,412,2166,743,2016-01-02,2016
4935,412,743,2166,2016-01-02,2016
4936,412,2624,180,2016-01-02,2016
4936,412,180,2624,2016-01-02,2016
4937,412,4077,2151,2016-01-02,2016
4937,412,2151,4077,2016-01-02,2016
4938,412,2948,449,2016-01-02,2016
4938,412,449,2948,2016-01-02,2016
4939,412,4063,3721,2016-01-02,2016
4939,412,3721,4063,2016-01-02,2016
4940,412,2514,1957,2016-01-02,2016
4940,412,1957,2514,2016-01-02,2016
4941,412,2709,2863,2016-01-02,2016
4941,412,2863,2709,2016-01-02,2016
4942,412,2043,2879,2016-01-02,2016
4942,412,2879,2043,2016-01-02,2016
4943,412,978,1707,2016-01-02,2016
4943,412,1707,978,2016-01-02,2016
4944,412,3154,1032,2016-01-02,2016
4944,412,1032,3154,2016-01-02,2016
4945,412,3955,3799,2016-01-02,2016
4945,412,3799,3955,2016-01-02,2016
4946,412,4273,1335,2016-01-02,2016
4946,412,1335,4273,2016-01-02,2016
4947,413,995,653,2015-12-19,2015
4947,413,653,995,2015-12-19,2015
4948,413,2965,996,2015-12-19,2015
4948,413,996,2965,2015-12-19,2015
4949,413,956,1876,2015-12-19,2015
4949,413,1876,956,2015-12-19,2015
4950,413,2086,2421,2015-12-19,2015
4950,413,2421,2086,2015-12-19,2015
4951,413,2922,1939,2015-12-19,2015
4951,413,1939,2922,2015-12-19,2015
4952,413,2424,987,2015-12-19,2015
4952,413,987,2424,2015-12-19,2015
4953,413,3650,1975,2015-12-19,2015
4953,413,1975,3650,2015-12-19,2015
4954,413,2508,3488,2015-12-19,2015
4954,413,3488,2508,2015-12-19,2015
4955,413,2216,636,2015-12-19,2015
4955,413,636,2216,2015-12-19,2015
4957,413,4106,1072,2015-12-19,2015
4957,413,1072,4106,2015-12-19,2015
4958,413,2324,1600,2015-12-19,2015
4958,413,1600,2324,2015-12-19,2015
4959,413,2831,1634,2015-12-19,2015
4959,413,1634,2831,2015-12-19,2015
4960,414,2526,64,2015-12-12,2015
4960,414,64,2526,2015-12-12,2015
4961,414,3362,4265,2015-12-12,2015
4961,414,4265,3362,2015-12-12,2015
4962,414,3394,3805,2015-12-12,2015
4962,414,3805,3394,2015-12-12,2015
4963,414,2379,2819,2015-12-12,2015
4963,414,2819,2379,2015-12-12,2015
4964,414,1696,3852,2015-12-12,2015
4964,414,3852,1696,2015-12-12,2015
4965,414,1156,3454,2015-12-12,2015
4965,414,3454,1156,2015-12-12,2015
4966,414,3071,1911,2015-12-12,2015
4966,414,1911,3071,2015-12-12,2015
4967,414,115,796,2015-12-12,2015
4967,414,796,115,2015-12-12,2015
4968,414,3531,2196,2015-12-12,2015
4968,414,2196,3531,2015-12-12,2015
4969,414,2766,3187,2015-12-12,2015
4969,414,3187,2766,2015-12-12,2015
4970,414,2545,2384,2015-12-12,2015
4970,414,2384,2545,2015-12-12,2015
4971,414,2521,73,2015-12-12,2015
4971,414,73,2521,2015-12-12,2015
4972,415,1067,2568,2015-12-11,2015
4972,415,2568,1067,2015-12-11,2015
4973,415,1549,2274,2015-12-11,2015
4973,415,2274,1549,2015-12-11,2015
4974,415,1181,265,2015-12-11,2015
4974,415,265,1181,2015-12-11,2015
4975,415,1043,2160,2015-12-11,2015
4975,415,2160,1043,2015-12-11,2015
4976,415,1979,2056,2015-12-11,2015
4976,415,2056,1979,2015-12-11,2015
4977,415,1120,4345,2015-12-11,2015
4977,415,4345,1120,2015-12-11,2015
4978,415,1421,1119,2015-12-11,2015
4978,415,1119,1421,2015-12-11,2015
4979,415,2128,3137,2015-12-11,2015
4979,415,3137,2128,2015-12-11,2015
4980,415,1655,3498,2015-12-11,2015
4980,415,3498,1655,2015-12-11,2015
4981,415,1504,2271,2015-12-11,2015
4981,415,2271,1504,2015-12-11,2015
4982,416,2792,4135,2015-12-10,2015
4982,416,4135,2792,2015-12-10,2015
4983,416,676,2605,2015-12-10,2015
4983,416,2605,676,2015-12-10,2015
4984,416,2868,3117,2015-12-10,2015
4984,416,3117,2868,2015-12-10,2015
4985,416,3532,3996,2015-12-10,2015
4985,416,3996,3532,2015-12-10,2015
4986,416,2544,1736,2015-12-10,2015
4986,416,1736,2544,2015-12-10,2015
4987,416,2685,40,2015-12-10,2015
4987,416,40,2685,2015-12-10,2015
4989,416,3853,1069,2015-12-10,2015
4989,416,1069,3853,2015-12-10,2015
4990,416,3160,3832,2015-12-10,2015
4990,416,3832,3160,2015-12-10,2015
4991,416,3347,799,2015-12-10,2015
4991,416,799,3347,2015-12-10,2015
4992,416,4073,2874,2015-12-10,2015
4992,416,2874,4073,2015-12-10,2015
4993,416,838,1942,2015-12-10,2015
4993,416,1942,838,2015-12-10,2015
4994,417,1629,2469,2015-11-28,2015
4994,417,2469,1629,2015-11-28,2015
4995,417,2019,4248,2015-11-28,2015
4995,417,4248,2019,2015-11-28,2015
4996,417,2617,41,2015-11-28,2015
4996,417,41,2617,2015-11-28,2015
4997,417,682,3671,2015-11-28,2015
4997,417,3671,682,2015-11-28,2015
4998,417,4372,737,2015-11-28,2015
4998,417,737,4372,2015-11-28,2015
4999,417,900,2790,2015-11-28,2015
4999,417,2790,900,2015-11-28,2015
5000,417,253,2108,2015-11-28,2015
5000,417,2108,253,2015-11-28,2015
5001,417,1555,628,2015-11-28,2015
5001,417,628,1555,2015-11-28,2015
5002,417,3629,4434,2015-11-28,2015
5002,417,4434,3629,2015-11-28,2015
5003,417,324,2848,2015-11-28,2015
5003,417,2848,324,2015-11-28,2015
5004,417,3845,2333,2015-11-28,2015
5004,417,2333,3845,2015-11-28,2015
5005,418,2364,1348,2015-11-21,2015
5005,418,1348,2364,2015-11-21,2015
5006,418,2137,3493,2015-11-21,2015
5006,418,3493,2137,2015-11-21,2015
5007,418,648,1246,2015-11-21,2015
5007,418,1246,648,2015-11-21,2015
5008,418,2673,2417,2015-11-21,2015
5008,418,2417,2673,2015-11-21,2015
5009,418,289,1531,2015-11-21,2015
5009,418,1531,289,2015-11-21,2015
5010,418,3689,1129,2015-11-21,2015
5010,418,1129,3689,2015-11-21,2015
5011,418,3084,2146,2015-11-21,2015
5011,418,2146,3084,2015-11-21,2015
5012,418,1159,4099,2015-11-21,2015
5012,418,4099,1159,2015-11-21,2015
5013,418,3085,1916,2015-11-21,2015
5013,418,1916,3085,2015-11-21,2015
5014,418,1209,329,2015-11-21,2015
5014,418,329,1209,2015-11-21,2015
5015,418,1656,3242,2015-11-21,2015
5015,418,3242,1656,2015-11-21,2015
5016,418,3283,192,2015-11-21,2015
5016,418,192,3283,2015-11-21,2015
5017,418,3177,2173,2015-11-21,2015
5017,418,2173,3177,2015-11-21,2015
5018,419,1699,3421,2015-11-14,2015
5018,419,3421,1699,2015-11-14,2015
5019,419,1843,2226,2015-11-14,2015
5019,419,2226,1843,2015-11-14,2015
5020,419,1758,3686,2015-11-14,2015
5020,419,3686,1758,2015-11-14,2015
5021,419,4286,1548,2015-11-14,2015
5021,419,1548,4286,2015-11-14,2015
5022,419,3412,3886,2015-11-14,2015
5022,419,3886,3412,2015-11-14,2015
5023,419,2480,187,2015-11-14,2015
5023,419,187,2480,2015-11-14,2015
5024,419,2863,3771,2015-11-14,2015
5024,419,3771,2863,2015-11-14,2015
5025,419,4182,3094,2015-11-14,2015
5025,419,3094,4182,2015-11-14,2015
5026,419,2446,4109,2015-11-14,2015
5026,419,4109,2446,2015-11-14,2015
5027,419,1994,2678,2015-11-14,2015
5027,419,2678,1994,2015-11-14,2015
5028,419,4227,1996,2015-11-14,2015
5028,419,1996,4227,2015-11-14,2015
5029,419,2679,4409,2015-11-14,2015
5029,419,4409,2679,2015-11-14,2015
5030,419,2833,336,2015-11-14,2015
5030,419,336,2833,2015-11-14,2015
5031,420,319,1628,2015-11-07,2015
5031,420,1628,319,2015-11-07,2015
5032,420,3978,829,2015-11-07,2015
5032,420,829,3978,2015-11-07,2015
5033,420,95,364,2015-11-07,2015
5033,420,364,95,2015-11-07,2015
5034,420,2925,1551,2015-11-07,2015
5034,420,1551,2925,2015-11-07,2015
5035,420,2367,525,2015-11-07,2015
5035,420,525,2367,2015-11-07,2015
5036,420,138,2390,2015-11-07,2015
5036,420,2390,138,2015-11-07,2015
5037,420,4063,4013,2015-11-07,2015
5037,420,4013,4063,2015-11-07,2015
5038,420,626,548,2015-11-07,2015
5038,420,548,626,2015-11-07,2015
5039,420,3964,1513,2015-11-07,2015
5039,420,1513,3964,2015-11-07,2015
5040,420,3736,3806,2015-11-07,2015
5040,420,3806,3736,2015-11-07,2015
5041,420,145,4093,2015-11-07,2015
5041,420,4093,145,2015-11-07,2015
5042,420,3330,2738,2015-11-07,2015
5042,420,2738,3330,2015-11-07,2015
5043,420,2838,2076,2015-11-07,2015
5043,420,2076,2838,2015-11-07,2015
5044,421,3765,1704,2015-10-24,2015
5044,421,1704,3765,2015-10-24,2015
5045,421,3016,2349,2015-10-24,2015
5045,421,2349,3016,2015-10-24,2015
5047,421,3608,926,2015-10-24,2015
5047,421,926,3608,2015-10-24,2015
5048,421,3252,2184,2015-10-24,2015
5048,421,2184,3252,2015-10-24,2015
5049,421,856,96,2015-10-24,2015
5049,421,96,856,2015-10-24,2015
5050,421,1920,202,2015-10-24,2015
5050,421,202,1920,2015-10-24,2015
5051,421,455,3065,2015-10-24,2015
5051,421,3065,455,2015-10-24,2015
5052,421,1087,4281,2015-10-24,2015
5052,421,4281,1087,2015-10-24,2015
5053,421,2537,532,2015-10-24,2015
5053,421,532,2537,2015-10-24,2015
5054,422,766,1528,2015-10-03,2015
5054,422,1528,766,2015-10-03,2015
5055,422,234,1143,2015-10-03,2015
5055,422,1143,234,2015-10-03,2015
5056,422,2368,1914,2015-10-03,2015
5056,422,1914,2368,2015-10-03,2015
5057,422,325,237,2015-10-03,2015
5057,422,237,325,2015-10-03,2015
5058,422,3059,1154,2015-10-03,2015
5058,422,1154,3059,2015-10-03,2015
5059,422,3370,1717,2015-10-03,2015
5059,422,1717,3370,2015-10-03,2015
5060,422,4077,1921,2015-10-03,2015
5060,422,1921,4077,2015-10-03,2015
5061,422,2459,2385,2015-10-03,2015
5061,422,2385,2459,2015-10-03,2015
5062,422,2792,1673,2015-10-03,2015
5062,422,1673,2792,2015-10-03,2015
5063,422,2868,4053,2015-10-03,2015
5063,422,4053,2868,2015-10-03,2015
5064,422,3114,601,2015-10-03,2015
5064,422,601,3114,2015-10-03,2015
5065,422,2234,3100,2015-10-03,2015
5065,422,3100,2234,2015-10-03,2015
5066,423,273,2818,2015-09-26,2015
5066,423,2818,273,2015-09-26,2015
5067,423,1548,2723,2015-09-26,2015
5067,423,2723,1548,2015-09-26,2015
5068,423,1722,581,2015-09-26,2015
5068,423,581,1722,2015-09-26,2015
5069,423,2651,3403,2015-09-26,2015
5069,423,3403,2651,2015-09-26,2015
5070,423,449,2016,2015-09-26,2015
5070,423,2016,449,2015-09-26,2015
5072,423,2781,2239,2015-09-26,2015
5072,423,2239,2781,2015-09-26,2015
5073,423,1622,1970,2015-09-26,2015
5073,423,1970,1622,2015-09-26,2015
5074,423,1878,2081,2015-09-26,2015
5074,423,2081,1878,2015-09-26,2015
5075,423,161,4415,2015-09-26,2015
5075,423,4415,161,2015-09-26,2015
5076,424,1875,982,2015-09-05,2015
5076,424,982,1875,2015-09-05,2015
5077,424,180,2625,2015-09-05,2015
5077,424,2625,180,2015-09-05,2015
5078,424,1868,2411,2015-09-05,2015
5078,424,2411,1868,2015-09-05,2015
5079,424,138,372,2015-09-05,2015
5079,424,372,138,2015-09-05,2015
5080,424,4135,658,2015-09-05,2015
5080,424,658,4135,2015-09-05,2015
5081,424,3049,1174,2015-09-05,2015
5081,424,1174,3049,2015-09-05,2015
5082,424,2262,3328,2015-09-05,2015
5082,424,3328,2262,2015-09-05,2015
5083,424,3070,144,2015-09-05,2015
5083,424,144,3070,2015-09-05,2015
5084,424,1003,735,2015-09-05,2015
5084,424,735,1003,2015-09-05,2015
5085,424,3310,3833,2015-09-05,2015
5085,424,3833,3310,2015-09-05,2015
5086,424,3693,2393,2015-09-05,2015
5086,424,2393,3693,2015-09-05,2015
5087,425,1696,2922,2015-08-23,2015
5087,425,2922,1696,2015-08-23,2015
5088,425,2364,3688,2015-08-23,2015
5088,425,3688,2364,2015-08-23,2015
5089,425,787,520,2015-08-23,2015
5089,425,520,787,2015-08-23,2015
5090,425,4056,2147,2015-08-23,2015
5090,425,2147,4056,2015-08-23,2015
5091,425,213,3721,2015-08-23,2015
5091,425,3721,213,2015-08-23,2015
5092,425,2226,2710,2015-08-23,2015
5092,425,2710,2226,2015-08-23,2015
5093,425,3086,3876,2015-08-23,2015
5093,425,3876,3086,2015-08-23,2015
5094,425,169,1813,2015-08-23,2015
5094,425,1813,169,2015-08-23,2015
5095,425,2094,3383,2015-08-23,2015
5095,425,3383,2094,2015-08-23,2015
5096,425,1988,302,2015-08-23,2015
5096,425,302,1988,2015-08-23,2015
5097,425,572,3714,2015-08-23,2015
5097,425,3714,572,2015-08-23,2015
5098,425,702,1891,2015-08-23,2015
5098,425,1891,702,2015-08-23,2015
5099,426,3978,3464,2015-08-08,2015
5099,426,3464,3978,2015-08-08,2015
5100,426,873,1876,2015-08-08,2015
5100,426,1876,873,2015-08-08,2015
5101,426,496,117,2015-08-08,2015
5101,426,117,496,2015-08-08,2015
5102,426,3412,1880,2015-08-08,2015
5102,426,1880,3412,2015-08-08,2015
5103,426,2878,2538,2015-08-08,2015
5103,426,2538,2878,2015-08-08,2015
5104,426,412,1655,2015-08-08,2015
5104,426,1655,412,2015-08-08,2015
5105,426,1548,249,2015-08-08,2015
5105,426,249,1548,2015-08-08,2015
5106,426,567,4256,2015-08-08,2015
5106,426,4256,567,2015-08-08,2015
5107,426,2951,1349,2015-08-08,2015
5107,426,1349,2951,2015-08-08,2015
5108,426,3454,1945,2015-08-08,2015
5108,426,1945,3454,2015-08-08,2015
5109,426,4312,930,2015-08-08,2015
5109,426,930,4312,2015-08-08,2015
5110,426,4158,3476,2015-08-08,2015
5110,426,3476,4158,2015-08-08,2015
5111,426,1707,694,2015-08-08,2015
5111,426,694,1707,2015-08-08,2015
5112,427,3421,770,2015-08-01,2015
5112,427,770,3421,2015-08-01,2015
5113,427,3430,2860,2015-08-01,2015
5113,427,2860,3430,2015-08-01,2015
5114,427,1256,495,2015-08-01,2015
5114,427,495,1256,2015-08-01,2015
5115,427,4176,2287,2015-08-01,2015
5115,427,2287,4176,2015-08-01,2015
5116,427,3886,2859,2015-08-01,2015
5116,427,2859,3886,2015-08-01,2015
5117,427,3686,2994,2015-08-01,2015
5117,427,2994,3686,2015-08-01,2015
5118,427,1303,30,2015-08-01,2015
5118,427,30,1303,2015-08-01,2015
5119,427,2379,2364,2015-08-01,2015
5119,427,2364,2379,2015-08-01,2015
5120,427,829,643,2015-08-01,2015
5120,427,643,829,2015-08-01,2015
5121,427,115,3946,2015-08-01,2015
5121,427,3946,115,2015-08-01,2015
5122,427,57,1803,2015-08-01,2015
5122,427,1803,57,2015-08-01,2015
5123,427,2628,1660,2015-08-01,2015
5123,427,1660,2628,2015-08-01,2015
5124,427,586,4168,2015-08-01,2015
5124,427,4168,586,2015-08-01,2015
5125,428,966,258,2015-07-25,2015
5125,428,258,966,2015-07-25,2015
5126,428,3961,1154,2015-07-25,2015
5126,428,1154,3961,2015-07-25,2015
5127,428,265,1174,2015-07-25,2015
5127,428,1174,265,2015-07-25,2015
5128,428,2160,1418,2015-07-25,2015
5128,428,1418,2160,2015-07-25,2015
5129,428,2167,4182,2015-07-25,2015
5129,428,4182,2167,2015-07-25,2015
5130,428,2605,636,2015-07-25,2015
5130,428,636,2605,2015-07-25,2015
5131,428,3565,3349,2015-07-25,2015
5131,428,3349,3565,2015-07-25,2015
5132,428,597,4317,2015-07-25,2015
5132,428,4317,597,2015-07-25,2015
5133,428,2089,815,2015-07-25,2015
5133,428,815,2089,2015-07-25,2015
5134,428,1691,2843,2015-07-25,2015
5134,428,2843,1691,2015-07-25,2015
5135,428,3123,1035,2015-07-25,2015
5135,428,1035,3123,2015-07-25,2015
5136,428,827,3845,2015-07-25,2015
5136,428,3845,827,2015-07-25,2015
5137,429,367,2207,2015-07-18,2015
5137,429,2207,367,2015-07-18,2015
5138,429,1043,3049,2015-07-18,2015
5138,429,3049,1043,2015-07-18,2015
5139,429,1032,1915,2015-07-18,2015
5139,429,1915,1032,2015-07-18,2015
5140,429,4330,628,2015-07-18,2015
5140,429,628,4330,2015-07-18,2015
5141,429,1072,3043,2015-07-18,2015
5141,429,3043,1072,2015-07-18,2015
5142,429,3252,2356,2015-07-18,2015
5142,429,2356,3252,2015-07-18,2015
5143,429,1704,2195,2015-07-18,2015
5143,429,2195,1704,2015-07-18,2015
5144,429,2156,3885,2015-07-18,2015
5144,429,3885,2156,2015-07-18,2015
5145,429,2184,2976,2015-07-18,2015
5145,429,2976,2184,2015-07-18,2015
5146,429,4281,3260,2015-07-18,2015
5146,429,3260,4281,2015-07-18,2015
5147,429,3330,463,2015-07-18,2015
5147,429,463,3330,2015-07-18,2015
5148,429,2941,897,2015-07-18,2015
5148,429,897,2941,2015-07-18,2015
5149,430,2625,1031,2015-07-15,2015
5149,430,1031,2625,2015-07-15,2015
5150,430,1181,4009,2015-07-15,2015
5150,430,4009,1181,2015-07-15,2015
5151,430,1699,3279,2015-07-15,2015
5151,430,3279,1699,2015-07-15,2015
5152,430,1323,1916,2015-07-15,2015
5152,430,1916,1323,2015-07-15,2015
5153,430,2196,2679,2015-07-15,2015
5153,430,2679,2196,2015-07-15,2015
5154,430,1921,1054,2015-07-15,2015
5154,430,1054,1921,2015-07-15,2015
5155,430,3671,2585,2015-07-15,2015
5155,430,2585,3671,2015-07-15,2015
5156,430,144,2696,2015-07-15,2015
5156,430,2696,144,2015-07-15,2015
5157,430,4354,1957,2015-07-15,2015
5157,430,1957,4354,2015-07-15,2015
5158,430,3883,170,2015-07-15,2015
5158,430,170,3883,2015-07-15,2015
5159,430,627,58,2015-07-15,2015
5159,430,58,627,2015-07-15,2015
5160,430,1434,800,2015-07-15,2015
5160,430,800,1434,2015-07-15,2015
5161,431,4008,1088,2015-07-12,2015
5161,431,1088,4008,2015-07-12,2015
5162,431,4106,1600,2015-07-12,2015
5162,431,1600,4106,2015-07-12,2015
5163,431,1481,2324,2015-07-12,2015
5163,431,2324,1481,2015-07-12,2015
5164,431,2469,1191,2015-07-12,2015
5164,431,1191,2469,2015-07-12,2015
5165,431,4250,2363,2015-07-12,2015
5165,431,2363,4250,2015-07-12,2015
5166,431,381,900,2015-07-12,2015
5166,431,900,381,2015-07-12,2015
5167,431,3488,2359,2015-07-12,2015
5167,431,2359,3488,2015-07-12,2015
5168,431,3505,977,2015-07-12,2015
5168,431,977,3505,2015-07-12,2015
5169,431,3751,2604,2015-07-12,2015
5169,431,2604,3751,2015-07-12,2015
5170,431,3898,4248,2015-07-12,2015
5170,431,4248,3898,2015-07-12,2015
5171,431,1349,2668,2015-07-12,2015
5171,431,2668,1349,2015-07-12,2015
5172,432,2526,2568,2015-07-11,2015
5172,432,2568,2526,2015-07-11,2015
5173,432,2166,2338,2015-07-11,2015
5173,432,2338,2166,2015-07-11,2015
5174,432,3852,343,2015-07-11,2015
5174,432,343,3852,2015-07-11,2015
5175,432,2819,3995,2015-07-11,2015
5175,432,3995,2819,2015-07-11,2015
5176,432,95,3131,2015-07-11,2015
5176,432,3131,95,2015-07-11,2015
5177,432,478,2544,2015-07-11,2015
5177,432,2544,478,2015-07-11,2015
5178,432,1337,3914,2015-07-11,2015
5178,432,3914,1337,2015-07-11,2015
5179,432,1736,3065,2015-07-11,2015
5179,432,3065,1736,2015-07-11,2015
5180,432,1333,465,2015-07-11,2015
5180,432,465,1333,2015-07-11,2015
5181,432,3765,3608,2015-07-11,2015
5181,432,3608,3765,2015-07-11,2015
5182,432,3117,647,2015-07-11,2015
5182,432,647,3117,2015-07-11,2015
5183,433,3394,2345,2015-06-27,2015
5183,433,2345,3394,2015-06-27,2015
5184,433,2151,3160,2015-06-27,2015
5184,433,3160,2151,2015-06-27,2015
5185,433,605,1439,2015-06-27,2015
5185,433,1439,605,2015-06-27,2015
5186,433,3532,420,2015-06-27,2015
5186,433,420,3532,2015-06-27,2015
5187,433,951,2383,2015-06-27,2015
5187,433,2383,951,2015-06-27,2015
5188,433,2925,2581,2015-06-27,2015
5188,433,2581,2925,2015-06-27,2015
5189,433,3689,1426,2015-06-27,2015
5189,433,1426,3689,2015-06-27,2015
5190,433,3721,2678,2015-06-27,2015
5190,433,2678,3721,2015-06-27,2015
5191,433,1945,2446,2015-06-27,2015
5191,433,2446,1945,2015-06-27,2015
5192,434,1843,3067,2015-06-20,2015
5192,434,3067,1843,2015-06-20,2015
5193,434,1979,3735,2015-06-20,2015
5193,434,3735,1979,2015-06-20,2015
5194,434,3771,1996,2015-06-20,2015
5194,434,1996,3771,2015-06-20,2015
5195,434,1622,3465,2015-06-20,2015
5195,434,3465,1622,2015-06-20,2015
5196,434,129,1295,2015-06-20,2015
5196,434,1295,129,2015-06-20,2015
5197,434,3935,3035,2015-06-20,2015
5197,434,3035,3935,2015-06-20,2015
5198,434,86,2940,2015-06-20,2015
5198,434,2940,86,2015-06-20,2015
5199,434,2131,231,2015-06-20,2015
5199,434,231,2131,2015-06-20,2015
5200,434,202,998,2015-06-20,2015
5200,434,998,202,2015-06-20,2015
5201,434,2766,1551,2015-06-20,2015
5201,434,1551,2766,2015-06-20,2015
5202,434,2146,3554,2015-06-20,2015
5202,434,3554,2146,2015-06-20,2015
5203,435,4270,4149,2015-06-13,2015
5203,435,4149,4270,2015-06-13,2015
5204,435,109,2562,2015-06-13,2015
5204,435,2562,109,2015-06-13,2015
5205,435,1348,2424,2015-06-13,2015
5205,435,2424,1348,2015-06-13,2015
5206,435,3370,3406,2015-06-13,2015
5206,435,3406,3370,2015-06-13,2015
5207,435,3071,1673,2015-06-13,2015
5207,435,1673,3071,2015-06-13,2015
5208,435,648,581,2015-06-13,2015
5208,435,581,648,2015-06-13,2015
5209,435,1129,978,2015-06-13,2015
5209,435,978,1129,2015-06-13,2015
5210,435,4302,3085,2015-06-13,2015
5210,435,3085,4302,2015-06-13,2015
5211,435,626,4053,2015-06-13,2015
5211,435,4053,626,2015-06-13,2015
5212,435,3065,2672,2015-06-13,2015
5212,435,2672,3065,2015-06-13,2015
5213,435,329,735,2015-06-13,2015
5213,435,735,329,2015-06-13,2015
5214,436,1628,393,2015-06-06,2015
5214,436,393,1628,2015-06-06,2015
5215,436,3418,2643,2015-06-06,2015
5215,436,2643,3418,2015-06-06,2015
5216,436,3154,2545,2015-06-06,2015
5216,436,2545,3154,2015-06-06,2015
5217,436,2948,3964,2015-06-06,2015
5217,436,3964,2948,2015-06-06,2015
5218,436,364,3799,2015-06-06,2015
5218,436,3799,364,2015-06-06,2015
5219,436,3328,551,2015-06-06,2015
5219,436,551,3328,2015-06-06,2015
5220,436,1914,2234,2015-06-06,2015
5220,436,2234,1914,2015-06-06,2015
5221,436,40,1064,2015-06-06,2015
5221,436,1064,40,2015-06-06,2015
5222,436,4208,1365,2015-06-06,2015
5222,436,1365,4208,2015-06-06,2015
5223,436,3187,1071,2015-06-06,2015
5223,436,1071,3187,2015-06-06,2015
5224,436,737,12,2015-06-06,2015
5224,436,12,737,2015-06-06,2015
5225,436,3214,2690,2015-06-06,2015
5225,436,2690,3214,2015-06-06,2015
5226,437,743,112,2015-05-30,2015
5226,437,112,743,2015-05-30,2015
5227,437,2922,2216,2015-05-30,2015
5227,437,2216,2922,2015-05-30,2015
5228,437,2925,2867,2015-05-30,2015
5228,437,2867,2925,2015-05-30,2015
5229,437,286,1860,2015-05-30,2015
5229,437,1860,286,2015-05-30,2015
5230,437,4056,3016,2015-05-30,2015
5230,437,3016,4056,2015-05-30,2015
5231,437,4016,2932,2015-05-30,2015
5231,437,2932,4016,2015-05-30,2015
5233,437,1246,3271,2015-05-30,2015
5233,437,3271,1246,2015-05-30,2015
5234,437,852,4413,2015-05-30,2015
5234,437,4413,852,2015-05-30,2015
5235,437,316,2460,2015-05-30,2015
5235,437,2460,316,2015-05-30,2015
5236,437,2252,96,2015-05-30,2015
5236,437,96,2252,2015-05-30,2015
5237,437,455,1049,2015-05-30,2015
5237,437,1049,455,2015-05-30,2015
5238,438,766,1868,2015-05-23,2015
5238,438,1868,766,2015-05-23,2015
5239,438,4265,319,2015-05-23,2015
5239,438,319,4265,2015-05-23,2015
5240,438,653,2384,2015-05-23,2015
5240,438,2384,653,2015-05-23,2015
5241,438,180,489,2015-05-23,2015
5241,438,489,180,2015-05-23,2015
5242,438,325,2688,2015-05-23,2015
5242,438,2688,325,2015-05-23,2015
5243,438,982,2387,2015-05-23,2015
5243,438,2387,982,2015-05-23,2015
5244,438,2019,520,2015-05-23,2015
5244,438,520,2019,2015-05-23,2015
5245,438,2803,1548,2015-05-23,2015
5245,438,1548,2803,2015-05-23,2015
5246,438,796,3201,2015-05-23,2015
5246,438,3201,796,2015-05-23,2015
5247,438,2385,2108,2015-05-23,2015
5247,438,2108,2385,2015-05-23,2015
5248,438,3599,3490,2015-05-23,2015
5248,438,3490,3599,2015-05-23,2015
5249,439,1067,1156,2015-05-16,2015
5249,439,1156,1067,2015-05-16,2015
5250,439,2723,3119,2015-05-16,2015
5250,439,3119,2723,2015-05-16,2015
5251,439,2740,269,2015-05-16,2015
5251,439,269,2740,2015-05-16,2015
5252,439,2364,2251,2015-05-16,2015
5252,439,2251,2364,2015-05-16,2015
5253,439,2874,2790,2015-05-16,2015
5253,439,2790,2874,2015-05-16,2015
5254,439,2383,1066,2015-05-16,2015
5254,439,1066,2383,2015-05-16,2015
5255,439,4067,253,2015-05-16,2015
5255,439,253,4067,2015-05-16,2015
5256,439,1878,4427,2015-05-16,2015
5256,439,4427,1878,2015-05-16,2015
5257,439,2239,2253,2015-05-16,2015
5257,439,2253,2239,2015-05-16,2015
5258,439,2848,4261,2015-05-16,2015
5258,439,4261,2848,2015-05-16,2015
5259,439,926,3512,2015-05-16,2015
5259,439,3512,926,2015-05-16,2015
5260,439,4434,4015,2015-05-16,2015
5260,439,4015,4434,2015-05-16,2015
5261,440,2624,1758,2015-05-09,2015
5261,440,1758,2624,2015-05-09,2015
5262,440,4286,3966,2015-05-09,2015
5262,440,3966,4286,2015-05-09,2015
5263,440,2891,3094,2015-05-09,2015
5263,440,3094,2891,2015-05-09,2015
5264,440,4172,2480,2015-05-09,2015
5264,440,2480,4172,2015-05-09,2015
5265,440,1717,1679,2015-05-09,2015
5265,440,1679,1717,2015-05-09,2015
5266,440,2863,4259,2015-05-09,2015
5266,440,4259,2863,2015-05-09,2015
5267,440,117,1994,2015-05-09,2015
5267,440,1994,117,2015-05-09,2015
5268,440,3249,1093,2015-05-09,2015
5268,440,1093,3249,2015-05-09,2015
5269,440,3600,148,2015-05-09,2015
5269,440,148,3600,2015-05-09,2015
5270,440,658,838,2015-05-09,2015
5270,440,838,658,2015-05-09,2015
5271,440,2898,1505,2015-05-09,2015
5271,440,1505,2898,2015-05-09,2015
5272,440,2833,2970,2015-05-09,2015
5272,440,2970,2833,2015-05-09,2015
5273,441,1875,1722,2015-04-25,2015
5273,441,1722,1875,2015-04-25,2015
5274,441,1816,2390,2015-04-25,2015
5274,441,2390,1816,2015-04-25,2015
5275,441,367,987,2015-04-25,2015
5275,441,987,367,2015-04-25,2015
5276,441,2384,572,2015-04-25,2015
5276,441,572,2384,2015-04-25,2015
5277,441,95,1813,2015-04-25,2015
5277,441,1813,95,2015-04-25,2015
5278,441,787,3310,2015-04-25,2015
5278,441,3310,787,2015-04-25,2015
5279,441,885,1975,2015-04-25,2015
5279,441,1975,885,2015-04-25,2015
5280,441,2147,261,2015-04-25,2015
5280,441,261,2147,2015-04-25,2015
5281,441,213,2591,2015-04-25,2015
5281,441,2591,213,2015-04-25,2015
5282,441,3946,715,2015-04-25,2015
5282,441,715,3946,2015-04-25,2015
5283,441,2226,3228,2015-04-25,2015
5283,441,3228,2226,2015-04-25,2015
5284,441,2421,856,2015-04-25,2015
5284,441,856,2421,2015-04-25,2015
5285,442,3362,2345,2015-04-18,2015
5285,442,2345,3362,2015-04-18,2015
5286,442,3805,567,2015-04-18,2015
5286,442,567,3805,2015-04-18,2015
5287,442,1696,3913,2015-04-18,2015
5287,442,3913,1696,2015-04-18,2015
5288,442,4135,1657,2015-04-18,2015
5288,442,1657,4135,2015-04-18,2015
5289,442,873,2605,2015-04-18,2015
5289,442,2605,873,2015-04-18,2015
5290,442,3464,829,2015-04-18,2015
5290,442,829,3464,2015-04-18,2015
5291,442,4182,138,2015-04-18,2015
5291,442,138,4182,2015-04-18,2015
5292,442,3853,2651,2015-04-18,2015
5292,442,2651,3853,2015-04-18,2015
5293,442,2544,3898,2015-04-18,2015
5293,442,3898,2544,2015-04-18,2015
5294,442,449,1662,2015-04-18,2015
5294,442,1662,449,2015-04-18,2015
5295,442,930,1439,2015-04-18,2015
5295,442,1439,930,2015-04-18,2015
5296,443,1210,1421,2015-04-11,2015
5296,443,1421,1210,2015-04-11,2015
5297,443,2411,372,2015-04-11,2015
5297,443,372,2411,2015-04-11,2015
5298,443,3043,4273,2015-04-11,2015
5298,443,4273,3043,2015-04-11,2015
5299,443,2710,4330,2015-04-11,2015
5299,443,4330,2710,2015-04-11,2015
5300,443,1072,232,2015-04-11,2015
5300,443,232,1072,2015-04-11,2015
5301,443,1159,2537,2015-04-11,2015
5301,443,2537,1159,2015-04-11,2015
5302,443,2685,2184,2015-04-11,2015
5302,443,2184,2685,2015-04-11,2015
5303,443,2585,3843,2015-04-11,2015
5303,443,3843,2585,2015-04-11,2015
5304,443,1561,2941,2015-04-11,2015
5304,443,2941,1561,2015-04-11,2015
5305,443,54,235,2015-04-11,2015
5305,443,235,54,2015-04-11,2015
5306,443,3252,251,2015-04-11,2015
5306,443,251,3252,2015-04-11,2015
5307,443,2146,2197,2015-04-11,2015
5307,443,2197,2146,2015-04-11,2015
5308,444,2568,2137,2015-04-04,2015
5308,444,2137,2568,2015-04-04,2015
5309,444,1765,2469,2015-04-04,2015
5309,444,2469,1765,2015-04-04,2015
5310,444,676,713,2015-04-04,2015
5310,444,713,676,2015-04-04,2015
5311,444,3059,1029,2015-04-04,2015
5311,444,1029,3059,2015-04-04,2015
5312,444,1513,3075,2015-04-04,2015
5312,444,3075,1513,2015-04-04,2015
5313,444,3154,1192,2015-04-04,2015
5313,444,1192,3154,2015-04-04,2015
5314,444,608,2755,2015-04-04,2015
5314,444,2755,608,2015-04-04,2015
5315,444,4357,2492,2015-04-04,2015
5315,444,2492,4357,2015-04-04,2015
5316,444,1880,8,2015-04-04,2015
5316,444,8,1880,2015-04-04,2015
5317,444,3833,1900,2015-04-04,2015
5317,444,1900,3833,2015-04-04,2015
5318,445,2379,2128,2015-03-21,2015
5318,445,2128,2379,2015-03-21,2015
5319,445,3688,2079,2015-03-21,2015
5319,445,2079,3688,2015-03-21,2015
5320,445,3531,2441,2015-03-21,2015
5320,445,2441,3531,2015-03-21,2015
5321,445,2878,296,2015-03-21,2015
5321,445,296,2878,2015-03-21,2015
5322,445,525,2925,2015-03-21,2015
5322,445,2925,525,2015-03-21,2015
5323,445,3073,1209,2015-03-21,2015
5323,445,1209,3073,2015-03-21,2015
5324,445,4056,187,2015-03-21,2015
5324,445,187,4056,2015-03-21,2015
5325,445,3806,2016,2015-03-21,2015
5325,445,2016,3806,2015-03-21,2015
5327,445,2356,616,2015-03-21,2015
5327,445,616,2356,2015-03-21,2015
5328,445,1365,904,2015-03-21,2015
5328,445,904,1365,2015-03-21,2015
5329,445,3629,3918,2015-03-21,2015
5329,445,3918,3629,2015-03-21,2015
5330,446,995,3113,2015-03-14,2015
5330,446,3113,995,2015-03-14,2015
5331,446,1843,1131,2015-03-14,2015
5331,446,1131,1843,2015-03-14,2015
5332,446,1632,478,2015-03-14,2015
5332,446,478,1632,2015-03-14,2015
5333,446,2965,2818,2015-03-14,2015
5333,446,2818,2965,2015-03-14,2015
5334,446,648,601,2015-03-14,2015
5334,446,601,648,2015-03-14,2015
5335,446,3049,3876,2015-03-14,2015
5335,446,3876,3049,2015-03-14,2015
5336,446,3996,2795,2015-03-14,2015
5336,446,2795,3996,2015-03-14,2015
5337,446,873,815,2015-03-14,2015
5337,446,815,873,2015-03-14,2015
5338,446,3412,761,2015-03-14,2015
5338,446,761,3412,2015-03-14,2015
5339,446,336,3114,2015-03-14,2015
5339,446,3114,336,2015-03-14,2015
5340,446,1032,2261,2015-03-14,2015
5340,446,2261,1032,2015-03-14,2015
5341,446,908,2974,2015-03-14,2015
5341,446,2974,908,2015-03-14,2015
5342,447,3421,4442,2015-02-28,2015
5342,447,4442,3421,2015-02-28,2015
5343,447,1699,3070,2015-02-28,2015
5343,447,3070,1699,2015-02-28,2015
5344,447,1088,2079,2015-02-28,2015
5344,447,2079,1088,2015-02-28,2015
5345,447,1921,4227,2015-02-28,2015
5345,447,4227,1921,2015-02-28,2015
5346,447,1181,4013,2015-02-28,2015
5346,447,4013,1181,2015-02-28,2015
5347,447,609,2740,2015-02-28,2015
5347,447,2740,609,2015-02-28,2015
5349,447,2544,2253,2015-02-28,2015
5349,447,2253,2544,2015-02-28,2015
5350,447,2234,3168,2015-02-28,2015
5350,447,3168,2234,2015-02-28,2015
5351,447,2173,2089,2015-02-28,2015
5351,447,2089,2173,2015-02-28,2015
5352,447,1295,4039,2015-02-28,2015
5352,447,4039,1295,2015-02-28,2015
5353,448,2625,3686,2015-02-22,2015
5353,448,3686,2625,2015-02-22,2015
5354,448,1876,265,2015-02-22,2015
5354,448,265,1876,2015-02-22,2015
5355,448,117,1191,2015-02-22,2015
5355,448,1191,117,2015-02-22,2015
5356,448,2459,2005,2015-02-22,2015
5356,448,2005,2459,2015-02-22,2015
5357,448,3454,57,2015-02-22,2015
5357,448,57,3454,2015-02-22,2015
5358,448,3160,3883,2015-02-22,2015
5358,448,3883,3160,2015-02-22,2015
5359,448,3279,144,2015-02-22,2015
5359,448,144,3279,2015-02-22,2015
5360,448,1054,2335,2015-02-22,2015
5360,448,2335,1054,2015-02-22,2015
5361,448,900,1003,2015-02-22,2015
5361,448,1003,900,2015-02-22,2015
5362,448,3711,1371,2015-02-22,2015
5362,448,1371,3711,2015-02-22,2015
5363,448,1915,3662,2015-02-22,2015
5363,448,3662,1915,2015-02-22,2015
5364,449,1629,3995,2015-02-14,2015
5364,449,3995,1629,2015-02-14,2015
5365,449,1696,2606,2015-02-14,2015
5365,449,2606,1696,2015-02-14,2015
5366,449,2364,2106,2015-02-14,2015
5366,449,2106,2364,2015-02-14,2015
5367,449,1994,4228,2015-02-14,2015
5367,449,4228,1994,2015-02-14,2015
5368,449,2196,3177,2015-02-14,2015
5368,449,3177,2196,2015-02-14,2015
5369,449,412,1988,2015-02-14,2015
5369,449,1988,412,2015-02-14,2015
5370,449,1129,901,2015-02-14,2015
5370,449,901,1129,2015-02-14,2015
5371,449,3736,68,2015-02-14,2015
5371,449,68,3736,2015-02-14,2015
5372,449,2387,1090,2015-02-14,2015
5372,449,1090,2387,2015-02-14,2015
5373,449,2679,3117,2015-02-14,2015
5373,449,3117,2679,2015-02-14,2015
5375,450,4333,1348,2015-01-31,2015
5375,450,1348,4333,2015-01-31,2015
5376,450,1765,2160,2015-01-31,2015
5376,450,2160,1765,2015-01-31,2015
5377,450,2207,393,2015-01-31,2015
5377,450,393,2207,2015-01-31,2015
5378,450,112,2558,2015-01-31,2015
5378,450,2558,112,2015-01-31,2015
5379,450,3961,2538,2015-01-31,2015
5379,450,2538,3961,2015-01-31,2015
5380,450,496,1642,2015-01-31,2015
5380,450,1642,496,2015-01-31,2015
5381,450,2262,2500,2015-01-31,2015
5381,450,2500,2262,2015-01-31,2015
5382,450,2803,4256,2015-01-31,2015
5382,450,4256,2803,2015-01-31,2015
5383,450,58,2699,2015-01-31,2015
5383,450,2699,58,2015-01-31,2015
5384,450,3532,1112,2015-01-31,2015
5384,450,1112,3532,2015-01-31,2015
5385,451,1868,1528,2015-01-24,2015
5385,451,1528,1868,2015-01-24,2015
5386,451,2723,1628,2015-01-24,2015
5386,451,1628,2723,2015-01-24,2015
5387,451,234,881,2015-01-24,2015
5387,451,881,234,2015-01-24,2015
5388,451,3671,763,2015-01-24,2015
5388,451,763,3671,2015-01-24,2015
5389,451,4077,2764,2015-01-24,2015
5389,451,2764,4077,2015-01-24,2015
5390,451,3349,80,2015-01-24,2015
5390,451,80,3349,2015-01-24,2015
5391,451,129,2908,2015-01-24,2015
5391,451,2908,129,2015-01-24,2015
5392,451,2094,2813,2015-01-24,2015
5392,451,2813,2094,2015-01-24,2015
5393,451,3935,694,2015-01-24,2015
5393,451,694,3935,2015-01-24,2015
5394,451,316,3260,2015-01-24,2015
5394,451,3260,316,2015-01-24,2015
5395,451,3100,1119,2015-01-24,2015
5395,451,1119,3100,2015-01-24,2015
5396,451,3608,302,2015-01-24,2015
5396,451,302,3608,2015-01-24,2015
5397,452,2526,3735,2015-01-18,2015
5397,452,3735,2526,2015-01-18,2015
5398,452,653,1629,2015-01-18,2015
5398,452,1629,653,2015-01-18,2015
5399,452,1548,3833,2015-01-18,2015
5399,452,3833,1548,2015-01-18,2015
5400,452,4013,3016,2015-01-18,2015
5400,452,3016,4013,2015-01-18,2015
5401,452,3065,3818,2015-01-18,2015
5401,452,3818,3065,2015-01-18,2015
5402,452,2151,1736,2015-01-18,2015
5402,452,1736,2151,2015-01-18,2015
5403,452,4208,4427,2015-01-18,2015
5403,452,4427,4208,2015-01-18,2015
5404,452,1704,1737,2015-01-18,2015
5404,452,1737,1704,2015-01-18,2015
5405,452,626,3086,2015-01-18,2015
5405,452,3086,626,2015-01-18,2015
5406,452,3406,3790,2015-01-18,2015
5406,452,3790,3406,2015-01-18,2015
5407,452,2891,4126,2015-01-18,2015
5407,452,4126,2891,2015-01-18,2015
5408,452,3498,2471,2015-01-18,2015
5408,452,2471,3498,2015-01-18,2015
5409,453,1893,766,2015-01-03,2015
5409,453,766,1893,2015-01-03,2015
5410,453,653,1939,2015-01-03,2015
5410,453,1939,653,2015-01-03,2015
5411,453,3966,2424,2015-01-03,2015
5411,453,2424,3966,2015-01-03,2015
5412,453,1722,1352,2015-01-03,2015
5412,453,1352,1722,2015-01-03,2015
5414,453,1174,636,2015-01-03,2015
5414,453,636,1174,2015-01-03,2015
5415,453,1333,463,2015-01-03,2015
5415,453,463,1333,2015-01-03,2015
5416,453,1914,587,2015-01-03,2015
5416,453,587,1914,2015-01-03,2015
5417,453,1043,859,2015-01-03,2015
5417,453,859,1043,2015-01-03,2015
5418,453,40,2847,2015-01-03,2015
5418,453,2847,40,2015-01-03,2015
5419,453,3279,1034,2015-01-03,2015
5419,453,1034,3279,2015-01-03,2015
5420,454,2345,987,2014-12-20,2014
5420,454,987,2345,2014-12-20,2014
5421,454,258,1309,2014-12-20,2014
5421,454,1309,258,2014-12-20,2014
5422,454,829,605,2014-12-20,2014
5422,454,605,829,2014-12-20,2014
5423,454,2367,3714,2014-12-20,2014
5423,454,3714,2367,2014-12-20,2014
5424,454,3688,3291,2014-12-20,2014
5424,454,3291,3688,2014-12-20,2014
5425,454,3547,998,2014-12-20,2014
5425,454,998,3547,2014-12-20,2014
5426,454,3383,3155,2014-12-20,2014
5426,454,3155,3383,2014-12-20,2014
5427,454,2658,2842,2014-12-20,2014
5427,454,2842,2658,2014-12-20,2014
5428,454,951,1087,2014-12-20,2014
5428,454,1087,951,2014-12-20,2014
5429,454,1803,3554,2014-12-20,2014
5429,454,3554,1803,2014-12-20,2014
5430,454,2544,73,2014-12-20,2014
5430,454,73,2544,2014-12-20,2014
5431,454,2628,737,2014-12-20,2014
5431,454,737,2628,2014-12-20,2014
5432,455,996,2624,2014-12-13,2014
5432,455,2624,996,2014-12-13,2014
5433,455,995,956,2014-12-13,2014
5433,455,956,995,2014-12-13,2014
5434,455,2965,3886,2014-12-13,2014
5434,455,3886,2965,2014-12-13,2014
5435,455,2643,1421,2014-12-13,2014
5435,455,1421,2643,2014-12-13,2014
5436,455,1843,1303,2014-12-13,2014
5436,455,1303,1843,2014-12-13,2014
5437,455,2688,1349,2014-12-13,2014
5437,455,1349,2688,2014-12-13,2014
5438,455,3565,3310,2014-12-13,2014
5438,455,3310,3565,2014-12-13,2014
5439,455,978,4138,2014-12-13,2014
5439,455,4138,978,2014-12-13,2014
5440,455,261,1089,2014-12-13,2014
5440,455,1089,261,2014-12-13,2014
5441,455,2591,4283,2014-12-13,2014
5441,455,4283,2591,2014-12-13,2014
5442,455,648,2036,2014-12-13,2014
5442,455,2036,648,2014-12-13,2014
5443,455,1111,364,2014-12-13,2014
5443,455,364,1111,2014-12-13,2014
5444,456,1131,2792,2014-12-12,2014
5444,456,2792,1131,2014-12-12,2014
5445,456,2922,3852,2014-12-12,2014
5445,456,3852,2922,2014-12-12,2014
5447,456,2545,3187,2014-12-12,2014
5447,456,3187,2545,2014-12-12,2014
5448,456,3067,2421,2014-12-12,2014
5448,456,2421,3067,2014-12-12,2014
5449,456,1657,1093,2014-12-12,2014
5449,456,1093,1657,2014-12-12,2014
5450,456,708,3249,2014-12-12,2014
5450,456,3249,708,2014-12-12,2014
5451,456,4330,1555,2014-12-12,2014
5451,456,1555,4330,2014-12-12,2014
5452,456,3071,2363,2014-12-12,2014
5452,456,2363,3071,2014-12-12,2014
5453,456,856,658,2014-12-12,2014
5453,456,658,856,2014-12-12,2014
5454,456,1673,1942,2014-12-12,2014
5454,456,1942,1673,2014-12-12,2014
5455,457,2166,1632,2014-12-06,2014
5455,457,1632,2166,2014-12-06,2014
5456,457,3113,2562,2014-12-06,2014
5456,457,2562,3113,2014-12-06,2014
5457,457,489,3577,2014-12-06,2014
5457,457,3577,489,2014-12-06,2014
5458,457,1031,1561,2014-12-06,2014
5458,457,1561,1031,2014-12-06,2014
5459,457,1181,4063,2014-12-06,2014
5459,457,4063,1181,2014-12-06,2014
5460,457,1156,3328,2014-12-06,2014
5460,457,3328,1156,2014-12-06,2014
5461,457,3488,1439,2014-12-06,2014
5461,457,1439,3488,2014-12-06,2014
5462,457,138,1900,2014-12-06,2014
5462,457,1900,138,2014-12-06,2014
5463,457,3070,1145,2014-12-06,2014
5463,457,1145,3070,2014-12-06,2014
5464,457,3114,1686,2014-12-06,2014
5464,457,1686,3114,2014-12-06,2014
5465,457,735,4278,2014-12-06,2014
5465,457,4278,735,2014-12-06,2014
5466,458,1067,3913,2014-11-22,2014
5466,458,3913,1067,2014-11-22,2014
5467,458,265,1486,2014-11-22,2014
5467,458,1486,265,2014-11-22,2014
5468,458,581,3131,2014-11-22,2014
5468,458,3131,581,2014-11-22,2014
5469,458,2918,3412,2014-11-22,2014
5469,458,3412,2918,2014-11-22,2014
5470,458,325,2951,2014-11-22,2014
5470,458,2951,325,2014-11-22,2014
5471,458,4316,4123,2014-11-22,2014
5471,458,4123,4316,2014-11-22,2014
5472,458,2368,761,2014-11-22,2014
5472,458,761,2368,2014-11-22,2014
5473,458,2795,269,2014-11-22,2014
5473,458,269,2795,2014-11-22,2014
5474,458,4172,1622,2014-11-22,2014
5474,458,1622,4172,2014-11-22,2014
5475,458,187,1070,2014-11-22,2014
5475,458,1070,187,2014-11-22,2014
5476,458,4135,838,2014-11-22,2014
5476,458,838,4135,2014-11-22,2014
5477,458,682,3194,2014-11-22,2014
5477,458,3194,682,2014-11-22,2014
5478,459,4270,1758,2014-11-15,2014
5478,459,1758,4270,2014-11-15,2014
5479,459,1348,1088,2014-11-15,2014
5479,459,1088,1348,2014-11-15,2014
5480,459,2137,343,2014-11-15,2014
5480,459,343,2137,2014-11-15,2014
5481,459,2672,1619,2014-11-15,2014
5481,459,1619,2672,2014-11-15,2014
5482,459,4099,1335,2014-11-15,2014
5482,459,1335,4099,2014-11-15,2014
5483,459,3370,2690,2014-11-15,2014
5483,459,2690,3370,2014-11-15,2014
5484,459,3085,3214,2014-11-15,2014
5484,459,3214,3085,2014-11-15,2014
5485,459,1154,3755,2014-11-15,2014
5485,459,3755,1154,2014-11-15,2014
5486,459,329,488,2014-11-15,2014
5486,459,488,329,2014-11-15,2014
5487,459,465,586,2014-11-15,2014
5487,459,586,465,2014-11-15,2014
5488,459,324,4158,2014-11-15,2014
5488,459,4158,324,2014-11-15,2014
5489,460,3464,3430,2014-11-08,2014
5489,460,3430,3464,2014-11-08,2014
5490,460,115,1921,2014-11-08,2014
5490,460,1921,115,2014-11-08,2014
5491,460,3690,1072,2014-11-08,2014
5491,460,1072,3690,2014-11-08,2014
5492,460,2253,904,2014-11-08,2014
5492,460,904,2253,2014-11-08,2014
5493,460,2252,2879,2014-11-08,2014
5493,460,2879,2252,2014-11-08,2014
5494,460,3324,3434,2014-11-08,2014
5494,460,3434,3324,2014-11-08,2014
5495,460,2359,3751,2014-11-08,2014
5495,460,3751,2359,2014-11-08,2014
5496,460,3689,458,2014-11-08,2014
5496,460,458,3689,2014-11-08,2014
5497,460,95,1446,2014-11-08,2014
5497,460,1446,95,2014-11-08,2014
5498,460,796,3691,2014-11-08,2014
5498,460,3691,796,2014-11-08,2014
5499,461,3362,367,2014-11-07,2014
5499,461,367,3362,2014-11-07,2014
5500,461,1765,3049,2014-11-07,2014
5500,461,3049,1765,2014-11-07,2014
5501,461,4286,1660,2014-11-07,2014
5501,461,1660,4286,2014-11-07,2014
5502,461,2994,1585,2014-11-07,2014
5502,461,1585,2994,2014-11-07,2014
5503,461,2480,3356,2014-11-07,2014
5503,461,3356,2480,2014-11-07,2014
5504,461,3094,1784,2014-11-07,2014
5504,461,1784,3094,2014-11-07,2014
5505,461,117,148,2014-11-07,2014
5505,461,148,117,2014-11-07,2014
5506,461,3765,4109,2014-11-07,2014
5506,461,4109,3765,2014-11-07,2014
5507,461,715,1505,2014-11-07,2014
5507,461,1505,715,2014-11-07,2014
5508,461,1994,4408,2014-11-07,2014
5508,461,4408,1994,2014-11-07,2014
5509,461,463,4069,2014-11-07,2014
5509,461,4069,463,2014-11-07,2014
5510,462,64,2568,2014-10-25,2014
5510,462,2568,64,2014-10-25,2014
5511,462,881,3978,2014-10-25,2014
5511,462,3978,881,2014-10-25,2014
5512,462,2390,3885,2014-10-25,2014
5512,462,3885,2390,2014-10-25,2014
5513,462,1087,2460,2014-10-25,2014
5513,462,2460,1087,2014-10-25,2014
5514,462,873,1192,2014-10-25,2014
5514,462,1192,873,2014-10-25,2014
5515,462,2364,2335,2014-10-25,2014
5515,462,2335,2364,2014-10-25,2014
5516,462,548,2081,2014-10-25,2014
5516,462,2081,548,2014-10-25,2014
5517,462,3271,1916,2014-10-25,2014
5517,462,1916,3271,2014-10-25,2014
5518,462,1209,169,2014-10-25,2014
5518,462,169,1209,2014-10-25,2014
5519,462,525,1365,2014-10-25,2014
5519,462,1365,525,2014-10-25,2014
5520,462,2441,566,2014-10-25,2014
5520,462,566,2441,2014-10-25,2014
5521,463,2338,3457,2014-10-04,2014
5521,463,3457,2338,2014-10-04,2014
5522,463,209,597,2014-10-04,2014
5522,463,597,209,2014-10-04,2014
5523,463,2147,647,2014-10-04,2014
5523,463,647,2147,2014-10-04,2014
5524,463,3996,3533,2014-10-04,2014
5524,463,3533,3996,2014-10-04,2014
5525,463,3946,2239,2014-10-04,2014
5525,463,2239,3946,2014-10-04,2014
5526,463,1309,3476,2014-10-04,2014
5526,463,3476,1309,2014-10-04,2014
5527,463,815,2853,2014-10-04,2014
5527,463,2853,815,2014-10-04,2014
5528,463,213,2261,2014-10-04,2014
5528,463,2261,213,2014-10-04,2014
5529,463,1174,3458,2014-10-04,2014
5529,463,3458,1174,2014-10-04,2014
5530,463,1988,1704,2014-10-04,2014
5530,463,1704,1988,2014-10-04,2014
5531,463,4077,1054,2014-10-04,2014
5531,463,1054,4077,2014-10-04,2014
5533,464,3872,2819,2014-10-04,2014
5533,464,2819,3872,2014-10-04,2014
5534,464,1696,763,2014-10-04,2014
5534,464,763,1696,2014-10-04,2014
5535,464,372,2156,2014-10-04,2014
5535,464,2156,372,2014-10-04,2014
5536,464,4295,231,2014-10-04,2014
5536,464,231,4295,2014-10-04,2014
5537,464,646,202,2014-10-04,2014
5537,464,202,646,2014-10-04,2014
5538,464,2764,4357,2014-10-04,2014
5538,464,4357,2764,2014-10-04,2014
5539,464,3735,3406,2014-10-04,2014
5539,464,3406,3735,2014-10-04,2014
5540,464,3065,4093,2014-10-04,2014
5540,464,4093,3065,2014-10-04,2014
5541,464,1920,4060,2014-10-04,2014
5541,464,4060,1920,2014-10-04,2014
5542,464,3935,251,2014-10-04,2014
5542,464,251,3935,2014-10-04,2014
5543,464,4073,667,2014-10-04,2014
5543,464,667,4073,2014-10-04,2014
5544,465,1875,601,2014-09-27,2014
5544,465,601,1875,2014-09-27,2014
5545,465,653,109,2014-09-27,2014
5545,465,109,653,2014-09-27,2014
5546,465,2526,3154,2014-09-27,2014
5546,465,3154,2526,2014-09-27,2014
5547,465,3394,1995,2014-09-27,2014
5547,465,1995,3394,2014-09-27,2014
5548,465,4442,2878,2014-09-27,2014
5548,465,2878,4442,2014-09-27,2014
5549,465,819,2651,2014-09-27,2014
5549,465,2651,819,2014-09-27,2014
5550,465,2469,2089,2014-09-27,2014
5550,465,2089,2469,2014-09-27,2014
5551,465,4008,787,2014-09-27,2014
5551,465,787,4008,2014-09-27,2014
5552,465,1064,1736,2014-09-27,2014
5552,465,1736,1064,2014-09-27,2014
5553,465,2196,4067,2014-09-27,2014
5553,465,4067,2196,2014-09-27,2014
5554,465,1323,1371,2014-09-27,2014
5554,465,1371,1323,2014-09-27,2014
5555,466,1758,2818,2014-09-20,2014
5555,466,2818,1758,2014-09-20,2014
5556,466,1939,1418,2014-09-20,2014
5556,466,1418,1939,2014-09-20,2014
5557,466,41,3452,2014-09-20,2014
5557,466,3452,41,2014-09-20,2014
5558,466,3961,2779,2014-09-20,2014
5558,466,2779,3961,2014-09-20,2014
5559,466,2106,4227,2014-09-20,2014
5559,466,4227,2106,2014-09-20,2014
5560,466,1722,926,2014-09-20,2014
5560,466,926,1722,2014-09-20,2014
5561,466,1957,551,2014-09-20,2014
5561,466,551,1957,2014-09-20,2014
5562,466,2016,3671,2014-09-20,2014
5562,466,3671,2016,2014-09-20,2014
5563,466,2251,3558,2014-09-20,2014
5563,466,3558,2251,2014-09-20,2014
5564,466,1960,3955,2014-09-20,2014
5564,466,3955,1960,2014-09-20,2014
5565,466,626,4027,2014-09-20,2014
5565,466,4027,626,2014-09-20,2014
5566,466,381,1717,2014-09-20,2014
5566,466,1717,381,2014-09-20,2014
5567,467,180,3686,2014-09-13,2014
5567,467,3686,180,2014-09-13,2014
5568,467,4013,1551,2014-09-13,2014
5568,467,1551,4013,2014-09-13,2014
5569,467,3531,1129,2014-09-13,2014
5569,467,1129,3531,2014-09-13,2014
5570,467,3160,2932,2014-09-13,2014
5570,467,2932,3160,2014-09-13,2014
5571,467,57,977,2014-09-13,2014
5571,467,977,57,2014-09-13,2014
5572,467,144,2974,2014-09-13,2014
5572,467,2974,144,2014-09-13,2014
5573,467,3073,1879,2014-09-13,2014
5573,467,1879,3073,2014-09-13,2014
5574,467,3898,170,2014-09-13,2014
5574,467,170,3898,2014-09-13,2014
5575,467,4056,3689,2014-09-13,2014
5575,467,3689,4056,2014-09-13,2014
5576,467,3818,3998,2014-09-13,2014
5576,467,3998,3818,2014-09-13,2014
5577,467,4354,310,2014-09-13,2014
5577,467,310,4354,2014-09-13,2014
5578,468,3805,2723,2014-09-05,2014
5578,468,2723,3805,2014-09-05,2014
5579,468,3418,2965,2014-09-05,2014
5579,468,2965,3418,2014-09-05,2014
5580,468,2643,2234,2014-09-05,2014
5580,468,2234,2643,2014-09-05,2014
5581,468,2160,676,2014-09-05,2014
5581,468,676,2160,2014-09-05,2014
5582,468,2688,3599,2014-09-05,2014
5582,468,3599,2688,2014-09-05,2014
5583,468,1765,859,2014-09-05,2014
5583,468,859,1765,2014-09-05,2014
5584,468,2803,567,2014-09-05,2014
5584,468,567,2803,2014-09-05,2014
5585,468,302,2471,2014-09-05,2014
5585,468,2471,302,2014-09-05,2014
5586,468,3736,3790,2014-09-05,2014
5586,468,3790,3736,2014-09-05,2014
5587,469,966,3799,2014-08-30,2014
5587,469,3799,966,2014-08-30,2014
5588,469,1181,636,2014-08-30,2014
5588,469,636,1181,2014-08-30,2014
5589,469,770,296,2014-08-30,2014
5589,469,296,770,2014-08-30,2014
5590,469,1192,2843,2014-08-30,2014
5590,469,2843,1192,2014-08-30,2014
5591,469,2545,1818,2014-08-30,2014
5591,469,1818,2545,2014-08-30,2014
5592,469,496,2151,2014-08-30,2014
5592,469,2151,496,2014-08-30,2014
5593,469,1561,3168,2014-08-30,2014
5593,469,3168,1561,2014-08-30,2014
5594,469,4208,616,2014-08-30,2014
5594,469,616,4208,2014-08-30,2014
5595,470,995,1629,2014-08-23,2014
5595,470,1629,995,2014-08-23,2014
5596,470,2558,3201,2014-08-23,2014
5596,470,3201,2558,2014-08-23,2014
5597,470,2207,607,2014-08-23,2014
5597,470,607,2207,2014-08-23,2014
5598,470,1696,735,2014-08-23,2014
5598,470,735,1696,2014-08-23,2014
5599,470,4172,2173,2014-08-23,2014
5599,470,2173,4172,2014-08-23,2014
5600,470,3736,2842,2014-08-23,2014
5600,470,2842,3736,2014-08-23,2014
5601,470,2364,1337,2014-08-23,2014
5601,470,1337,2364,2014-08-23,2014
5602,470,873,2441,2014-08-23,2014
5602,470,2441,873,2014-08-23,2014
5603,470,1686,3122,2014-08-23,2014
5603,470,3122,1686,2014-08-23,2014
5604,470,3565,1619,2014-08-23,2014
5604,470,1619,3565,2014-08-23,2014
5605,470,3271,3498,2014-08-23,2014
5605,470,3498,3271,2014-08-23,2014
5606,471,367,2176,2014-08-23,2014
5606,471,2176,367,2014-08-23,2014
5607,471,4333,2019,2014-08-23,2014
5607,471,2019,4333,2014-08-23,2014
5608,471,4427,2898,2014-08-23,2014
5608,471,2898,4427,2014-08-23,2014
5609,471,2848,4373,2014-08-23,2014
5609,471,4373,2848,2014-08-23,2014
5610,471,4232,2636,2014-08-23,2014
5610,471,2636,4232,2014-08-23,2014
5611,471,2617,161,2014-08-23,2014
5611,471,161,2617,2014-08-23,2014
5612,471,3554,925,2014-08-23,2014
5612,471,925,3554,2014-08-23,2014
5613,471,796,4233,2014-08-23,2014
5613,471,4233,796,2014-08-23,2014
5614,471,4261,4434,2014-08-23,2014
5614,471,4434,4261,2014-08-23,2014
5615,471,1029,3123,2014-08-23,2014
5615,471,3123,1029,2014-08-23,2014
5616,472,234,3464,2014-08-16,2014
5616,472,3464,234,2014-08-16,2014
5617,472,3049,2492,2014-08-16,2014
5617,472,2492,3049,2014-08-16,2014
5618,472,393,3966,2014-08-16,2014
5618,472,3966,393,2014-08-16,2014
5619,472,1921,232,2014-08-16,2014
5619,472,232,1921,2014-08-16,2014
5620,472,1914,2490,2014-08-16,2014
5620,472,2490,1914,2014-08-16,2014
5621,472,3964,3075,2014-08-16,2014
5621,472,3075,3964,2014-08-16,2014
5622,472,1246,2387,2014-08-16,2014
5622,472,2387,1246,2014-08-16,2014
5623,472,2538,2755,2014-08-16,2014
5623,472,2755,2538,2014-08-16,2014
5624,472,4256,117,2014-08-16,2014
5624,472,117,4256,2014-08-16,2014
5625,472,3454,4015,2014-08-16,2014
5625,472,4015,3454,2014-08-16,2014
5626,473,2166,478,2014-07-26,2014
5626,473,478,2166,2014-07-26,2014
5627,473,1868,2860,2014-07-26,2014
5627,473,2860,1868,2014-07-26,2014
5628,473,343,1513,2014-07-26,2014
5628,473,1513,343,2014-07-26,2014
5629,473,1486,4009,2014-07-26,2014
5629,473,4009,1486,2014-07-26,2014
5630,473,2469,815,2014-07-26,2014
5630,473,815,2469,2014-07-26,2014
5631,473,829,2039,2014-07-26,2014
5631,473,2039,829,2014-07-26,2014
5632,473,2544,3096,2014-07-26,2014
5632,473,3096,2544,2014-07-26,2014
5634,473,1003,187,2014-07-26,2014
5634,473,187,1003,2014-07-26,2014
5635,473,525,3832,2014-07-26,2014
5635,473,3832,525,2014-07-26,2014
5636,473,1843,2252,2014-07-26,2014
5636,473,2252,1843,2014-07-26,2014
5637,473,2131,3674,2014-07-26,2014
5637,473,3674,2131,2014-07-26,2014
5638,474,2526,449,2014-07-19,2014
5638,474,449,2526,2014-07-19,2014
5639,474,2819,827,2014-07-19,2014
5639,474,827,2819,2014-07-19,2014
5640,474,2500,3131,2014-07-19,2014
5640,474,3131,2500,2014-07-19,2014
5641,474,3016,2081,2014-07-19,2014
5641,474,2081,3016,2014-07-19,2014
5642,474,2156,930,2014-07-19,2014
5642,474,930,2156,2014-07-19,2014
5643,474,3608,1584,2014-07-19,2014
5643,474,1584,3608,2014-07-19,2014
5644,474,3065,2038,2014-07-19,2014
5644,474,2038,3065,2014-07-19,2014
5645,474,3751,4060,2014-07-19,2014
5645,474,4060,3751,2014-07-19,2014
5646,474,2094,993,2014-07-19,2014
5646,474,993,2094,2014-07-19,2014
5647,474,1704,3490,2014-07-19,2014
5647,474,3490,1704,2014-07-19,2014
5648,475,653,2605,2014-07-16,2014
5648,475,2605,653,2014-07-16,2014
5649,475,265,1043,2014-07-16,2014
5649,475,1043,265,2014-07-16,2014
5650,475,3872,2356,2014-07-16,2014
5650,475,2356,3872,2014-07-16,2014
5651,475,3187,3474,2014-07-16,2014
5651,475,3474,3187,2014-07-16,2014
5652,475,2262,2970,2014-07-16,2014
5652,475,2970,2262,2014-07-16,2014
5653,475,2460,4278,2014-07-16,2014
5653,475,4278,2460,2014-07-16,2014
5654,475,4013,1615,2014-07-16,2014
5654,475,1615,4013,2014-07-16,2014
5655,475,3755,1035,2014-07-16,2014
5655,475,1035,3755,2014-07-16,2014
5656,475,3853,4168,2014-07-16,2014
5656,475,4168,3853,2014-07-16,2014
5657,475,647,3505,2014-07-16,2014
5657,475,3505,647,2014-07-16,2014
5658,475,1303,2132,2014-07-16,2014
5658,475,2132,1303,2014-07-16,2014
5659,476,1067,3066,2014-07-06,2014
5659,476,3066,1067,2014-07-06,2014
5660,476,138,4126,2014-07-06,2014
5660,476,4126,138,2014-07-06,2014
5661,476,1439,2253,2014-07-06,2014
5661,476,2253,1439,2014-07-06,2014
5662,476,2234,1784,2014-07-06,2014
5662,476,1784,2234,2014-07-06,2014
5663,476,2951,3599,2014-07-06,2014
5663,476,3599,2951,2014-07-06,2014
5664,476,2196,3402,2014-07-06,2014
5664,476,3402,2196,2014-07-06,2014
5665,476,1803,4069,2014-07-06,2014
5665,476,4069,1803,2014-07-06,2014
5666,476,2459,3194,2014-07-06,2014
5666,476,3194,2459,2014-07-06,2014
5667,476,4228,3827,2014-07-06,2014
5667,476,3827,4228,2014-07-06,2014
5668,476,2696,1034,2014-07-06,2014
5668,476,1034,2696,2014-07-06,2014
5670,477,4265,2345,2014-07-05,2014
5670,477,2345,4265,2014-07-05,2014
5671,477,3421,885,2014-07-05,2014
5671,477,885,3421,2014-07-05,2014
5672,477,1548,3532,2014-07-05,2014
5672,477,3532,1548,2014-07-05,2014
5673,477,977,463,2014-07-05,2014
5673,477,463,977,2014-07-05,2014
5674,477,1156,551,2014-07-05,2014
5674,477,551,1156,2014-07-05,2014
5675,477,3349,58,2014-07-05,2014
5675,477,58,3349,2014-07-05,2014
5676,477,3533,567,2014-07-05,2014
5676,477,567,3533,2014-07-05,2014
5677,477,1240,3403,2014-07-05,2014
5677,477,3403,1240,2014-07-05,2014
5678,477,4408,4139,2014-07-05,2014
5678,477,4139,4408,2014-07-05,2014
5680,478,3913,3852,2014-06-28,2014
5680,478,3852,3913,2014-06-28,2014
5681,478,1348,2764,2014-06-28,2014
5681,478,2764,1348,2014-06-28,2014
5682,478,1191,800,2014-06-28,2014
5682,478,800,1191,2014-06-28,2014
5683,478,2137,951,2014-06-28,2014
5683,478,951,2137,2014-06-28,2014
5684,478,1660,2823,2014-06-28,2014
5684,478,2823,1660,2014-06-28,2014
5685,478,1089,2679,2014-06-28,2014
5685,478,2679,1089,2014-06-28,2014
5686,478,1192,3753,2014-06-28,2014
5686,478,3753,1192,2014-06-28,2014
5687,478,1371,310,2014-06-28,2014
5687,478,310,1371,2014-06-28,2014
5688,478,1517,1112,2014-06-28,2014
5688,478,1112,1517,2014-06-28,2014
5689,478,412,1737,2014-06-28,2014
5689,478,1737,412,2014-06-28,2014
5690,478,2918,1561,2014-06-28,2014
5690,478,1561,2918,2014-06-28,2014
5691,479,2424,3975,2014-06-28,2014
5691,479,3975,2424,2014-06-28,2014
5692,479,3412,2994,2014-06-28,2014
5692,479,2994,3412,2014-06-28,2014
5693,479,2922,1679,2014-06-28,2014
5693,479,1679,2922,2014-06-28,2014
5694,479,4286,3291,2014-06-28,2014
5694,479,3291,4286,2014-06-28,2014
5695,479,2480,1879,2014-06-28,2014
5695,479,1879,2480,2014-06-28,2014
5696,479,4109,3512,2014-06-28,2014
5696,479,3512,4109,2014-06-28,2014
5697,479,1505,1782,2014-06-28,2014
5697,479,1782,1505,2014-06-28,2014
5698,479,2364,901,2014-06-28,2014
5698,479,901,2364,2014-06-28,2014
5699,479,1717,1111,2014-06-28,2014
5699,479,1111,1717,2014-06-28,2014
5700,479,4182,2891,2014-06-28,2014
5700,479,2891,4182,2014-06-28,2014
5701,480,1875,237,2014-06-14,2014
5701,480,237,1875,2014-06-14,2014
5702,480,2338,4333,2014-06-14,2014
5702,480,4333,2338,2014-06-14,2014
5703,480,234,643,2014-06-14,2014
5703,480,643,234,2014-06-14,2014
5704,480,180,3577,2014-06-14,2014
5704,480,3577,180,2014-06-14,2014
5705,480,3464,1860,2014-06-14,2014
5705,480,1860,3464,2014-06-14,2014
5706,480,2106,3547,2014-06-14,2014
5706,480,3547,2106,2014-06-14,2014
5707,480,2226,3123,2014-06-14,2014
5707,480,3123,2226,2014-06-14,2014
5708,480,1813,1060,2014-06-14,2014
5708,480,1060,1813,2014-06-14,2014
5709,480,253,1878,2014-06-14,2014
5709,480,1878,253,2014-06-14,2014
5710,480,3955,925,2014-06-14,2014
5710,480,925,3955,2014-06-14,2014
5711,480,3458,3662,2014-06-14,2014
5711,480,3662,3458,2014-06-14,2014
5712,481,1629,2005,2014-06-07,2014
5712,481,2005,1629,2014-06-07,2014
5713,481,3493,3049,2014-06-07,2014
5713,481,3049,3493,2014-06-07,2014
5714,481,982,2688,2014-06-07,2014
5714,481,2688,982,2014-06-07,2014
5715,481,995,1668,2014-06-07,2014
5715,481,1668,995,2014-06-07,2014
5716,481,1551,1070,2014-06-07,2014
5716,481,1070,1551,2014-06-07,2014
5717,481,597,3084,2014-06-07,2014
5717,481,3084,597,2014-06-07,2014
5718,481,3114,2585,2014-06-07,2014
5718,481,2585,3114,2014-06-07,2014
5719,481,334,4195,2014-06-07,2014
5719,481,4195,334,2014-06-07,2014
5720,481,1916,2446,2014-06-07,2014
5720,481,2446,1916,2014-06-07,2014
5721,481,4067,2261,2014-06-07,2014
5721,481,2261,4067,2014-06-07,2014
5722,481,829,2795,2014-06-07,2014
5722,481,2795,829,2014-06-07,2014
5723,482,2624,2390,2014-05-31,2014
5723,482,2390,2624,2014-05-31,2014
5724,482,605,2628,2014-05-31,2014
5724,482,2628,605,2014-05-31,2014
5725,482,115,73,2014-05-31,2014
5725,482,73,115,2014-05-31,2014
5726,482,2379,4357,2014-05-31,2014
5726,482,4357,2379,2014-05-31,2014
5727,482,3075,1838,2014-05-31,2014
5727,482,1838,3075,2014-05-31,2014
5728,482,2367,859,2014-05-31,2014
5728,482,859,2367,2014-05-31,2014
5729,482,3714,667,2014-05-31,2014
5729,482,667,3714,2014-05-31,2014
5730,482,4093,3998,2014-05-31,2014
5730,482,3998,4093,2014-05-31,2014
5731,482,3806,1066,2014-05-31,2014
5731,482,1066,3806,2014-05-31,2014
5732,482,12,3691,2014-05-31,2014
5732,482,3691,12,2014-05-31,2014
5733,482,3383,2699,2014-05-31,2014
5733,482,2699,3383,2014-05-31,2014
5734,482,2738,1686,2014-05-31,2014
5734,482,1686,2738,2014-05-31,2014
5735,483,2723,2740,2014-05-31,2014
5735,483,2740,2723,2014-05-31,2014
5736,483,987,607,2014-05-31,2014
5736,483,607,987,2014-05-31,2014
5737,483,3883,269,2014-05-31,2014
5737,483,269,3883,2014-05-31,2014
5738,483,231,2842,2014-05-31,2014
5738,483,2842,231,2014-05-31,2014
5739,483,1622,978,2014-05-31,2014
5739,483,978,1622,2014-05-31,2014
5740,483,646,1920,2014-05-31,2014
5740,483,1920,646,2014-05-31,2014
5741,483,57,2195,2014-05-31,2014
5741,483,2195,57,2014-05-31,2014
5742,483,3771,3043,2014-05-31,2014
5742,483,3043,3771,2014-05-31,2014
5743,483,381,2908,2014-05-31,2014
5743,483,2908,381,2014-05-31,2014
5744,483,2368,3100,2014-05-31,2014
5744,483,3100,2368,2014-05-31,2014
5745,484,966,258,2014-05-24,2014
5745,484,258,966,2014-05-24,2014
5746,484,766,1628,2014-05-24,2014
5746,484,1628,766,2014-05-24,2014
5747,484,2166,1088,2014-05-24,2014
5747,484,1088,2166,2014-05-24,2014
5748,484,2651,3328,2014-05-24,2014
5748,484,3328,2651,2014-05-24,2014
5749,484,2089,4138,2014-05-24,2014
5749,484,4138,2089,2014-05-24,2014
5750,484,676,4056,2014-05-24,2014
5750,484,4056,676,2014-05-24,2014
5751,484,1181,2016,2014-05-24,2014
5751,484,2016,1181,2014-05-24,2014
5752,484,1693,581,2014-05-24,2014
5752,484,581,1693,2014-05-24,2014
5753,484,713,1765,2014-05-24,2014
5753,484,1765,713,2014-05-24,2014
5754,484,3130,2853,2014-05-24,2014
5754,484,2853,3130,2014-05-24,2014
5755,484,3671,3122,2014-05-24,2014
5755,484,3122,3671,2014-05-24,2014
5756,484,2239,2591,2014-05-24,2014
5756,484,2591,2239,2014-05-24,2014
5757,485,478,3688,2014-05-10,2014
5757,485,3688,478,2014-05-10,2014
5758,485,3119,2151,2014-05-10,2014
5758,485,2151,3119,2014-05-10,2014
5759,485,815,2062,2014-05-10,2014
5759,485,2062,815,2014-05-10,2014
5760,485,2364,2544,2014-05-10,2014
5760,485,2544,2364,2014-05-10,2014
5761,485,2994,3168,2014-05-10,2014
5761,485,3168,2994,2014-05-10,2014
5762,485,601,3765,2014-05-10,2014
5762,485,3765,601,2014-05-10,2014
5763,485,1642,2803,2014-05-10,2014
5763,485,2803,1642,2014-05-10,2014
5764,485,1722,2668,2014-05-10,2014
5764,485,2668,1722,2014-05-10,2014
5765,485,827,548,2014-05-10,2014
5765,485,548,827,2014-05-10,2014
5766,485,1069,4317,2014-05-10,2014
5766,485,4317,1069,2014-05-10,2014
5767,485,2216,1323,2014-05-10,2014
5767,485,1323,2216,2014-05-10,2014
5768,485,3474,4219,2014-05-10,2014
5768,485,4219,3474,2014-05-10,2014
5769,485,4077,2148,2014-05-10,2014
5769,485,2148,4077,2014-05-10,2014
5770,486,1893,3978,2014-04-26,2014
5770,486,3978,1893,2014-04-26,2014
5771,486,1868,881,2014-04-26,2014
5771,486,881,1868,2014-04-26,2014
5772,486,3362,393,2014-04-26,2014
5772,486,393,3362,2014-04-26,2014
5773,486,2605,2545,2014-04-26,2014
5773,486,2545,2605,2014-04-26,2014
5774,486,1696,1209,2014-04-26,2014
5774,486,1209,1696,2014-04-26,2014
5775,486,325,1090,2014-04-26,2014
5775,486,1090,325,2014-04-26,2014
5776,486,1418,4123,2014-04-26,2014
5776,486,4123,1418,2014-04-26,2014
5777,486,770,1035,2014-04-26,2014
5777,486,1035,770,2014-04-26,2014
5778,486,636,458,2014-04-26,2014
5778,486,458,636,2014-04-26,2014
5779,486,302,4302,2014-04-26,2014
5779,486,4302,302,2014-04-26,2014
5780,487,4270,489,2014-04-19,2014
5780,487,489,4270,2014-04-19,2014
5781,487,3961,608,2014-04-19,2014
5781,487,608,3961,2014-04-19,2014
5782,487,653,265,2014-04-19,2014
5782,487,265,653,2014-04-19,2014
5783,487,3394,3966,2014-04-19,2014
5783,487,3966,3394,2014-04-19,2014
5784,487,2883,995,2014-04-19,2014
5784,487,995,2883,2014-04-19,2014
5785,487,112,232,2014-04-19,2014
5785,487,232,112,2014-04-19,2014
5786,487,2469,1615,2014-04-19,2014
5786,487,1615,2469,2014-04-19,2014
5787,487,4278,3044,2014-04-19,2014
5787,487,3044,4278,2014-04-19,2014
5788,487,2359,4408,2014-04-19,2014
5788,487,4408,2359,2014-04-19,2014
5789,487,2558,3096,2014-04-19,2014
5789,487,3096,2558,2014-04-19,2014
5790,487,2951,412,2014-04-19,2014
5790,487,412,2951,2014-04-19,2014
5791,487,316,3736,2014-04-19,2014
5791,487,3736,316,2014-04-19,2014
5792,487,2234,2490,2014-04-19,2014
5792,487,2490,2234,2014-04-19,2014
5793,488,1995,367,2014-04-16,2014
5793,488,367,1995,2014-04-16,2014
5794,488,787,2863,2014-04-16,2014
5794,488,2863,787,2014-04-16,2014
5795,488,3996,4273,2014-04-16,2014
5795,488,4273,3996,2014-04-16,2014
5796,488,2147,213,2014-04-16,2014
5796,488,213,2147,2014-04-16,2014
5797,488,3154,763,2014-04-16,2014
5797,488,763,3154,2014-04-16,2014
5798,488,2867,3876,2014-04-16,2014
5798,488,3876,2867,2014-04-16,2014
5799,488,1975,3755,2014-04-16,2014
5799,488,3755,1975,2014-04-16,2014
5800,488,1860,2891,2014-04-16,2014
5800,488,2891,1860,2014-04-16,2014
5801,488,3403,2036,2014-04-16,2014
5801,488,2036,3403,2014-04-16,2014
5802,488,389,900,2014-04-16,2014
5802,488,900,389,2014-04-16,2014
5803,488,3946,1505,2014-04-16,2014
5803,488,1505,3946,2014-04-16,2014
5804,488,4227,1782,2014-04-16,2014
5804,488,1782,4227,2014-04-16,2014
5805,488,1309,1446,2014-04-16,2014
5805,488,1446,1309,2014-04-16,2014
5806,489,2818,2859,2014-04-11,2014
5806,489,2859,2818,2014-04-11,2014
5807,489,1513,1979,2014-04-11,2014
5807,489,1979,1513,2014-04-11,2014
5808,489,2128,1736,2014-04-11,2014
5808,489,1736,2128,2014-04-11,2014
5809,489,2843,873,2014-04-11,2014
5809,489,873,2843,2014-04-11,2014
5810,489,3412,2941,2014-04-11,2014
5810,489,2941,3412,2014-04-11,2014
5811,489,2207,3751,2014-04-11,2014
5811,489,3751,2207,2014-04-11,2014
5812,489,68,2940,2014-04-11,2014
5812,489,2940,68,2014-04-11,2014
5814,490,1628,3430,2014-03-23,2014
5814,490,3430,1628,2014-03-23,2014
5815,490,987,1191,2014-03-23,2014
5815,490,1191,987,2014-03-23,2014
5817,490,2390,4182,2014-03-23,2014
5817,490,4182,2390,2014-03-23,2014
5818,490,3177,3935,2014-03-23,2014
5818,490,3935,3177,2014-03-23,2014
5819,490,1838,3674,2014-03-23,2014
5819,490,3674,1838,2014-03-23,2014
5820,490,3532,2419,2014-03-23,2014
5820,490,2419,3532,2014-03-23,2014
5821,490,1246,1916,2014-03-23,2014
5821,490,1916,1246,2014-03-23,2014
5822,490,3349,3095,2014-03-23,2014
5822,490,3095,3349,2014-03-23,2014
5823,490,3885,286,2014-03-23,2014
5823,490,286,3885,2014-03-23,2014
5824,490,3073,2131,2014-03-23,2014
5824,490,2131,3073,2014-03-23,2014
5825,491,1632,2166,2014-03-15,2014
5825,491,2166,1632,2014-03-15,2014
5826,491,4333,743,2014-03-15,2014
5826,491,743,4333,2014-03-15,2014
5827,491,1939,3493,2014-03-15,2014
5827,491,3493,1939,2014-03-15,2014
5828,491,2280,3654,2014-03-15,2014
5828,491,3654,2280,2014-03-15,2014
5829,491,3464,2094,2014-03-15,2014
5829,491,2094,3464,2014-03-15,2014
5830,491,1348,3872,2014-03-15,2014
5830,491,3872,1348,2014-03-15,2014
5831,491,144,3070,2014-03-15,2014
5831,491,3070,144,2014-03-15,2014
5832,491,343,1662,2014-03-15,2014
5832,491,1662,343,2014-03-15,2014
5833,491,1337,3818,2014-03-15,2014
5833,491,3818,1337,2014-03-15,2014
5834,491,4053,1248,2014-03-15,2014
5834,491,1248,4053,2014-03-15,2014
5835,491,3599,579,2014-03-15,2014
5835,491,579,3599,2014-03-15,2014
5836,491,3883,2511,2014-03-15,2014
5836,491,2511,3883,2014-03-15,2014
5837,491,4281,3144,2014-03-15,2014
5837,491,3144,4281,2014-03-15,2014
5838,492,1528,2411,2014-03-08,2014
5838,492,2411,1528,2014-03-08,2014
5839,492,1876,1515,2014-03-08,2014
5839,492,1515,1876,2014-03-08,2014
5840,492,3131,3608,2014-03-08,2014
5840,492,3608,3131,2014-03-08,2014
5841,492,2819,40,2014-03-08,2014
5841,492,40,2819,2014-03-08,2014
5842,492,2156,944,2014-03-08,2014
5842,492,944,2156,2014-03-08,2014
5843,492,269,2847,2014-03-08,2014
5843,492,2847,269,2014-03-08,2014
5844,492,3690,3600,2014-03-08,2014
5844,492,3600,3690,2014-03-08,2014
5845,492,170,2636,2014-03-08,2014
5845,492,2636,170,2014-03-08,2014
5847,493,2019,1603,2014-03-01,2014
5847,493,1603,2019,2014-03-01,2014
5848,493,4427,4232,2014-03-01,2014
5848,493,4232,4427,2014-03-01,2014
5849,493,2643,1914,2014-03-01,2014
5849,493,1914,2643,2014-03-01,2014
5850,493,1679,2575,2014-03-01,2014
5850,493,2575,1679,2014-03-01,2014
5851,493,2790,4027,2014-03-01,2014
5851,493,4027,2790,2014-03-01,2014
5852,493,2195,3118,2014-03-01,2014
5852,493,3118,2195,2014-03-01,2014
5853,493,4233,671,2014-03-01,2014
5853,493,671,4233,2014-03-01,2014
5854,493,1066,4069,2014-03-01,2014
5854,493,4069,1066,2014-03-01,2014
5855,494,3421,2538,2014-02-22,2014
5855,494,2538,3421,2014-02-22,2014
5856,494,766,829,2014-02-22,2014
5856,494,829,766,2014-02-22,2014
5857,494,2338,2379,2014-02-22,2014
5857,494,2379,2338,2014-02-22,2014
5858,494,3201,4210,2014-02-22,2014
5858,494,4210,3201,2014-02-22,2014
5859,494,4008,4286,2014-02-22,2014
5859,494,4286,4008,2014-02-22,2014
5860,494,885,1154,2014-02-22,2014
5860,494,1154,885,2014-02-22,2014
5861,494,209,2738,2014-02-22,2014
5861,494,2738,209,2014-02-22,2014
5862,494,3853,1371,2014-02-22,2014
5862,494,1371,3853,2014-02-22,2014
5863,494,2387,3490,2014-02-22,2014
5863,494,3490,2387,2014-02-22,2014
5864,494,2062,2921,2014-02-22,2014
5864,494,2921,2062,2014-02-22,2014
5865,494,667,647,2014-02-22,2014
5865,494,647,667,2014-02-22,2014
5866,495,2345,2723,2014-02-15,2014
5866,495,2723,2345,2014-02-15,2014
5867,495,3805,607,2014-02-15,2014
5867,495,607,3805,2014-02-15,2014
5868,495,3688,3558,2014-02-15,2014
5868,495,3558,3688,2014-02-15,2014
5869,495,2764,145,2014-02-15,2014
5869,495,145,2764,2014-02-15,2014
5870,495,2922,2908,2014-02-15,2014
5870,495,2908,2922,2014-02-15,2014
5871,495,3187,2413,2014-02-15,2014
5871,495,2413,3187,2014-02-15,2014
5872,495,859,1915,2014-02-15,2014
5872,495,1915,859,2014-02-15,2014
5873,495,4056,3402,2014-02-15,2014
5873,495,3402,4056,2014-02-15,2014
5874,495,57,3271,2014-02-15,2014
5874,495,3271,57,2014-02-15,2014
5875,495,169,381,2014-02-15,2014
5875,495,381,169,2014-02-15,2014
5876,495,58,4077,2014-02-15,2014
5876,495,4077,58,2014-02-15,2014
5877,495,4073,3711,2014-02-15,2014
5877,495,3711,4073,2014-02-15,2014
5878,496,258,1156,2014-02-01,2014
5878,496,1156,258,2014-02-01,2014
5879,496,64,2137,2014-02-01,2014
5879,496,2137,64,2014-02-01,2014
5880,496,2965,2625,2014-02-01,2014
5880,496,2625,2965,2014-02-01,2014
5881,496,237,2262,2014-02-01,2014
5881,496,2262,237,2014-02-01,2014
5882,496,4063,4138,2014-02-01,2014
5882,496,4138,4063,2014-02-01,2014
5883,496,3035,2384,2014-02-01,2014
5883,496,2384,3035,2014-02-01,2014
5884,496,601,2446,2014-02-01,2014
5884,496,2446,601,2014-02-01,2014
5885,496,640,4256,2014-02-01,2014
5885,496,4256,640,2014-02-01,2014
5886,496,1765,2196,2014-02-01,2014
5886,496,2196,1765,2014-02-01,2014
5887,496,1660,1112,2014-02-01,2014
5887,496,1112,1660,2014-02-01,2014
5888,496,2367,2441,2014-02-01,2014
5888,496,2441,2367,2014-02-01,2014
5889,496,2364,4093,2014-02-01,2014
5889,496,4093,2364,2014-02-01,2014
5890,497,1629,4009,2014-01-25,2014
5890,497,4009,1629,2014-01-25,2014
5891,497,2624,1421,2014-01-25,2014
5891,497,1421,2624,2014-01-25,2014
5892,497,653,2459,2014-01-25,2014
5892,497,2459,653,2014-01-25,2014
5893,497,3852,1087,2014-01-25,2014
5893,497,1087,3852,2014-01-25,2014
5894,497,551,3114,2014-01-25,2014
5894,497,3114,551,2014-01-25,2014
5895,497,4317,1813,2014-01-25,2014
5895,497,1813,4317,2014-01-25,2014
5897,497,4168,1647,2014-01-25,2014
5897,497,1647,4168,2014-01-25,2014
5898,497,815,3319,2014-01-25,2014
5898,497,3319,815,2014-01-25,2014
5899,497,3898,3291,2014-01-25,2014
5899,497,3291,3898,2014-01-25,2014
5900,497,2094,1585,2014-01-25,2014
5900,497,1585,2094,2014-01-25,2014
5901,498,3362,3119,2014-01-15,2014
5901,498,3119,3362,2014-01-15,2014
5902,498,3966,2151,2014-01-15,2014
5902,498,2151,3966,2014-01-15,2014
5903,498,966,1060,2014-01-15,2014
5903,498,1060,966,2014-01-15,2014
5904,498,3394,496,2014-01-15,2014
5904,498,496,3394,2014-01-15,2014
5905,498,2688,2951,2014-01-15,2014
5905,498,2951,2688,2014-01-15,2014
5906,498,2606,3671,2014-01-15,2014
5906,498,3671,2606,2014-01-15,2014
5907,498,2843,1071,2014-01-15,2014
5907,498,1071,2843,2014-01-15,2014
5908,498,3714,4123,2014-01-15,2014
5908,498,4123,3714,2014-01-15,2014
5909,498,3751,1734,2014-01-15,2014
5909,498,1734,3751,2014-01-15,2014
5910,498,3765,2970,2014-01-15,2014
5910,498,2970,3765,2014-01-15,2014
5911,498,3130,4283,2014-01-15,2014
5911,498,4283,3130,2014-01-15,2014
5912,498,873,458,2014-01-15,2014
5912,498,458,873,2014-01-15,2014
5913,499,3457,2251,2014-01-04,2014
5913,499,2251,3457,2014-01-04,2014
5914,499,1979,3790,2014-01-04,2014
5914,499,3790,1979,2014-01-04,2014
5915,499,2106,1049,2014-01-04,2014
5915,499,1049,2106,2014-01-04,2014
5916,499,1960,3656,2014-01-04,2014
5916,499,3656,1960,2014-01-04,2014
5917,499,1696,689,2014-01-04,2014
5917,499,689,1696,2014-01-04,2014
5918,499,2016,2732,2014-01-04,2014
5918,499,2732,2016,2014-01-04,2014
5919,499,4261,1312,2014-01-04,2014
5919,499,1312,4261,2014-01-04,2014
5920,499,3935,253,2014-01-04,2014
5920,499,253,3935,2014-01-04,2014
5921,499,2036,926,2014-01-04,2014
5921,499,926,2036,2014-01-04,2014
5922,499,977,1803,2014-01-04,2014
5922,499,1803,977,2014-01-04,2014
5923,500,4265,3678,2013-12-28,2013
5923,500,3678,4265,2013-12-28,2013
5924,500,3421,3961,2013-12-28,2013
5924,500,3961,3421,2013-12-28,2013
5925,500,489,273,2013-12-28,2013
5925,500,273,489,2013-12-28,2013
5926,500,2605,566,2013-12-28,2013
5926,500,566,2605,2013-12-28,2013
5927,500,3154,449,2013-12-28,2013
5927,500,449,3154,2013-12-28,2013
5928,500,1548,2182,2013-12-28,2013
5928,500,2182,1548,2013-12-28,2013
5929,500,1876,4013,2013-12-28,2013
5929,500,4013,1876,2013-12-28,2013
5931,500,1736,240,2013-12-28,2013
5931,500,240,1736,2013-12-28,2013
5932,500,2335,4195,2013-12-28,2013
5932,500,4195,2335,2013-12-28,2013
5933,500,3075,3044,2013-12-28,2013
5933,500,3044,3075,2013-12-28,2013
5934,501,1875,325,2013-12-14,2013
5934,501,325,1875,2013-12-14,2013
5935,501,1156,2514,2013-12-14,2013
5935,501,2514,1156,2013-12-14,2013
5936,501,2568,2216,2013-12-14,2013
5936,501,2216,2568,2013-12-14,2013
5937,501,2160,871,2013-12-14,2013
5937,501,871,2160,2013-12-14,2013
5938,501,2128,2521,2013-12-14,2013
5938,501,2521,2128,2013-12-14,2013
5939,501,265,636,2013-12-14,2013
5939,501,636,265,2013-12-14,2013
5940,501,1486,1615,2013-12-14,2013
5940,501,1615,1486,2013-12-14,2013
5941,501,2387,1916,2013-12-14,2013
5941,501,1916,2387,2013-12-14,2013
5942,501,3876,2533,2013-12-14,2013
5942,501,2533,3876,2013-12-14,2013
5943,501,4063,435,2013-12-14,2013
5943,501,435,4063,2013-12-14,2013
5944,501,2970,4108,2013-12-14,2013
5944,501,4108,2970,2013-12-14,2013
5946,502,3430,3975,2013-12-06,2013
5946,502,3975,3430,2013-12-06,2013
5947,502,234,3094,2013-12-06,2013
5947,502,3094,234,2013-12-06,2013
5948,502,2994,287,2013-12-06,2013
5948,502,287,2994,2013-12-06,2013
5949,502,1660,148,2013-12-06,2013
5949,502,148,1660,2013-12-06,2013
5950,502,770,1984,2013-12-06,2013
5950,502,1984,770,2013-12-06,2013
5951,502,2651,3118,2013-12-06,2013
5951,502,3118,2651,2013-12-06,2013
5952,502,2359,3317,2013-12-06,2013
5952,502,3317,2359,2013-12-06,2013
5953,502,3599,4109,2013-12-06,2013
5953,502,4109,3599,2013-12-06,2013
5954,502,1920,3533,2013-12-06,2013
5954,502,3533,1920,2013-12-06,2013
5955,502,1337,4219,2013-12-06,2013
5955,502,4219,1337,2013-12-06,2013
5956,503,956,2492,2013-11-30,2013
5956,503,2492,956,2013-11-30,2013
5957,503,3059,3228,2013-11-30,2013
5957,503,3228,3059,2013-11-30,2013
5958,503,1693,1477,2013-11-30,2013
5958,503,1477,1693,2013-11-30,2013
5959,503,1035,2707,2013-11-30,2013
5959,503,2707,1035,2013-11-30,2013
5960,503,3070,2654,2013-11-30,2013
5960,503,2654,3070,2013-11-30,2013
5961,503,763,381,2013-11-30,2013
5961,503,381,763,2013-11-30,2013
5962,503,2842,4354,2013-11-30,2013
5962,503,4354,2842,2013-11-30,2013
5963,503,3412,1585,2013-11-30,2013
5963,503,1585,3412,2013-11-30,2013
5964,503,3818,978,2013-11-30,2013
5964,503,978,3818,2013-11-30,2013
5965,503,3490,336,2013-11-30,2013
5965,503,336,3490,2013-11-30,2013
5966,504,3830,1632,2013-11-16,2013
5966,504,1632,3830,2013-11-16,2013
5967,504,1143,3785,2013-11-16,2013
5967,504,3785,1143,2013-11-16,2013
5968,504,2166,2338,2013-11-16,2013
5968,504,2338,2166,2013-11-16,2013
5969,504,4333,2079,2013-11-16,2013
5969,504,2079,4333,2013-11-16,2013
5970,504,237,1090,2013-11-16,2013
5970,504,1090,237,2013-11-16,2013
5971,504,653,1043,2013-11-16,2013
5971,504,1043,653,2013-11-16,2013
5972,504,2207,1642,2013-11-16,2013
5972,504,1642,2207,2013-11-16,2013
5973,504,3872,1064,2013-11-16,2013
5973,504,1064,3872,2013-11-16,2013
5974,504,3084,1205,2013-11-16,2013
5974,504,1205,3084,2013-11-16,2013
5975,504,1668,2148,2013-11-16,2013
5975,504,2148,1668,2013-11-16,2013
5976,504,3114,579,2013-11-16,2013
5976,504,579,3114,2013-11-16,2013
5977,504,4182,993,2013-11-16,2013
5977,504,993,4182,2013-11-16,2013
5978,505,319,1628,2013-11-09,2013
5978,505,1628,319,2013-11-09,2013
5979,505,1191,3547,2013-11-09,2013
5979,505,3547,1191,2013-11-09,2013
5980,505,643,3155,2013-11-09,2013
5980,505,3155,643,2013-11-09,2013
5981,505,3995,3998,2013-11-09,2013
5981,505,3998,3995,2013-11-09,2013
5982,505,2128,3160,2013-11-09,2013
5982,505,3160,2128,2013-11-09,2013
5983,505,3852,1838,2013-11-09,2013
5983,505,1838,3852,2013-11-09,2013
5984,505,3671,3073,2013-11-09,2013
5984,505,3073,3671,2013-11-09,2013
5985,505,40,3095,2013-11-09,2013
5985,505,3095,40,2013-11-09,2013
5986,505,3964,3474,2013-11-09,2013
5986,505,3474,3964,2013-11-09,2013
5987,505,2459,815,2013-11-09,2013
5987,505,815,2459,2013-11-09,2013
5988,505,2951,2415,2013-11-09,2013
5988,505,2415,2951,2013-11-09,2013
5989,506,1995,2803,2013-11-06,2013
5989,506,2803,1995,2013-11-06,2013
5990,506,885,608,2013-11-06,2013
5990,506,608,885,2013-11-06,2013
5991,506,3394,2419,2013-11-06,2013
5991,506,2419,3394,2013-11-06,2013
5992,506,2005,2469,2013-11-06,2013
5992,506,2469,2005,2013-11-06,2013
5993,506,676,3753,2013-11-06,2013
5993,506,3753,676,2013-11-06,2013
5994,506,1486,2089,2013-11-06,2013
5994,506,2089,1486,2013-11-06,2013
5995,506,3328,3403,2013-11-06,2013
5995,506,3403,3328,2013-11-06,2013
5996,506,343,3674,2013-11-06,2013
5996,506,3674,343,2013-11-06,2013
5997,506,2878,908,2013-11-06,2013
5997,506,908,2878,2013-11-06,2013
5998,506,2151,567,2013-11-06,2013
5998,506,567,2151,2013-11-06,2013
6000,506,232,2364,2013-11-06,2013
6000,506,2364,232,2013-11-06,2013
6001,506,496,1734,2013-11-06,2013
6001,506,1734,496,2013-11-06,2013
6002,507,2345,2740,2013-10-26,2013
6002,507,2740,2345,2013-10-26,2013
6004,507,2411,1860,2013-10-26,2013
6004,507,1860,2411,2013-10-26,2013
6005,507,3016,4067,2013-10-26,2013
6005,507,4067,3016,2013-10-26,2013
6006,507,2764,3468,2013-10-26,2013
6006,507,3468,2764,2013-10-26,2013
6007,507,2262,1584,2013-10-26,2013
6007,507,1584,2262,2013-10-26,2013
6008,507,1765,1551,2013-10-26,2013
6008,507,1551,1765,2013-10-26,2013
6009,507,269,800,2013-10-26,2013
6009,507,800,269,2013-10-26,2013
6010,507,144,3633,2013-10-26,2013
6010,507,3633,144,2013-10-26,2013
6011,507,2606,2908,2013-10-26,2013
6011,507,2908,2606,2013-10-26,2013
6012,507,1662,4281,2013-10-26,2013
6012,507,4281,1662,2013-10-26,2013
6013,507,3600,2099,2013-10-26,2013
6013,507,2099,3600,2013-10-26,2013
6014,508,4149,996,2013-10-19,2013
6014,508,996,4149,2013-10-19,2013
6015,508,766,2818,2013-10-19,2013
6015,508,2818,766,2013-10-19,2013
6016,508,2562,3493,2013-10-19,2013
6016,508,3493,2562,2013-10-19,2013
6017,508,1421,1914,2013-10-19,2013
6017,508,1914,1421,2013-10-19,2013
6018,508,982,2668,2013-10-19,2013
6018,508,2668,982,2013-10-19,2013
6019,508,393,987,2013-10-19,2013
6019,508,987,393,2013-10-19,2013
6020,508,2280,2424,2013-10-19,2013
6020,508,2424,2280,2013-10-19,2013
6022,508,2867,3796,2013-10-19,2013
6022,508,3796,2867,2013-10-19,2013
6023,508,121,4210,2013-10-19,2013
6023,508,4210,121,2013-10-19,2013
6024,508,1181,3319,2013-10-19,2013
6024,508,3319,1181,2013-10-19,2013
6025,508,1209,2152,2013-10-19,2013
6025,508,2152,1209,2013-10-19,2013
6026,508,1722,2984,2013-10-19,2013
6026,508,2984,1722,2013-10-19,2013
6027,509,3654,2379,2013-10-09,2013
6027,509,2379,3654,2013-10-09,2013
6028,509,2019,3688,2013-10-09,2013
6028,509,3688,2019,2013-10-09,2013
6029,509,3680,1559,2013-10-09,2013
6029,509,1559,3680,2013-10-09,2013
6030,509,2390,323,2013-10-09,2013
6030,509,323,2390,2013-10-09,2013
6031,509,2995,3137,2013-10-09,2013
6031,509,3137,2995,2013-10-09,2013
6032,509,209,966,2013-10-09,2013
6032,509,966,209,2013-10-09,2013
6033,509,170,58,2013-10-09,2013
6033,509,58,170,2013-10-09,2013
6034,509,548,2635,2013-10-09,2013
6034,509,2635,548,2013-10-09,2013
6035,509,601,3530,2013-10-09,2013
6035,509,3530,601,2013-10-09,2013
6036,509,3035,4283,2013-10-09,2013
6036,509,4283,3035,2013-10-09,2013
6037,510,1893,1528,2013-09-21,2013
6037,510,1528,1893,2013-09-21,2013
6038,510,258,4317,2013-09-21,2013
6038,510,4317,258,2013-09-21,2013
6039,510,3577,2643,2013-09-21,2013
6039,510,2643,3577,2013-09-21,2013
6040,510,607,3119,2013-09-21,2013
6040,510,3119,607,2013-09-21,2013
6041,510,2883,1615,2013-09-21,2013
6041,510,1615,2883,2013-09-21,2013
6042,510,1939,3299,2013-09-21,2013
6042,510,3299,1939,2013-09-21,2013
6043,510,3271,2575,2013-09-21,2013
6043,510,2575,3271,2013-09-21,2013
6044,510,4008,715,2013-09-21,2013
6044,510,715,4008,2013-09-21,2013
6045,510,1309,2036,2013-09-21,2013
6045,510,2036,1309,2013-09-21,2013
6046,510,2384,1248,2013-09-21,2013
6046,510,1248,2384,2013-09-21,2013
6047,510,3177,3402,2013-09-21,2013
6047,510,3402,3177,2013-09-21,2013
6048,510,551,925,2013-09-21,2013
6048,510,925,551,2013-09-21,2013
6049,510,2941,1509,2013-09-21,2013
6049,510,1509,2941,2013-09-21,2013
6050,511,3978,234,2013-09-04,2013
6050,511,234,3978,2013-09-04,2013
6051,511,3805,2913,2013-09-04,2013
6051,511,2913,3805,2013-09-04,2013
6052,511,325,1246,2013-09-04,2013
6052,511,1246,325,2013-09-04,2013
6053,511,1551,4056,2013-09-04,2013
6053,511,4056,1551,2013-09-04,2013
6054,511,2803,4060,2013-09-04,2013
6054,511,4060,2803,2013-09-04,2013
6055,511,237,4191,2013-09-04,2013
6055,511,4191,237,2013-09-04,2013
6056,511,3806,169,2013-09-04,2013
6056,511,169,3806,2013-09-04,2013
6057,511,2460,1647,2013-09-04,2013
6057,511,1647,2460,2013-09-04,2013
6058,511,3714,4420,2013-09-04,2013
6058,511,4420,3714,2013-09-04,2013
6059,511,1915,4321,2013-09-04,2013
6059,511,4321,1915,2013-09-04,2013
6060,511,3818,4189,2013-09-04,2013
6060,511,4189,3818,2013-09-04,2013
6061,512,3113,1629,2013-08-31,2013
6061,512,1629,3113,2013-08-31,2013
6062,512,273,2625,2013-08-31,2013
6062,512,2625,273,2013-08-31,2013
6063,512,2568,1513,2013-08-31,2013
6063,512,1513,2568,2013-08-31,2013
6064,512,3418,4156,2013-08-31,2013
6064,512,4156,3418,2013-08-31,2013
6065,512,3154,2062,2013-08-31,2013
6065,512,2062,3154,2013-08-31,2013
6066,512,4013,4138,2013-08-31,2013
6066,512,4138,4013,2013-08-31,2013
6067,512,1090,1352,2013-08-31,2013
6067,512,1352,1090,2013-08-31,2013
6068,512,2251,2090,2013-08-31,2013
6068,512,2090,2251,2013-08-31,2013
6069,512,581,1960,2013-08-31,2013
6069,512,1960,581,2013-08-31,2013
6070,512,2994,2094,2013-08-31,2013
6070,512,2094,2994,2013-08-31,2013
6071,512,1765,794,2013-08-31,2013
6071,512,794,1765,2013-08-31,2013
6072,512,646,1563,2013-08-31,2013
6072,512,1563,646,2013-08-31,2013
6073,513,743,1953,2013-08-28,2013
6073,513,1953,743,2013-08-28,2013
6074,513,995,653,2013-08-28,2013
6074,513,653,995,2013-08-28,2013
6075,513,1348,2560,2013-08-28,2013
6075,513,2560,1348,2013-08-28,2013
6076,513,2521,4286,2013-08-28,2013
6076,513,4286,2521,2013-08-28,2013
6077,513,2651,3084,2013-08-28,2013
6077,513,3084,2651,2013-08-28,2013
6078,513,3966,2511,2013-08-28,2013
6078,513,2511,3966,2013-08-28,2013
6079,513,148,11,2013-08-28,2013
6079,513,11,148,2013-08-28,2013
6080,513,3995,1071,2013-08-28,2013
6080,513,1071,3995,2013-08-28,2013
6081,513,1087,1679,2013-08-28,2013
6081,513,1679,1087,2013-08-28,2013
6082,513,1668,1614,2013-08-28,2013
6082,513,1614,1668,2013-08-28,2013
6083,513,827,89,2013-08-28,2013
6083,513,89,827,2013-08-28,2013
6085,514,3785,3430,2013-08-17,2013
6085,514,3430,3785,2013-08-17,2013
6086,514,489,2965,2013-08-17,2013
6086,514,2965,489,2013-08-17,2013
6087,514,1156,57,2013-08-17,2013
6087,514,57,1156,2013-08-17,2013
6088,514,478,3201,2013-08-17,2013
6088,514,3201,478,2013-08-17,2013
6089,514,1736,1548,2013-08-17,2013
6089,514,1548,1736,2013-08-17,2013
6090,514,1876,2160,2013-08-17,2013
6090,514,2160,1876,2013-08-17,2013
6091,514,2514,3131,2013-08-17,2013
6091,514,3131,2514,2013-08-17,2013
6092,514,2526,1696,2013-08-17,2013
6092,514,1696,2526,2013-08-17,2013
6093,514,3674,479,2013-08-17,2013
6093,514,479,3674,2013-08-17,2013
6094,514,449,3144,2013-08-17,2013
6094,514,3144,449,2013-08-17,2013
6095,514,1323,2606,2013-08-17,2013
6095,514,2606,1323,2013-08-17,2013
6096,514,3464,993,2013-08-17,2013
6096,514,993,3464,2013-08-17,2013
6097,514,4172,2843,2013-08-17,2013
6097,514,2843,4172,2013-08-17,2013
6098,515,64,1935,2013-08-03,2013
6098,515,1935,64,2013-08-03,2013
6099,515,881,2345,2013-08-03,2013
6099,515,2345,881,2013-08-03,2013
6100,515,1191,3532,2013-08-03,2013
6100,515,3532,1191,2013-08-03,2013
6101,515,2207,4256,2013-08-03,2013
6101,515,4256,2207,2013-08-03,2013
6102,515,2262,2415,2013-08-03,2013
6102,515,2415,2262,2013-08-03,2013
6103,515,3094,2357,2013-08-03,2013
6103,515,2357,3094,2013-08-03,2013
6104,515,2878,1307,2013-08-03,2013
6104,515,1307,2878,2013-08-03,2013
6105,515,2685,2364,2013-08-03,2013
6105,515,2364,2685,2013-08-03,2013
6106,515,2500,3530,2013-08-03,2013
6106,515,3530,2500,2013-08-03,2013
6107,515,4354,718,2013-08-03,2013
6107,515,718,4354,2013-08-03,2013
6108,515,286,2924,2013-08-03,2013
6108,515,2924,286,2013-08-03,2013
6109,515,145,2462,2013-08-03,2013
6109,515,2462,145,2013-08-03,2013
6110,516,1875,2688,2013-07-27,2013
6110,516,2688,1875,2013-07-27,2013
6111,516,2338,1088,2013-07-27,2013
6111,516,1088,2338,2013-07-27,2013
6112,516,2166,4195,2013-07-27,2013
6112,516,4195,2166,2013-07-27,2013
6113,516,608,144,2013-07-27,2013
6113,516,144,608,2013-07-27,2013
6114,516,2469,676,2013-07-27,2013
6114,516,676,2469,2013-07-27,2013
6115,516,636,2544,2013-07-27,2013
6115,516,2544,636,2013-07-27,2013
6116,516,1515,871,2013-07-27,2013
6116,516,871,1515,2013-07-27,2013
6117,516,815,1070,2013-07-27,2013
6117,516,1070,815,2013-07-27,2013
6118,516,1642,3751,2013-07-27,2013
6118,516,3751,1642,2013-07-27,2013
6119,516,908,1984,2013-07-27,2013
6119,516,1984,908,2013-07-27,2013
6120,516,3474,3312,2013-07-27,2013
6120,516,3312,3474,2013-07-27,2013
6121,516,2585,51,2013-07-27,2013
6121,516,51,2585,2013-07-27,2013
6122,517,4265,3678,2013-07-06,2013
6122,517,3678,4265,2013-07-06,2013
6123,517,1067,2922,2013-07-06,2013
6123,517,2922,1067,2013-07-06,2013
6124,517,1995,1468,2013-07-06,2013
6124,517,1468,1995,2013-07-06,2013
6125,517,2740,393,2013-07-06,2013
6125,517,393,2740,2013-07-06,2013
6126,517,3913,3735,2013-07-06,2013
6126,517,3735,3913,2013-07-06,2013
6127,517,800,2182,2013-07-06,2013
6127,517,2182,800,2013-07-06,2013
6128,517,3016,4027,2013-07-06,2013
6128,517,4027,3016,2013-07-06,2013
6129,517,1421,1643,2013-07-06,2013
6129,517,1643,1421,2013-07-06,2013
6130,517,265,2921,2013-07-06,2013
6130,517,2921,265,2013-07-06,2013
6131,517,2560,232,2013-07-06,2013
6131,517,232,2560,2013-07-06,2013
6132,517,3137,2635,2013-07-06,2013
6132,517,2635,3137,2013-07-06,2013
6133,518,1143,1628,2013-06-15,2013
6133,518,1628,1143,2013-06-15,2013
6134,518,2624,2818,2013-06-15,2013
6134,518,2818,2624,2013-06-15,2013
6135,518,1860,3155,2013-06-15,2013
6135,518,3155,1860,2013-06-15,2013
6136,518,885,3633,2013-06-15,2013
6136,518,3633,885,2013-06-15,2013
6137,518,1914,287,2013-06-15,2013
6137,518,287,1914,2013-06-15,2013
6138,518,3654,4333,2013-06-15,2013
6138,518,4333,3654,2013-06-15,2013
6139,518,2089,3876,2013-06-15,2013
6139,518,3876,2089,2013-06-15,2013
6140,518,3140,3349,2013-06-15,2013
6140,518,3349,3140,2013-06-15,2013
6141,518,925,1205,2013-06-15,2013
6141,518,1205,925,2013-06-15,2013
6142,518,713,2373,2013-06-15,2013
6142,518,2373,713,2013-06-15,2013
6143,518,1813,2984,2013-06-15,2013
6143,518,2984,1813,2013-06-15,2013
6144,519,4270,2859,2013-06-08,2013
6144,519,2859,4270,2013-06-08,2013
6145,519,3531,2335,2013-06-08,2013
6145,519,2335,3531,2013-06-08,2013
6146,519,3680,643,2013-06-08,2013
6146,519,643,3680,2013-06-08,2013
6147,519,3688,1668,2013-06-08,2013
6147,519,1668,3688,2013-06-08,2013
6148,519,3547,2570,2013-06-08,2013
6148,519,2570,3547,2013-06-08,2013
6149,519,1838,4295,2013-06-08,2013
6149,519,4295,1838,2013-06-08,2013
6150,519,209,2195,2013-06-08,2013
6150,519,2195,209,2013-06-08,2013
6151,519,169,3073,2013-06-08,2013
6151,519,3073,169,2013-06-08,2013
6152,519,58,3689,2013-06-08,2013
6152,519,3689,58,2013-06-08,2013
6153,519,859,1682,2013-06-08,2013
6153,519,1682,859,2013-06-08,2013
6154,519,2359,4152,2013-06-08,2013
6154,519,4152,2359,2013-06-08,2013
6155,519,2823,3752,2013-06-08,2013
6155,519,3752,2823,2013-06-08,2013
6156,520,4149,3686,2013-05-25,2013
6156,520,3686,4149,2013-05-25,2013
6157,520,996,1758,2013-05-25,2013
6157,520,1758,996,2013-05-25,2013
6158,520,3978,3975,2013-05-25,2013
6158,520,3975,3978,2013-05-25,2013
6159,520,1476,2492,2013-05-25,2013
6159,520,2492,1476,2013-05-25,2013
6160,520,653,2867,2013-05-25,2013
6160,520,2867,653,2013-05-25,2013
6161,520,3201,3872,2013-05-25,2013
6161,520,3872,3201,2013-05-25,2013
6162,520,343,1696,2013-05-25,2013
6162,520,1696,343,2013-05-25,2013
6163,520,4286,3753,2013-05-25,2013
6163,520,3753,4286,2013-05-25,2013
6164,520,2883,4063,2013-05-25,2013
6164,520,4063,2883,2013-05-25,2013
6165,520,4008,529,2013-05-25,2013
6165,520,529,4008,2013-05-25,2013
6166,520,3403,434,2013-05-25,2013
6166,520,434,3403,2013-05-25,2013
6167,520,3852,3044,2013-05-25,2013
6167,520,3044,3852,2013-05-25,2013
6168,521,319,3362,2013-05-18,2013
6168,521,3362,319,2013-05-18,2013
6169,521,3805,567,2013-05-18,2013
6169,521,567,3805,2013-05-18,2013
6170,521,995,1043,2013-05-18,2013
6170,521,1043,995,2013-05-18,2013
6171,521,2803,4420,2013-05-18,2013
6171,521,4420,2803,2013-05-18,2013
6172,521,2216,951,2013-05-18,2013
6172,521,951,2216,2013-05-18,2013
6173,521,4056,3319,2013-05-18,2013
6173,521,3319,4056,2013-05-18,2013
6174,521,4013,687,2013-05-18,2013
6174,521,687,4013,2013-05-18,2013
6175,521,3998,3177,2013-05-18,2013
6175,521,3177,3998,2013-05-18,2013
6176,521,57,3530,2013-05-18,2013
6176,521,3530,57,2013-05-18,2013
6177,521,2390,1695,2013-05-18,2013
6177,521,1695,2390,2013-05-18,2013
6178,521,2262,1346,2013-05-18,2013
6178,521,1346,2262,2013-05-18,2013
6179,521,1246,601,2013-05-18,2013
6179,521,601,1246,2013-05-18,2013
6180,521,2460,2152,2013-05-18,2013
6180,521,2152,2460,2013-05-18,2013
6181,522,1893,3785,2013-04-27,2013
6181,522,3785,1893,2013-04-27,2013
6182,522,367,318,2013-04-27,2013
6182,522,318,367,2013-04-27,2013
6183,522,2818,2073,2013-04-27,2013
6183,522,2073,2818,2013-04-27,2013
6184,522,881,2357,2013-04-27,2013
6184,522,2357,881,2013-04-27,2013
6186,522,2005,2545,2013-04-27,2013
6186,522,2545,2005,2013-04-27,2013
6187,522,3464,4182,2013-04-27,2013
6187,522,4182,3464,2013-04-27,2013
6188,522,2538,1307,2013-04-27,2013
6188,522,1307,2538,2013-04-27,2013
6189,522,597,310,2013-04-27,2013
6189,522,310,597,2013-04-27,2013
6190,522,2533,1334,2013-04-27,2013
6190,522,1334,2533,2013-04-27,2013
6191,522,3674,1703,2013-04-27,2013
6191,522,1703,3674,2013-04-27,2013
6192,523,1629,2562,2013-04-20,2013
6192,523,2562,1629,2013-04-20,2013
6193,523,766,2625,2013-04-20,2013
6193,523,2625,766,2013-04-20,2013
6194,523,4009,956,2013-04-20,2013
6194,523,956,4009,2013-04-20,2013
6195,523,478,2558,2013-04-20,2013
6195,523,2558,478,2013-04-20,2013
6196,523,2568,1087,2013-04-20,2013
6196,523,1087,2568,2013-04-20,2013
6197,523,607,2151,2013-04-20,2013
6197,523,2151,607,2013-04-20,2013
6198,523,1939,2843,2013-04-20,2013
6198,523,2843,1939,2013-04-20,2013
6199,523,325,4108,2013-04-20,2013
6199,523,4108,325,2013-04-20,2013
6200,523,2469,2544,2013-04-20,2013
6200,523,2544,2469,2013-04-20,2013
6201,523,966,4168,2013-04-20,2013
6201,523,4168,966,2013-04-20,2013
6202,523,2853,435,2013-04-20,2013
6202,523,435,2853,2013-04-20,2013
6203,523,3394,3840,2013-04-20,2013
6203,523,3840,3394,2013-04-20,2013
6204,524,1156,1916,2013-04-13,2013
6204,524,1916,1156,2013-04-13,2013
6205,524,1348,1548,2013-04-13,2013
6205,524,1548,1348,2013-04-13,2013
6206,524,4442,3961,2013-04-13,2013
6206,524,3961,4442,2013-04-13,2013
6207,524,489,1421,2013-04-13,2013
6207,524,1421,489,2013-04-13,2013
6208,524,2511,3754,2013-04-13,2013
6208,524,3754,2511,2013-04-13,2013
6209,524,3488,627,2013-04-13,2013
6209,524,627,3488,2013-04-13,2013
6210,524,269,1590,2013-04-13,2013
6210,524,1590,269,2013-04-13,2013
6211,524,148,3209,2013-04-13,2013
6211,524,3209,148,2013-04-13,2013
6212,524,1660,2462,2013-04-13,2013
6212,524,2462,1660,2013-04-13,2013
6213,524,2606,2992,2013-04-13,2013
6213,524,2992,2606,2013-04-13,2013
6214,524,381,3671,2013-04-13,2013
6214,524,3671,381,2013-04-13,2013
6215,524,3144,2168,2013-04-13,2013
6215,524,2168,3144,2013-04-13,2013
6216,525,2723,2156,2013-04-06,2013
6216,525,2156,2723,2013-04-06,2013
6217,525,3049,794,2013-04-06,2013
6217,525,794,3049,2013-04-06,2013
6218,525,2643,896,2013-04-06,2013
6218,525,896,2643,2013-04-06,2013
6219,525,3131,1060,2013-04-06,2013
6219,525,1060,3131,2013-04-06,2013
6220,525,449,1345,2013-04-06,2013
6220,525,1345,449,2013-04-06,2013
6221,525,763,3075,2013-04-06,2013
6221,525,3075,763,2013-04-06,2013
6222,525,2349,1876,2013-04-06,2013
6222,525,1876,2349,2013-04-06,2013
6223,525,4060,649,2013-04-06,2013
6223,525,649,4060,2013-04-06,2013
6224,525,121,3812,2013-04-06,2013
6224,525,3812,121,2013-04-06,2013
6225,525,2526,463,2013-04-06,2013
6225,525,463,2526,2013-04-06,2013
6226,525,2128,89,2013-04-06,2013
6226,525,89,2128,2013-04-06,2013
6227,525,2167,2099,2013-04-06,2013
6227,525,2099,2167,2013-04-06,2013
6228,525,11,4403,2013-04-06,2013
6228,525,4403,11,2013-04-06,2013
6229,526,3830,955,2013-03-16,2013
6229,526,955,3830,2013-03-16,2013
6230,526,1632,743,2013-03-16,2013
6230,526,743,1632,2013-03-16,2013
6231,526,1088,2424,2013-03-16,2013
6231,526,2424,1088,2013-03-16,2013
6232,526,567,3317,2013-03-16,2013
6232,526,3317,567,2013-03-16,2013
6233,526,3299,1225,2013-03-16,2013
6233,526,1225,3299,2013-03-16,2013
6234,526,787,4195,2013-03-16,2013
6234,526,4195,787,2013-03-16,2013
6235,526,1087,623,2013-03-16,2013
6235,526,623,1087,2013-03-16,2013
6236,526,2558,2604,2013-03-16,2013
6236,526,2604,2558,2013-03-16,2013
6237,526,2384,815,2013-03-16,2013
6237,526,815,2384,2013-03-16,2013
6238,526,3872,2732,2013-03-16,2013
6238,526,2732,3872,2013-03-16,2013
6239,526,966,3952,2013-03-16,2013
6239,526,3952,966,2013-03-16,2013
6240,526,3403,1047,2013-03-16,2013
6240,526,1047,3403,2013-03-16,2013
6241,527,3679,3836,2013-03-02,2013
6241,527,3836,3679,2013-03-02,2013
6242,527,1758,3886,2013-03-02,2013
6242,527,3886,1758,2013-03-02,2013
6243,527,3493,1418,2013-03-02,2013
6243,527,1418,3493,2013-03-02,2013
6244,527,2913,2280,2013-03-02,2013
6244,527,2280,2913,2013-03-02,2013
6245,527,4354,1682,2013-03-02,2013
6245,527,1682,4354,2013-03-02,2013
6246,527,2019,240,2013-03-02,2013
6246,527,240,2019,2013-03-02,2013
6247,527,3966,1294,2013-03-02,2013
6247,527,1294,3966,2013-03-02,2013
6248,527,2651,597,2013-03-02,2013
6248,527,597,2651,2013-03-02,2013
6249,527,4027,2413,2013-03-02,2013
6249,527,2413,4027,2013-03-02,2013
6251,527,2251,1517,2013-03-02,2013
6251,527,1517,2251,2013-03-02,2013
6252,528,3421,608,2013-02-23,2013
6252,528,608,3421,2013-02-23,2013
6253,528,2345,1628,2013-02-23,2013
6253,528,1628,2345,2013-02-23,2013
6254,528,1156,2575,2013-02-23,2013
6254,528,2575,1156,2013-02-23,2013
6255,528,2521,2814,2013-02-23,2013
6255,528,2814,2521,2013-02-23,2013
6256,528,2166,2079,2013-02-23,2013
6256,528,2079,2166,2013-02-23,2013
6257,528,3577,1874,2013-02-23,2013
6257,528,1874,3577,2013-02-23,2013
6258,528,676,2100,2013-02-23,2013
6258,528,2100,676,2013-02-23,2013
6259,528,343,1490,2013-02-23,2013
6259,528,1490,343,2013-02-23,2013
6260,528,3876,1236,2013-02-23,2013
6260,528,1236,3876,2013-02-23,2013
6261,528,3349,1836,2013-02-23,2013
6261,528,1836,3349,2013-02-23,2013
6262,528,2364,2406,2013-02-23,2013
6262,528,2406,2364,2013-02-23,2013
6263,528,529,4189,2013-02-23,2013
6263,528,4189,529,2013-02-23,2013
6264,529,258,2514,2013-02-16,2013
6264,529,2514,258,2013-02-16,2013
6265,529,3913,3154,2013-02-16,2013
6265,529,3154,3913,2013-02-16,2013
6266,529,2411,944,2013-02-16,2013
6266,529,944,2411,2013-02-16,2013
6267,529,2819,3520,2013-02-16,2013
6267,529,3520,2819,2013-02-16,2013
6268,529,3975,1860,2013-02-16,2013
6268,529,1860,3975,2013-02-16,2013
6270,529,1248,1138,2013-02-16,2013
6270,529,1138,1248,2013-02-16,2013
6271,529,636,3555,2013-02-16,2013
6271,529,3555,636,2013-02-16,2013
6272,529,2908,1500,2013-02-16,2013
6272,529,1500,2908,2013-02-16,2013
6273,529,4256,2813,2013-02-16,2013
6273,529,2813,4256,2013-02-16,2013
6274,529,2195,3992,2013-02-16,2013
6274,529,3992,2195,2013-02-16,2013
6275,529,1584,1412,2013-02-16,2013
6275,529,1412,1584,2013-02-16,2013
6276,530,64,1067,2013-02-02,2013
6276,530,1067,64,2013-02-02,2013
6277,530,2860,1143,2013-02-02,2013
6277,530,1143,2860,2013-02-02,2013
6278,530,3686,2965,2013-02-02,2013
6278,530,2965,3686,2013-02-02,2013
6279,530,2379,1222,2013-02-02,2013
6279,530,1222,2379,2013-02-02,2013
6280,530,325,2500,2013-02-02,2013
6280,530,2500,325,2013-02-02,2013
6281,530,1043,4013,2013-02-02,2013
6281,530,4013,1043,2013-02-02,2013
6282,530,4333,1665,2013-02-02,2013
6282,530,1665,4333,2013-02-02,2013
6283,530,1486,4199,2013-02-02,2013
6283,530,4199,1486,2013-02-02,2013
6284,530,4123,1070,2013-02-02,2013
6284,530,1070,4123,2013-02-02,2013
6285,530,2036,581,2013-02-02,2013
6285,530,581,2036,2013-02-02,2013
6286,530,3328,1205,2013-02-02,2013
6286,530,1205,3328,2013-02-02,2013
6287,531,1875,982,2013-01-26,2013
6287,531,982,1875,2013-01-26,2013
6288,531,3978,1816,2013-01-26,2013
6288,531,1816,3978,2013-01-26,2013
6289,531,3113,653,2013-01-26,2013
6289,531,653,3113,2013-01-26,2013
6290,531,2137,2062,2013-01-26,2013
6290,531,2062,2137,2013-01-26,2013
6291,531,1476,4316,2013-01-26,2013
6291,531,4316,1476,2013-01-26,2013
6292,531,1513,1679,2013-01-26,2013
6292,531,1679,1513,2013-01-26,2013
6293,531,2090,3888,2013-01-26,2013
6293,531,3888,2090,2013-01-26,2013
6294,531,234,2485,2013-01-26,2013
6294,531,2485,234,2013-01-26,2013
6295,531,1914,3442,2013-01-26,2013
6295,531,3442,1914,2013-01-26,2013
6296,531,2803,3818,2013-01-26,2013
6296,531,3818,2803,2013-01-26,2013
6297,531,2635,4010,2013-01-26,2013
6297,531,4010,2635,2013-01-26,2013
6298,532,319,367,2013-01-19,2013
6298,532,367,319,2013-01-19,2013
6299,532,987,3547,2013-01-19,2013
6299,532,3547,987,2013-01-19,2013
6300,532,1421,3418,2013-01-19,2013
6300,532,3418,1421,2013-01-19,2013
6301,532,2883,3964,2013-01-19,2013
6301,532,3964,2883,2013-01-19,2013
6302,532,3073,4175,2013-01-19,2013
6302,532,4175,3073,2013-01-19,2013
6303,532,2419,800,2013-01-19,2013
6303,532,800,2419,2013-01-19,2013
6304,532,2216,2877,2013-01-19,2013
6304,532,2877,2216,2013-01-19,2013
6305,532,265,2460,2013-01-19,2013
6305,532,2460,265,2013-01-19,2013
6307,532,58,3171,2013-01-19,2013
6307,532,3171,58,2013-01-19,2013
6308,532,4056,1987,2013-01-19,2013
6308,532,1987,4056,2013-01-19,2013
6309,533,4149,996,2012-12-29,2012
6309,533,996,4149,2012-12-29,2012
6310,533,2605,2160,2012-12-29,2012
6310,533,2160,2605,2012-12-29,2012
6311,533,3119,393,2012-12-29,2012
6311,533,393,3119,2012-12-29,2012
6312,533,2913,318,2012-12-29,2012
6312,533,318,2913,2012-12-29,2012
6313,533,496,2182,2012-12-29,2012
6313,533,2182,496,2012-12-29,2012
6314,533,4317,3131,2012-12-29,2012
6314,533,3131,4317,2012-12-29,2012
6315,533,3084,386,2012-12-29,2012
6315,533,386,3084,2012-12-29,2012
6316,533,4138,1515,2012-12-29,2012
6316,533,1515,4138,2012-12-29,2012
6317,533,1939,1876,2012-12-29,2012
6317,533,1876,1939,2012-12-29,2012
6318,533,1031,896,2012-12-29,2012
6318,533,896,1031,2012-12-29,2012
6319,533,1696,1334,2012-12-29,2012
6319,533,1334,1696,2012-12-29,2012
6320,533,2688,601,2012-12-29,2012
6320,533,601,2688,2012-12-29,2012
6321,534,2818,2643,2012-12-15,2012
6321,534,2643,2818,2012-12-15,2012
6322,534,3753,3299,2012-12-15,2012
6322,534,3299,3753,2012-12-15,2012
6323,534,287,915,2012-12-15,2012
6323,534,915,287,2012-12-15,2012
6324,534,3154,473,2012-12-15,2012
6324,534,473,3154,2012-12-15,2012
6325,534,3201,1614,2012-12-15,2012
6325,534,1614,3201,2012-12-15,2012
6326,534,310,4191,2012-12-15,2012
6326,534,4191,310,2012-12-15,2012
6327,534,2005,3130,2012-12-15,2012
6327,534,3130,2005,2012-12-15,2012
6328,534,4210,640,2012-12-15,2012
6328,534,640,4210,2012-12-15,2012
6329,534,4168,1047,2012-12-15,2012
6329,534,1047,4168,2012-12-15,2012
6330,534,3319,725,2012-12-15,2012
6330,534,725,3319,2012-12-15,2012
6331,534,1090,3002,2012-12-15,2012
6331,534,3002,1090,2012-12-15,2012
6332,535,3049,3796,2012-12-14,2012
6332,535,3796,3049,2012-12-14,2012
6333,535,4286,3600,2012-12-14,2012
6333,535,3600,4286,2012-12-14,2012
6334,535,3016,1225,2012-12-14,2012
6334,535,1225,3016,2012-12-14,2012
6335,535,2280,2995,2012-12-14,2012
6335,535,2995,2280,2012-12-14,2012
6336,535,2568,2585,2012-12-14,2012
6336,535,2585,2568,2012-12-14,2012
6338,535,3137,232,2012-12-14,2012
6338,535,232,3137,2012-12-14,2012
6339,535,89,3369,2012-12-14,2012
6339,535,3369,89,2012-12-14,2012
6340,535,4295,2300,2012-12-14,2012
6340,535,2300,4295,2012-12-14,2012
6341,535,993,3068,2012-12-14,2012
6341,535,3068,993,2012-12-14,2012
6342,536,1629,956,2012-12-08,2012
6342,536,956,1629,2012-12-08,2012
6343,536,1528,3430,2012-12-08,2012
6343,536,3430,1528,2012-12-08,2012
6344,536,2338,3066,2012-12-08,2012
6344,536,3066,2338,2012-12-08,2012
6345,536,478,3914,2012-12-08,2012
6345,536,3914,478,2012-12-08,2012
6346,536,1070,3852,2012-12-08,2012
6346,536,3852,1070,2012-12-08,2012
6347,536,209,1060,2012-12-08,2012
6347,536,1060,209,2012-12-08,2012
6348,536,2843,3187,2012-12-08,2012
6348,536,3187,2843,2012-12-08,2012
6349,536,815,2448,2012-12-08,2012
6349,536,2448,815,2012-12-08,2012
6350,536,4063,2229,2012-12-08,2012
6350,536,2229,4063,2012-12-08,2012
6351,536,3735,3118,2012-12-08,2012
6351,536,3118,3735,2012-12-08,2012
6352,536,1916,51,2012-12-08,2012
6352,536,51,1916,2012-12-08,2012
6353,537,3830,743,2012-11-17,2012
6353,537,743,3830,2012-11-17,2012
6354,537,1632,1953,2012-11-17,2012
6354,537,1953,1632,2012-11-17,2012
6355,537,607,2167,2012-11-17,2012
6355,537,2167,607,2012-11-17,2012
6356,537,995,389,2012-11-17,2012
6356,537,389,995,2012-11-17,2012
6357,537,1345,1709,2012-11-17,2012
6357,537,1709,1345,2012-11-17,2012
6358,537,787,3468,2012-11-17,2012
6358,537,3468,787,2012-11-17,2012
6359,537,944,1495,2012-11-17,2012
6359,537,1495,944,2012-11-17,2012
6360,537,2384,3876,2012-11-17,2012
6360,537,3876,2384,2012-11-17,2012
6361,537,623,859,2012-11-17,2012
6361,537,859,623,2012-11-17,2012
6362,537,3309,2373,2012-11-17,2012
6362,537,2373,3309,2012-11-17,2012
6363,537,2575,1346,2012-11-17,2012
6363,537,1346,2575,2012-11-17,2012
6364,537,1087,3674,2012-11-17,2012
6364,537,3674,1087,2012-11-17,2012
6365,538,2176,1260,2012-11-10,2012
6365,538,1260,2176,2012-11-10,2012
6367,538,2019,3998,2012-11-10,2012
6367,538,3998,2019,2012-11-10,2012
6368,538,1418,871,2012-11-10,2012
6368,538,871,1418,2012-11-10,2012
6369,538,4067,4426,2012-11-10,2012
6369,538,4426,4067,2012-11-10,2012
6370,538,2651,1731,2012-11-10,2012
6370,538,1731,2651,2012-11-10,2012
6371,538,551,3992,2012-11-10,2012
6371,538,3992,551,2012-11-10,2012
6372,538,2262,4104,2012-11-10,2012
6372,538,4104,2262,2012-11-10,2012
6373,538,1294,912,2012-11-10,2012
6373,538,912,1294,2012-11-10,2012
6374,539,3678,410,2012-10-13,2012
6374,539,410,3678,2012-10-13,2012
6375,539,2859,1643,2012-10-13,2012
6375,539,1643,2859,2012-10-13,2012
6376,539,3978,2390,2012-10-13,2012
6376,539,2390,3978,2012-10-13,2012
6377,539,1222,3688,2012-10-13,2012
6377,539,3688,1222,2012-10-13,2012
6378,539,881,3171,2012-10-13,2012
6378,539,3171,881,2012-10-13,2012
6379,539,2379,3872,2012-10-13,2012
6379,539,3872,2379,2012-10-13,2012
6380,539,1838,3671,2012-10-13,2012
6380,539,3671,1838,2012-10-13,2012
6381,539,4013,4056,2012-10-13,2012
6381,539,4056,4013,2012-10-13,2012
6382,539,449,1322,2012-10-13,2012
6382,539,1322,449,2012-10-13,2012
6383,539,2685,1248,2012-10-13,2012
6383,539,1248,2685,2012-10-13,2012
6384,539,567,585,2012-10-13,2012
6384,539,585,567,2012-10-13,2012
6385,539,2413,2349,2012-10-13,2012
6385,539,2349,2413,2012-10-13,2012
6386,540,3686,489,2012-10-05,2012
6386,540,489,3686,2012-10-05,2012
6387,540,1088,1665,2012-10-05,2012
6387,540,1665,1088,2012-10-05,2012
6388,540,982,1246,2012-10-05,2012
6388,540,1246,982,2012-10-05,2012
6389,540,1071,2814,2012-10-05,2012
6389,540,2814,1071,2012-10-05,2012
6390,540,1876,636,2012-10-05,2012
6390,540,636,1876,2012-10-05,2012
6391,540,3137,3718,2012-10-05,2012
6391,540,3718,3137,2012-10-05,2012
6392,540,2229,3175,2012-10-05,2012
6392,540,3175,2229,2012-10-05,2012
6393,540,4199,3389,2012-10-05,2012
6393,540,3389,4199,2012-10-05,2012
6394,540,2877,2992,2012-10-05,2012
6394,540,2992,2877,2012-10-05,2012
6395,540,4108,1584,2012-10-05,2012
6395,540,1584,4108,2012-10-05,2012
6396,541,3886,2624,2012-09-29,2012
6396,541,2624,3886,2012-09-29,2012
6397,541,1575,3452,2012-09-29,2012
6397,541,3452,1575,2012-09-29,2012
6398,541,3131,1813,2012-09-29,2012
6398,541,1813,3131,2012-09-29,2012
6399,541,4316,3555,2012-09-29,2012
6399,541,3555,4316,2012-09-29,2012
6400,541,1603,2373,2012-09-29,2012
6400,541,2373,1603,2012-09-29,2012
6401,541,2615,2316,2012-09-29,2012
6401,541,2316,2615,2012-09-29,2012
6402,541,2411,2039,2012-09-29,2012
6402,541,2039,2411,2012-09-29,2012
6403,541,763,2908,2012-09-29,2012
6403,541,2908,763,2012-09-29,2012
6404,541,3966,4256,2012-09-29,2012
6404,541,4256,3966,2012-09-29,2012
6405,541,2819,1869,2012-09-29,2012
6405,541,1869,2819,2012-09-29,2012
6406,541,3075,4399,2012-09-29,2012
6406,541,4399,3075,2012-09-29,2012
6407,542,1893,319,2012-09-22,2012
6407,542,319,1893,2012-09-22,2012
6408,542,1875,325,2012-09-22,2012
6408,542,325,1875,2012-09-22,2012
6409,542,367,3836,2012-09-22,2012
6409,542,3836,367,2012-09-22,2012
6410,542,1559,1695,2012-09-22,2012
6410,542,1695,1559,2012-09-22,2012
6411,542,3913,2922,2012-09-22,2012
6411,542,2922,3913,2012-09-22,2012
6412,542,2357,3155,2012-09-22,2012
6412,542,3155,2357,2012-09-22,2012
6413,542,1476,1043,2012-09-22,2012
6413,542,1043,1476,2012-09-22,2012
6414,542,3140,334,2012-09-22,2012
6414,542,334,3140,2012-09-22,2012
6415,542,463,1662,2012-09-22,2012
6415,542,1662,463,2012-09-22,2012
6416,542,232,4010,2012-09-22,2012
6416,542,4010,232,2012-09-22,2012
6417,542,1309,4255,2012-09-22,2012
6417,542,4255,1309,2012-09-22,2012
6418,542,2863,458,2012-09-22,2012
6418,542,458,2863,2012-09-22,2012
6419,543,1629,1067,2012-08-11,2012
6419,543,1067,1629,2012-08-11,2012
6420,543,653,1515,2012-08-11,2012
6420,543,1515,653,2012-08-11,2012
6422,543,2913,3346,2012-08-11,2012
6422,543,3346,2913,2012-08-11,2012
6423,543,1696,2168,2012-08-11,2012
6423,543,2168,1696,2012-08-11,2012
6424,543,343,1608,2012-08-11,2012
6424,543,1608,343,2012-08-11,2012
6425,543,2099,1563,2012-08-11,2012
6425,543,1563,2099,2012-08-11,2012
6426,543,3084,3869,2012-08-11,2012
6426,543,3869,3084,2012-08-11,2012
6427,543,581,2984,2012-08-11,2012
6427,543,2984,581,2012-08-11,2012
6428,543,2216,2644,2012-08-11,2012
6428,543,2644,2216,2012-08-11,2012
6429,544,3430,4156,2012-08-04,2012
6429,544,4156,3430,2012-08-04,2012
6430,544,2345,234,2012-08-04,2012
6430,544,234,2345,2012-08-04,2012
6431,544,2160,4138,2012-08-04,2012
6431,544,4138,2160,2012-08-04,2012
6432,544,3914,1869,2012-08-04,2012
6432,544,1869,3914,2012-08-04,2012
6433,544,3118,2606,2012-08-04,2012
6433,544,2606,3118,2012-08-04,2012
6435,544,4354,1500,2012-08-04,2012
6435,544,1500,4354,2012-08-04,2012
6436,544,896,4007,2012-08-04,2012
6436,544,4007,896,2012-08-04,2012
6437,544,1323,2942,2012-08-04,2012
6437,544,2942,1323,2012-08-04,2012
6438,544,2688,1412,2012-08-04,2012
6438,544,1412,2688,2012-08-04,2012
6439,545,258,1156,2012-07-21,2012
6439,545,1156,258,2012-07-21,2012
6440,545,393,2280,2012-07-21,2012
6440,545,2280,393,2012-07-21,2012
6441,545,2073,1914,2012-07-21,2012
6441,545,1914,2073,2012-07-21,2012
6442,545,1614,1064,2012-07-21,2012
6442,545,1064,1614,2012-07-21,2012
6444,545,3317,2521,2012-07-21,2012
6444,545,2521,3317,2012-07-21,2012
6446,545,1860,3094,2012-07-21,2012
6446,545,3094,1860,2012-07-21,2012
6447,545,597,1309,2012-07-21,2012
6447,545,1309,597,2012-07-21,2012
6448,545,623,3144,2012-07-21,2012
6448,545,3144,623,2012-07-21,2012
6449,545,2100,713,2012-07-21,2012
6449,545,713,2100,2012-07-21,2012
6450,546,4265,2740,2012-07-11,2012
6450,546,2740,4265,2012-07-11,2012
6451,546,3975,323,2012-07-11,2012
6451,546,323,3975,2012-07-11,2012
6452,546,3718,3349,2012-07-11,2012
6452,546,3349,3718,2012-07-11,2012
6453,546,607,4152,2012-07-11,2012
6453,546,4152,607,2012-07-11,2012
6454,546,966,2195,2012-07-11,2012
6454,546,2195,966,2012-07-11,2012
6455,546,995,2853,2012-07-11,2012
6455,546,2853,995,2012-07-11,2012
6456,546,551,2982,2012-07-11,2012
6456,546,2982,551,2012-07-11,2012
6457,546,601,1182,2012-07-11,2012
6457,546,1182,601,2012-07-11,2012
6458,546,800,2803,2012-07-11,2012
6458,546,2803,800,2012-07-11,2012
6459,546,1517,3863,2012-07-11,2012
6459,546,3863,1517,2012-07-11,2012
6460,546,209,3952,2012-07-11,2012
6460,546,3952,209,2012-07-11,2012
6461,547,3678,3785,2012-07-07,2012
6461,547,3785,3678,2012-07-07,2012
6462,547,1491,2949,2012-07-07,2012
6462,547,2949,1491,2012-07-07,2012
6463,547,2176,787,2012-07-07,2012
6463,547,787,2176,2012-07-07,2012
6464,547,2379,2019,2012-07-07,2012
6464,547,2019,2379,2012-07-07,2012
6465,547,2568,2533,2012-07-07,2012
6465,547,2533,2568,2012-07-07,2012
6466,547,1060,2575,2012-07-07,2012
6466,547,2575,1060,2012-07-07,2012
6467,547,1515,566,2012-07-07,2012
6467,547,566,1515,2012-07-07,2012
6468,547,2883,4013,2012-07-07,2012
6468,547,4013,2883,2012-07-07,2012
6469,547,3119,1294,2012-07-07,2012
6469,547,1294,3119,2012-07-07,2012
6470,547,3389,69,2012-07-07,2012
6470,547,69,3389,2012-07-07,2012
6471,547,2921,1811,2012-07-07,2012
6471,547,1811,2921,2012-07-07,2012
6472,548,1260,3679,2012-06-23,2012
6472,548,3679,1260,2012-06-23,2012
6473,548,1191,2685,2012-06-23,2012
6473,548,2685,1191,2012-06-23,2012
6474,548,1838,3073,2012-06-23,2012
6474,548,3073,1838,2012-06-23,2012
6475,548,4270,3442,2012-06-23,2012
6475,548,3442,4270,2012-06-23,2012
6476,548,951,57,2012-06-23,2012
6476,548,57,951,2012-06-23,2012
6477,548,859,2546,2012-06-23,2012
6477,548,2546,859,2012-06-23,2012
6478,548,4056,1625,2012-06-23,2012
6478,548,1625,4056,2012-06-23,2012
6479,548,4168,3979,2012-06-23,2012
6479,548,3979,4168,2012-06-23,2012
6480,548,3095,2356,2012-06-23,2012
6480,548,2356,3095,2012-06-23,2012
6481,548,4191,577,2012-06-23,2012
6481,548,577,4191,2012-06-23,2012
6483,549,2492,1513,2012-06-22,2012
6483,549,1513,2492,2012-06-22,2012
6484,549,3876,1219,2012-06-22,2012
6484,549,1219,3876,2012-06-22,2012
6485,549,1064,4210,2012-06-22,2012
6485,549,4210,1064,2012-06-22,2012
6486,549,3913,3049,2012-06-22,2012
6486,549,3049,3913,2012-06-22,2012
6487,549,2137,1679,2012-06-22,2012
6487,549,1679,2137,2012-06-22,2012
6488,549,2843,1987,2012-06-22,2012
6488,549,1987,2843,2012-06-22,2012
6489,549,3872,1836,2012-06-22,2012
6489,549,1836,3872,2012-06-22,2012
6490,549,3674,1322,2012-06-22,2012
6490,549,1322,3674,2012-06-22,2012
6491,549,567,640,2012-06-22,2012
6491,549,640,567,2012-06-22,2012
6492,549,478,3238,2012-06-22,2012
6492,549,3238,478,2012-06-22,2012
6493,549,2604,1299,2012-06-22,2012
6493,549,1299,2604,2012-06-22,2012
6494,549,3869,2984,2012-06-22,2012
6494,549,2984,3869,2012-06-22,2012
6495,550,1875,2500,2012-06-08,2012
6495,550,2500,1875,2012-06-08,2012
6496,550,3688,458,2012-06-08,2012
6496,550,458,3688,2012-06-08,2012
6497,550,3201,2814,2012-06-08,2012
6497,550,2814,3201,2012-06-08,2012
6498,550,4317,1916,2012-06-08,2012
6498,550,1916,4317,2012-06-08,2012
6499,550,3137,3357,2012-06-08,2012
6499,550,3357,3137,2012-06-08,2012
6500,550,232,334,2012-06-08,2012
6500,550,334,232,2012-06-08,2012
6501,550,1490,1334,2012-06-08,2012
6501,550,1334,1490,2012-06-08,2012
6502,550,2984,3002,2012-06-08,2012
6502,550,3002,2984,2012-06-08,2012
6503,550,2544,3474,2012-06-08,2012
6503,550,3474,2544,2012-06-08,2012
6504,550,3346,2359,2012-06-08,2012
6504,550,2359,3346,2012-06-08,2012
6505,550,2448,2360,2012-06-08,2012
6505,550,2360,2448,2012-06-08,2012
6506,550,3140,1620,2012-06-08,2012
6506,550,1620,3140,2012-06-08,2012
6507,551,1953,1088,2012-06-01,2012
6507,551,1088,1953,2012-06-01,2012
6508,551,676,1765,2012-06-01,2012
6508,551,1765,676,2012-06-01,2012
6509,551,2922,473,2012-06-01,2012
6509,551,473,2922,2012-06-01,2012
6510,551,1696,3582,2012-06-01,2012
6510,551,3582,1696,2012-06-01,2012
6511,551,2168,725,2012-06-01,2012
6511,551,725,2168,2012-06-01,2012
6512,551,815,4014,2012-06-01,2012
6512,551,4014,815,2012-06-01,2012
6513,551,1939,3567,2012-06-01,2012
6513,551,3567,1939,2012-06-01,2012
6514,551,3671,2413,2012-06-01,2012
6514,551,2413,3671,2012-06-01,2012
6515,551,3187,2152,2012-06-01,2012
6515,551,2152,3187,2012-06-01,2012
6516,551,3084,51,2012-06-01,2012
6516,551,51,3084,2012-06-01,2012
6517,552,996,2625,2012-05-26,2012
6517,552,2625,996,2012-05-26,2012
6518,552,4149,3686,2012-05-26,2012
6518,552,3686,4149,2012-05-26,2012
6519,552,2818,1643,2012-05-26,2012
6519,552,1643,2818,2012-05-26,2012
6520,552,2624,915,2012-05-26,2012
6520,552,915,2624,2012-05-26,2012
6521,552,3886,1874,2012-05-26,2012
6521,552,1874,3886,2012-05-26,2012
6522,552,1087,449,2012-05-26,2012
6522,552,449,1087,2012-05-26,2012
6523,552,4138,265,2012-05-26,2012
6523,552,265,4138,2012-05-26,2012
6524,552,987,2603,2012-05-26,2012
6524,552,2603,987,2012-05-26,2012
6525,552,1575,2316,2012-05-26,2012
6525,552,2316,1575,2012-05-26,2012
6526,552,3555,4199,2012-05-26,2012
6526,552,4199,3555,2012-05-26,2012
6527,552,3978,2039,2012-05-26,2012
6527,552,2039,3978,2012-05-26,2012
6528,552,479,3144,2012-05-26,2012
6528,552,3144,479,2012-05-26,2012
6529,553,1935,3154,2012-05-15,2012
6529,553,3154,1935,2012-05-15,2012
6530,553,3452,2294,2012-05-15,2012
6530,553,2294,3452,2012-05-15,2012
6531,553,653,3852,2012-05-15,2012
6531,553,3852,653,2012-05-15,2012
6532,553,1813,1731,2012-05-15,2012
6532,553,1731,1813,2012-05-15,2012
6533,553,3155,2390,2012-05-15,2012
6533,553,2390,3155,2012-05-15,2012
6534,553,2167,2336,2012-05-15,2012
6534,553,2336,2167,2012-05-15,2012
6535,553,3966,4372,2012-05-15,2012
6535,553,4372,3966,2012-05-15,2012
6536,553,2533,2229,2012-05-15,2012
6536,553,2229,2533,2012-05-15,2012
6537,553,1476,3175,2012-05-15,2012
6537,553,3175,1476,2012-05-15,2012
6538,553,995,3640,2012-05-15,2012
6538,553,3640,995,2012-05-15,2012
6539,553,1069,837,2012-05-15,2012
6539,553,837,1069,2012-05-15,2012
6540,553,3328,3798,2012-05-15,2012
6540,553,3798,3328,2012-05-15,2012
6541,554,956,2605,2012-05-05,2012
6541,554,2605,956,2012-05-05,2012
6542,554,1632,2079,2012-05-05,2012
6542,554,2079,1632,2012-05-05,2012
6543,554,318,2995,2012-05-05,2012
6543,554,2995,318,2012-05-05,2012
6544,554,1874,287,2012-05-05,2012
6544,554,287,1874,2012-05-05,2012
6545,554,1876,1181,2012-05-05,2012
6545,554,1181,1876,2012-05-05,2012
6546,554,982,1090,2012-05-05,2012
6546,554,1090,982,2012-05-05,2012
6547,554,1603,2090,2012-05-05,2012
6547,554,2090,1603,2012-05-05,2012
6548,554,1352,2262,2012-05-05,2012
6548,554,2262,1352,2012-05-05,2012
6549,554,636,687,2012-05-05,2012
6549,554,687,636,2012-05-05,2012
6550,554,343,1345,2012-05-05,2012
6550,554,1345,343,2012-05-05,2012
6551,554,925,931,2012-05-05,2012
6551,554,931,925,2012-05-05,2012
6552,554,4152,2466,2012-05-05,2012
6552,554,2466,4152,2012-05-05,2012
6553,555,1893,1143,2012-04-21,2012
6553,555,1143,1893,2012-04-21,2012
6554,555,2338,2615,2012-04-21,2012
6554,555,2615,2338,2012-04-21,2012
6555,555,3418,3577,2012-04-21,2012
6555,555,3577,3418,2012-04-21,2012
6556,555,2514,4036,2012-04-21,2012
6556,555,4036,2514,2012-04-21,2012
6557,555,4353,1709,2012-04-21,2012
6557,555,1709,4353,2012-04-21,2012
6558,555,389,69,2012-04-21,2012
6558,555,69,389,2012-04-21,2012
6559,555,489,1495,2012-04-21,2012
6559,555,1495,489,2012-04-21,2012
6560,555,478,4008,2012-04-21,2012
6560,555,4008,478,2012-04-21,2012
6561,555,2853,2384,2012-04-21,2012
6561,555,2384,2853,2012-04-21,2012
6562,555,871,1129,2012-04-21,2012
6562,555,1129,871,2012-04-21,2012
6563,555,715,4321,2012-04-21,2012
6563,555,4321,715,2012-04-21,2012
6564,555,463,381,2012-04-21,2012
6564,555,381,463,2012-04-21,2012
6565,556,1528,3680,2012-04-14,2012
6565,556,3680,1528,2012-04-14,2012
6566,556,3836,3468,2012-04-14,2012
6566,556,3468,3836,2012-04-14,2012
6567,556,240,3998,2012-04-14,2012
6567,556,3998,240,2012-04-14,2012
6568,556,3735,2877,2012-04-14,2012
6568,556,2877,3735,2012-04-14,2012
6569,556,2373,1869,2012-04-14,2012
6569,556,1869,2373,2012-04-14,2012
6570,556,3131,2982,2012-04-14,2012
6570,556,2982,3131,2012-04-14,2012
6571,556,1614,11,2012-04-14,2012
6571,556,11,1614,2012-04-14,2012
6572,556,944,912,2012-04-14,2012
6572,556,912,944,2012-04-14,2012
6573,556,607,646,2012-04-14,2012
6573,556,646,607,2012-04-14,2012
6574,556,2349,1811,2012-04-14,2012
6574,556,1811,2349,2012-04-14,2012
6575,556,4010,4403,2012-04-14,2012
6575,556,4403,4010,2012-04-14,2012
6576,556,4399,4320,2012-04-14,2012
6576,556,4320,4399,2012-04-14,2012
6577,557,1953,112,2012-03-02,2012
6577,557,112,1953,2012-03-02,2012
6578,557,325,4104,2012-03-02,2012
6578,557,4104,325,2012-03-02,2012
6580,557,3119,2521,2012-03-02,2012
6580,557,2521,3119,2012-03-02,2012
6581,557,3975,3405,2012-03-02,2012
6581,557,3405,3975,2012-03-02,2012
6582,557,3094,3068,2012-03-02,2012
6582,557,3068,3094,2012-03-02,2012
6583,557,3674,2606,2012-03-02,2012
6583,557,2606,3674,2012-03-02,2012
6584,557,800,2863,2012-03-02,2012
6584,557,2863,800,2012-03-02,2012
6585,557,4210,1620,2012-03-02,2012
6585,557,1620,4210,2012-03-02,2012
6586,557,3144,3617,2012-03-02,2012
6586,557,3617,3144,2012-03-02,2012
6587,557,1914,4007,2012-03-02,2012
6587,557,4007,1914,2012-03-02,2012
6588,558,1629,1067,2012-02-25,2012
6588,558,1067,1629,2012-02-25,2012
6589,558,234,1816,2012-02-25,2012
6589,558,1816,234,2012-02-25,2012
6590,558,1758,2073,2012-02-25,2012
6590,558,2073,1758,2012-02-25,2012
6591,558,3654,41,2012-02-25,2012
6591,558,41,3654,2012-02-25,2012
6592,558,393,2913,2012-02-25,2012
6592,558,2913,393,2012-02-25,2012
6593,558,1679,2992,2012-02-25,2012
6593,558,2992,1679,2012-02-25,2012
6594,558,3113,2160,2012-02-25,2012
6594,558,2160,3113,2012-02-25,2012
6595,558,1418,2644,2012-02-25,2012
6595,558,2644,1418,2012-02-25,2012
6596,558,2195,4362,2012-02-25,2012
6596,558,4362,2195,2012-02-25,2012
6597,558,1294,591,2012-02-25,2012
6597,558,591,1294,2012-02-25,2012
6598,558,601,2651,2012-02-25,2012
6598,558,2651,601,2012-02-25,2012
6599,558,3952,4426,2012-02-25,2012
6599,558,4426,3952,2012-02-25,2012
6600,559,1088,3493,2012-02-15,2012
6600,559,3493,1088,2012-02-15,2012
6601,559,3886,1643,2012-02-15,2012
6601,559,1643,3886,2012-02-15,2012
6602,559,2419,3718,2012-02-15,2012
6602,559,3718,2419,2012-02-15,2012
6603,559,2624,896,2012-02-15,2012
6603,559,896,2624,2012-02-15,2012
6604,559,966,4255,2012-02-15,2012
6604,559,4255,966,2012-02-15,2012
6605,559,2575,51,2012-02-15,2012
6605,559,51,2575,2012-02-15,2012
6606,559,473,3356,2012-02-15,2012
6606,559,3356,473,2012-02-15,2012
6607,559,3474,2100,2012-02-15,2012
6607,559,2100,3474,2012-02-15,2012
6608,559,2544,2360,2012-02-15,2012
6608,559,2360,2544,2012-02-15,2012
6609,560,743,955,2012-02-04,2012
6609,560,955,743,2012-02-04,2012
6610,560,4270,2818,2012-02-04,2012
6610,560,2818,4270,2012-02-04,2012
6611,560,2079,3137,2012-02-04,2012
6611,560,3137,2079,2012-02-04,2012
6612,560,258,1916,2012-02-04,2012
6612,560,1916,258,2012-02-04,2012
6613,560,1642,3840,2012-02-04,2012
6613,560,3840,1642,2012-02-04,2012
6614,560,3154,1696,2012-02-04,2012
6614,560,1696,3154,2012-02-04,2012
6615,560,1205,551,2012-02-04,2012
6615,560,551,1205,2012-02-04,2012
6616,560,478,760,2012-02-04,2012
6616,560,760,478,2012-02-04,2012
6617,560,3309,2448,2012-02-04,2012
6617,560,2448,3309,2012-02-04,2012
6618,560,2803,2099,2012-02-04,2012
6618,560,2099,2803,2012-02-04,2012
6619,560,4008,3863,2012-02-04,2012
6619,560,3863,4008,2012-02-04,2012
6620,561,1143,881,2012-01-28,2012
6620,561,881,1143,2012-01-28,2012
6621,561,3785,367,2012-01-28,2012
6621,561,367,3785,2012-01-28,2012
6622,561,4265,2379,2012-01-28,2012
6622,561,2379,4265,2012-01-28,2012
6623,561,1043,2216,2012-01-28,2012
6623,561,2216,1043,2012-01-28,2012
6624,561,3442,1079,2012-01-28,2012
6624,561,1079,3442,2012-01-28,2012
6625,561,3913,3403,2012-01-28,2012
6625,561,3403,3913,2012-01-28,2012
6626,561,2922,4320,2012-01-28,2012
6626,561,4320,2922,2012-01-28,2012
6627,561,1876,3389,2012-01-28,2012
6627,561,3389,1876,2012-01-28,2012
6628,561,1874,323,2012-01-28,2012
6628,561,323,1874,2012-01-28,2012
6629,561,567,1825,2012-01-28,2012
6629,561,1825,567,2012-01-28,2012
6630,562,2605,1515,2012-01-20,2012
6630,562,1515,2605,2012-01-20,2012
6631,562,2814,2316,2012-01-20,2012
6631,562,2316,2814,2012-01-20,2012
6632,562,1060,3002,2012-01-20,2012
6632,562,3002,1060,2012-01-20,2012
6633,562,287,2697,2012-01-20,2012
6633,562,2697,287,2012-01-20,2012
6634,562,3325,3574,2012-01-20,2012
6634,562,3574,3325,2012-01-20,2012
6635,562,2883,3640,2012-01-20,2012
6635,562,3640,2883,2012-01-20,2012
6636,562,458,3345,2012-01-20,2012
6636,562,3345,458,2012-01-20,2012
6637,562,566,1608,2012-01-20,2012
6637,562,1608,566,2012-01-20,2012
6638,562,3144,3582,2012-01-20,2012
6638,562,3582,3144,2012-01-20,2012
6639,562,931,3509,2012-01-20,2012
6639,562,3509,931,2012-01-20,2012
6640,563,64,2568,2012-01-14,2012
6640,563,2568,64,2012-01-14,2012
6641,563,319,1868,2012-01-14,2012
6641,563,1868,319,2012-01-14,2012
6642,563,2995,2466,2012-01-14,2012
6642,563,2466,2995,2012-01-14,2012
6643,563,3175,3688,2012-01-14,2012
6643,563,3688,3175,2012-01-14,2012
6644,563,265,1138,2012-01-14,2012
6644,563,1138,265,2012-01-14,2012
6645,563,3964,3876,2012-01-14,2012
6645,563,3876,3964,2012-01-14,2012
6646,563,1421,2924,2012-01-14,2012
6646,563,2924,1421,2012-01-14,2012
6647,563,57,2942,2012-01-14,2012
6647,563,2942,57,2012-01-14,2012
6648,563,3201,1299,2012-01-14,2012
6648,563,1299,3201,2012-01-14,2012
6649,563,169,623,2012-01-14,2012
6649,563,623,169,2012-01-14,2012
6650,564,2965,2224,2011-12-30,2011
6650,564,2224,2965,2011-12-30,2011
6651,564,956,653,2011-12-30,2011
6651,564,653,956,2011-12-30,2011
6652,564,1632,1222,2011-12-30,2011
6652,564,1222,1632,2011-12-30,2011
6653,564,1528,2485,2011-12-30,2011
6653,564,2485,1528,2011-12-30,2011
6654,564,1662,3118,2011-12-30,2011
6654,564,3118,1662,2011-12-30,2011
6655,564,3049,208,2011-12-30,2011
6655,564,208,3049,2011-12-30,2011
6656,564,636,2853,2011-12-30,2011
6656,564,2853,636,2011-12-30,2011
6657,564,2019,3140,2011-12-30,2011
6657,564,3140,2019,2011-12-30,2011
6658,564,4199,1129,2011-12-30,2011
6658,564,1129,4199,2011-12-30,2011
6659,564,2877,1323,2011-12-30,2011
6659,564,1323,2877,2011-12-30,2011
6660,565,1893,2345,2011-12-10,2011
6660,565,2345,1893,2011-12-10,2011
6661,565,2625,2859,2011-12-10,2011
6661,565,2859,2625,2011-12-10,2011
6662,565,2860,2949,2011-12-10,2011
6662,565,2949,2860,2011-12-10,2011
6663,565,1064,3034,2011-12-10,2011
6663,565,3034,1064,2011-12-10,2011
6664,565,1935,1709,2011-12-10,2011
6664,565,1709,1935,2011-12-10,2011
6665,565,3155,3795,2011-12-10,2011
6665,565,3795,3155,2011-12-10,2011
6666,565,3119,1563,2011-12-10,2011
6666,565,1563,3119,2011-12-10,2011
6667,565,1550,2384,2011-12-10,2011
6667,565,2384,1550,2011-12-10,2011
6668,565,1813,4255,2011-12-10,2011
6668,565,4255,1813,2011-12-10,2011
6669,565,389,2216,2011-12-10,2011
6669,565,2216,389,2011-12-10,2011
6670,565,1620,212,2011-12-10,2011
6670,565,212,1620,2011-12-10,2011
6671,565,687,713,2011-12-10,2011
6671,565,713,687,2011-12-10,2011
6672,566,367,2603,2011-12-03,2011
6672,566,2603,367,2011-12-03,2011
6673,566,449,343,2011-12-03,2011
6673,566,343,449,2011-12-03,2011
6674,566,982,966,2011-12-03,2011
6674,566,966,982,2011-12-03,2011
6675,566,1181,1070,2011-12-03,2011
6675,566,1070,1181,2011-12-03,2011
6676,566,310,1352,2011-12-03,2011
6676,566,1352,310,2011-12-03,2011
6677,566,463,293,2011-12-03,2011
6677,566,293,463,2011-12-03,2011
6678,566,51,2984,2011-12-03,2011
6678,566,2984,51,2011-12-03,2011
6679,566,925,1182,2011-12-03,2011
6679,566,1182,925,2011-12-03,2011
6680,566,3674,718,2011-12-03,2011
6680,566,718,3674,2011-12-03,2011
6681,566,597,2809,2011-12-03,2011
6681,566,2809,597,2011-12-03,2011
6682,567,1628,3430,2011-11-19,2011
6682,567,3430,1628,2011-11-19,2011
6683,567,3679,2176,2011-11-19,2011
6683,567,2176,3679,2011-11-19,2011
6684,567,1156,434,2011-11-19,2011
6684,567,434,1156,2011-11-19,2011
6685,567,1953,3872,2011-11-19,2011
6685,567,3872,1953,2011-11-19,2011
6686,567,410,2039,2011-11-19,2011
6686,567,2039,410,2011-11-19,2011
6687,567,234,462,2011-11-19,2011
6687,567,462,234,2011-11-19,2011
6688,567,2514,3798,2011-11-19,2011
6688,567,3798,2514,2011-11-19,2011
6689,567,4265,2167,2011-11-19,2011
6689,567,2167,4265,2011-11-19,2011
6690,567,4013,995,2011-11-19,2011
6690,567,995,4013,2011-11-19,2011
6691,567,4036,2972,2011-11-19,2011
6691,567,2972,4036,2011-11-19,2011
6692,567,232,478,2011-11-19,2011
6692,567,478,232,2011-11-19,2011
6693,567,636,243,2011-11-19,2011
6693,567,243,636,2011-11-19,2011
6694,568,996,4149,2011-11-12,2011
6694,568,4149,996,2011-11-12,2011
6695,568,1629,1513,2011-11-12,2011
6695,568,1513,1629,2011-11-12,2011
6696,568,3154,1345,2011-11-12,2011
6696,568,1345,3154,2011-11-12,2011
6697,568,2137,3913,2011-11-12,2011
6697,568,3913,2137,2011-11-12,2011
6698,568,1869,1594,2011-11-12,2011
6698,568,1594,1869,2011-11-12,2011
6699,568,4108,4362,2011-11-12,2011
6699,568,4362,4108,2011-11-12,2011
6701,568,551,1128,2011-11-12,2011
6701,568,1128,551,2011-11-12,2011
6702,568,3137,441,2011-11-12,2011
6702,568,441,3137,2011-11-12,2011
6703,568,3405,2312,2011-11-12,2011
6703,568,2312,3405,2011-11-12,2011
6704,569,2740,2182,2011-11-05,2011
6704,569,2182,2740,2011-11-05,2011
6705,569,258,3131,2011-11-05,2011
6705,569,3131,258,2011-11-05,2011
6706,569,112,11,2011-11-05,2011
6706,569,11,112,2011-11-05,2011
6707,569,3094,944,2011-11-05,2011
6707,569,944,3094,2011-11-05,2011
6708,569,1138,1155,2011-11-05,2011
6708,569,1155,1138,2011-11-05,2011
6709,569,2373,1071,2011-11-05,2011
6709,569,1071,2373,2011-11-05,2011
6710,569,896,476,2011-11-05,2011
6710,569,476,896,2011-11-05,2011
6711,569,2942,4399,2011-11-05,2011
6711,569,4399,2942,2011-11-05,2011
6712,569,2615,760,2011-11-05,2011
6712,569,760,2615,2011-11-05,2011
6713,569,601,2195,2011-11-05,2011
6713,569,2195,601,2011-11-05,2011
6714,570,955,3066,2011-10-29,2011
6714,570,3066,955,2011-10-29,2011
6715,570,2073,2643,2011-10-29,2011
6715,570,2643,2073,2011-10-29,2011
6716,570,2818,1210,2011-10-29,2011
6716,570,1210,2818,2011-10-29,2011
6717,570,1916,837,2011-10-29,2011
6717,570,837,1916,2011-10-29,2011
6718,570,1679,3403,2011-10-29,2011
6718,570,3403,1679,2011-10-29,2011
6719,570,653,3735,2011-10-29,2011
6719,570,3735,653,2011-10-29,2011
6720,570,2992,1492,2011-10-29,2011
6720,570,1492,2992,2011-10-29,2011
6721,570,4156,2431,2011-10-29,2011
6721,570,2431,4156,2011-10-29,2011
6722,570,2843,1011,2011-10-29,2011
6722,570,1011,2843,2011-10-29,2011
6723,570,607,567,2011-10-29,2011
6723,570,567,607,2011-10-29,2011
6724,570,3840,1825,2011-10-29,2011
6724,570,1825,3840,2011-10-29,2011
6725,571,1067,2492,2011-10-08,2011
6725,571,2492,1067,2011-10-08,2011
6726,571,64,1232,2011-10-08,2011
6726,571,1232,64,2011-10-08,2011
6727,571,3785,3836,2011-10-08,2011
6727,571,3836,3785,2011-10-08,2011
6728,571,3118,1334,2011-10-08,2011
6728,571,1334,3118,2011-10-08,2011
6729,571,2160,1515,2011-10-08,2011
6729,571,1515,2160,2011-10-08,2011
6730,571,2379,3520,2011-10-08,2011
6730,571,3520,2379,2011-10-08,2011
6731,571,3113,3852,2011-10-08,2011
6731,571,3852,3113,2011-10-08,2011
6732,571,2624,323,2011-10-08,2011
6732,571,323,2624,2011-10-08,2011
6733,571,1087,4426,2011-10-08,2011
6733,571,4426,1087,2011-10-08,2011
6734,571,3718,3574,2011-10-08,2011
6734,571,3574,3718,2011-10-08,2011
6735,571,2466,591,2011-10-08,2011
6735,571,591,2466,2011-10-08,2011
6736,572,819,1875,2011-10-01,2011
6736,572,1875,819,2011-10-01,2011
6737,572,3886,287,2011-10-01,2011
6737,572,287,3886,2011-10-01,2011
6738,572,1868,458,2011-10-01,2011
6738,572,458,1868,2011-10-01,2011
6739,572,4316,871,2011-10-01,2011
6739,572,871,4316,2011-10-01,2011
6740,572,1070,2921,2011-10-01,2011
6740,572,2921,1070,2011-10-01,2011
6741,572,3555,1876,2011-10-01,2011
6741,572,1876,3555,2011-10-01,2011
6742,572,1060,386,2011-10-01,2011
6742,572,386,1060,2011-10-01,2011
6743,572,1476,3389,2011-10-01,2011
6743,572,3389,1476,2011-10-01,2011
6744,572,2814,4321,2011-10-01,2011
6744,572,4321,2814,2011-10-01,2011
6745,572,4255,3509,2011-10-01,2011
6745,572,3509,4255,2011-10-01,2011
6746,573,1893,1816,2011-09-24,2011
6746,573,1816,1893,2011-09-24,2011
6747,573,2079,1748,2011-09-24,2011
6747,573,1748,2079,2011-09-24,2011
6748,573,1758,3418,2011-09-24,2011
6748,573,3418,1758,2011-09-24,2011
6749,573,489,476,2011-09-24,2011
6749,573,476,489,2011-09-24,2011
6750,573,956,1418,2011-09-24,2011
6750,573,1418,956,2011-09-24,2011
6751,573,1181,3312,2011-09-24,2011
6751,573,3312,1181,2011-09-24,2011
6752,573,393,3317,2011-09-24,2011
6752,573,3317,393,2011-09-24,2011
6753,573,208,4353,2011-09-24,2011
6753,573,4353,208,2011-09-24,2011
6754,573,2651,1128,2011-09-24,2011
6754,573,1128,2651,2011-09-24,2011
6755,573,3975,3393,2011-09-24,2011
6755,573,3393,3975,2011-09-24,2011
6756,574,1088,3654,2011-09-17,2011
6756,574,3654,1088,2011-09-17,2011
6757,574,2521,4372,2011-09-17,2011
6757,574,4372,2521,2011-09-17,2011
6758,574,2062,473,2011-09-17,2011
6758,574,473,2062,2011-09-17,2011
6759,574,318,2336,2011-09-17,2011
6759,574,2336,318,2011-09-17,2011
6760,574,3356,2533,2011-09-17,2011
6760,574,2533,3356,2011-09-17,2011
6761,574,1043,243,2011-09-17,2011
6761,574,243,1043,2011-09-17,2011
6762,574,334,3309,2011-09-17,2011
6762,574,3309,334,2011-09-17,2011
6763,574,3869,4214,2011-09-17,2011
6763,574,4214,3869,2011-09-17,2011
6764,574,232,1594,2011-09-17,2011
6764,574,1594,232,2011-09-17,2011
6765,574,4210,3888,2011-09-17,2011
6765,574,3888,4210,2011-09-17,2011
6766,574,3075,2318,2011-09-17,2011
6766,574,2318,3075,2011-09-17,2011
6767,574,1071,2294,2011-09-17,2011
6767,574,2294,1071,2011-09-17,2011
6768,575,3678,2913,2011-08-27,2011
6768,575,2913,3678,2011-08-27,2011
6769,575,3430,1491,2011-08-27,2011
6769,575,1491,3430,2011-08-27,2011
6770,575,265,3049,2011-08-27,2011
6770,575,3049,265,2011-08-27,2011
6771,575,2859,3577,2011-08-27,2011
6771,575,3577,2859,2011-08-27,2011
6772,575,2813,585,2011-08-27,2011
6772,575,585,2813,2011-08-27,2011
6773,575,3964,1219,2011-08-27,2011
6773,575,1219,3964,2011-08-27,2011
6774,575,2995,2604,2011-08-27,2011
6774,575,2604,2995,2011-08-27,2011
6775,575,3998,2635,2011-08-27,2011
6775,575,2635,3998,2011-08-27,2011
6776,575,209,1069,2011-08-27,2011
6776,575,1069,209,2011-08-27,2011
6777,575,3688,3238,2011-08-27,2011
6777,575,3238,3688,2011-08-27,2011
6778,575,57,169,2011-08-27,2011
6778,575,169,57,2011-08-27,2011
6779,575,1813,2304,2011-08-27,2011
6779,575,2304,1813,2011-08-27,2011
6780,576,2332,1575,2011-08-14,2011
6780,576,1575,2332,2011-08-14,2011
6781,576,1629,2605,2011-08-14,2011
6781,576,2605,1629,2011-08-14,2011
6782,576,653,2922,2011-08-14,2011
6782,576,2922,653,2011-08-14,2011
6783,576,2316,3452,2011-08-14,2011
6783,576,3452,2316,2011-08-14,2011
6784,576,1563,987,2011-08-14,2011
6784,576,987,1563,2011-08-14,2011
6785,576,325,4317,2011-08-14,2011
6785,576,4317,325,2011-08-14,2011
6786,576,1642,2863,2011-08-14,2011
6786,576,2863,1642,2011-08-14,2011
6787,576,2419,4152,2011-08-14,2011
6787,576,4152,2419,2011-08-14,2011
6788,576,1662,551,2011-08-14,2011
6788,576,551,1662,2011-08-14,2011
6789,576,2606,2890,2011-08-14,2011
6789,576,2890,2606,2011-08-14,2011
6790,576,4199,636,2011-08-14,2011
6790,576,636,4199,2011-08-14,2011
6791,576,1205,3270,2011-08-14,2011
6791,576,3270,1205,2011-08-14,2011
6792,577,1143,2949,2011-08-06,2011
6792,577,2949,1143,2011-08-06,2011
6793,577,319,41,2011-08-06,2011
6793,577,41,319,2011-08-06,2011
6794,577,1064,1550,2011-08-06,2011
6794,577,1550,1064,2011-08-06,2011
6795,577,3119,3325,2011-08-06,2011
6795,577,3325,3119,2011-08-06,2011
6796,577,2338,3201,2011-08-06,2011
6796,577,3201,2338,2011-08-06,2011
6797,577,1528,1559,2011-08-06,2011
6797,577,1559,1528,2011-08-06,2011
6798,577,2568,4354,2011-08-06,2011
6798,577,4354,2568,2011-08-06,2011
6799,577,2575,2972,2011-08-06,2011
6799,577,2972,2575,2011-08-06,2011
6800,577,1632,3137,2011-08-06,2011
6800,577,3137,1632,2011-08-06,2011
6801,577,479,3118,2011-08-06,2011
6801,577,3118,479,2011-08-06,2011
6802,577,2803,441,2011-08-06,2011
6802,577,441,2803,2011-08-06,2011
6803,578,819,1156,2011-07-02,2011
6803,578,1156,819,2011-07-02,2011
6804,578,2182,3679,2011-07-02,2011
6804,578,3679,2182,2011-07-02,2011
6805,578,3735,4316,2011-07-02,2011
6805,578,4316,3735,2011-07-02,2011
6806,578,2949,234,2011-07-02,2011
6806,578,234,2949,2011-07-02,2011
6807,578,743,2019,2011-07-02,2011
6807,578,2019,743,2011-07-02,2011
6808,578,1515,3389,2011-07-02,2011
6808,578,3389,1515,2011-07-02,2011
6809,578,995,3796,2011-07-02,2011
6809,578,3796,995,2011-07-02,2011
6810,578,434,2651,2011-07-02,2011
6810,578,2651,434,2011-07-02,2011
6811,578,3718,3966,2011-07-02,2011
6811,578,3966,3718,2011-07-02,2011
6812,578,2853,4319,2011-07-02,2011
6812,578,4319,2853,2011-07-02,2011
6813,578,1731,4214,2011-07-02,2011
6813,578,4214,1731,2011-07-02,2011
6814,579,2073,287,2011-06-26,2011
6814,579,287,2073,2011-06-26,2011
6815,579,458,3872,2011-06-26,2011
6815,579,3872,458,2011-06-26,2011
6816,579,478,1736,2011-06-26,2011
6816,579,1736,478,2011-06-26,2011
6817,579,2643,2697,2011-06-26,2011
6817,579,2697,2643,2011-06-26,2011
6818,579,1492,1323,2011-06-26,2011
6818,579,1323,1492,2011-06-26,2011
6819,579,4143,3855,2011-06-26,2011
6819,579,3855,4143,2011-06-26,2011
6820,579,2160,4236,2011-06-26,2011
6820,579,4236,2160,2011-06-26,2011
6821,579,212,3345,2011-06-26,2011
6821,579,3345,212,2011-06-26,2011
6823,579,2137,1490,2011-06-26,2011
6823,579,1490,2137,2011-06-26,2011
6824,579,1876,1155,2011-06-26,2011
6824,579,1155,1876,2011-06-26,2011
6825,580,996,625,2011-06-11,2011
6825,580,625,996,2011-06-11,2011
6826,580,1232,2877,2011-06-11,2011
6826,580,2877,1232,2011-06-11,2011
6827,580,2740,2379,2011-06-11,2011
6827,580,2379,2740,2011-06-11,2011
6828,580,1643,1079,2011-06-11,2011
6828,580,1079,1643,2011-06-11,2011
6829,580,653,3356,2011-06-11,2011
6829,580,3356,653,2011-06-11,2011
6830,580,3876,1070,2011-06-11,2011
6830,580,1070,3876,2011-06-11,2011
6831,580,4265,408,2011-06-11,2011
6831,580,408,4265,2011-06-11,2011
6832,580,3795,2466,2011-06-11,2011
6832,580,2466,3795,2011-06-11,2011
6833,580,3317,1614,2011-06-11,2011
6833,580,1614,3317,2011-06-11,2011
6834,580,3154,4399,2011-06-11,2011
6834,580,4399,3154,2011-06-11,2011
6835,580,323,3405,2011-06-11,2011
6835,580,3405,323,2011-06-11,2011
6836,580,1087,2942,2011-06-11,2011
6836,580,2942,1087,2011-06-11,2011
6837,581,1181,2843,2011-06-04,2011
6837,581,2843,1181,2011-06-04,2011
6838,581,1513,3113,2011-06-04,2011
6838,581,3113,1513,2011-06-04,2011
6839,581,1642,804,2011-06-04,2011
6839,581,804,1642,2011-06-04,2011
6840,581,2039,2390,2011-06-04,2011
6840,581,2390,2039,2011-06-04,2011
6841,581,760,2896,2011-06-04,2011
6841,581,2896,760,2011-06-04,2011
6842,581,3852,1011,2011-06-04,2011
6842,581,1011,3852,2011-06-04,2011
6843,581,3403,1500,2011-06-04,2011
6843,581,1500,3403,2011-06-04,2011
6844,581,243,2523,2011-06-04,2011
6844,581,2523,243,2011-06-04,2011
6845,581,1594,1071,2011-06-04,2011
6845,581,1071,1594,2011-06-04,2011
6846,581,1916,3869,2011-06-04,2011
6846,581,3869,1916,2011-06-04,2011
6847,581,1047,3328,2011-06-04,2011
6847,581,3328,1047,2011-06-04,2011
6848,582,1816,1559,2011-05-28,2011
6848,582,1559,1816,2011-05-28,2011
6849,582,2625,2818,2011-05-28,2011
6849,582,2818,2625,2011-05-28,2011
6850,582,489,3886,2011-05-28,2011
6850,582,3886,489,2011-05-28,2011
6851,582,3872,112,2011-05-28,2011
6851,582,112,3872,2011-05-28,2011
6852,582,3836,3520,2011-05-28,2011
6852,582,3520,3836,2011-05-28,2011
6853,582,1875,4036,2011-05-28,2011
6853,582,4036,1875,2011-05-28,2011
6854,582,393,1502,2011-05-28,2011
6854,582,1502,393,2011-05-28,2011
6855,582,4013,2921,2011-05-28,2011
6855,582,2921,4013,2011-05-28,2011
6856,582,2514,601,2011-05-28,2011
6856,582,601,2514,2011-05-28,2011
6857,582,258,1128,2011-05-28,2011
6857,582,1128,258,2011-05-28,2011
6858,583,3830,3654,2011-04-30,2011
6858,583,3654,3830,2011-04-30,2011
6859,583,64,1709,2011-04-30,2011
6859,583,1709,64,2011-04-30,2011
6860,583,2345,792,2011-04-30,2011
6860,583,792,2345,2011-04-30,2011
6861,583,2485,462,2011-04-30,2011
6861,583,462,2485,2011-04-30,2011
6862,583,1629,389,2011-04-30,2011
6862,583,389,1629,2011-04-30,2011
6863,583,2338,956,2011-04-30,2011
6863,583,956,2338,2011-04-30,2011
6864,583,1088,3140,2011-04-30,2011
6864,583,3140,1088,2011-04-30,2011
6865,583,3034,3345,2011-04-30,2011
6865,583,3345,3034,2011-04-30,2011
6866,583,2575,4114,2011-04-30,2011
6866,583,4114,2575,2011-04-30,2011
6867,583,2336,1851,2011-04-30,2011
6867,583,1851,2336,2011-04-30,2011
6868,583,2384,4253,2011-04-30,2011
6868,583,4253,2384,2011-04-30,2011
6869,583,1345,1813,2011-04-30,2011
6869,583,1813,1345,2011-04-30,2011
6870,584,881,2860,2011-03-26,2011
6870,584,2860,881,2011-03-26,2011
6871,584,1868,1575,2011-03-26,2011
6871,584,1575,1868,2011-03-26,2011
6872,584,3452,1869,2011-03-26,2011
6872,584,1869,3452,2011-03-26,2011
6873,584,1935,1334,2011-03-26,2011
6873,584,1334,1935,2011-03-26,2011
6874,584,3442,2353,2011-03-26,2011
6874,584,2353,3442,2011-03-26,2011
6875,584,3617,551,2011-03-26,2011
6875,584,551,3617,2011-03-26,2011
6876,584,1603,2507,2011-03-26,2011
6876,584,2507,1603,2011-03-26,2011
6877,584,2514,1205,2011-03-26,2011
6877,584,1205,2514,2011-03-26,2011
6878,584,2697,2504,2011-03-26,2011
6878,584,2504,2697,2011-03-26,2011
6879,584,1632,4210,2011-03-26,2011
6879,584,4210,1632,2011-03-26,2011
6880,584,3718,2627,2011-03-26,2011
6880,584,2627,3718,2011-03-26,2011
6881,584,2216,2306,2011-03-26,2011
6881,584,2306,2216,2011-03-26,2011
6882,585,1893,3430,2011-03-19,2011
6882,585,3430,1893,2011-03-19,2011
6883,585,1156,4317,2011-03-19,2011
6883,585,4317,1156,2011-03-19,2011
6884,585,2605,3640,2011-03-19,2011
6884,585,3640,2605,2011-03-19,2011
6885,585,2424,2604,2011-03-19,2011
6885,585,2604,2424,2011-03-19,2011
6886,585,3577,1210,2011-03-19,2011
6886,585,1210,3577,2011-03-19,2011
6887,585,585,2431,2011-03-19,2011
6887,585,2431,585,2011-03-19,2011
6888,585,265,2853,2011-03-19,2011
6888,585,2853,265,2011-03-19,2011
6889,585,3201,93,2011-03-19,2011
6889,585,93,3201,2011-03-19,2011
6890,585,4013,3057,2011-03-19,2011
6890,585,3057,4013,2011-03-19,2011
6891,585,325,2304,2011-03-19,2011
6891,585,2304,325,2011-03-19,2011
6892,585,640,3119,2011-03-19,2011
6892,585,3119,640,2011-03-19,2011
6893,585,2062,209,2011-03-19,2011
6893,585,209,2062,2011-03-19,2011
6894,586,3493,1953,2011-03-03,2011
6894,586,1953,3493,2011-03-03,2011
6895,586,2740,987,2011-03-03,2011
6895,586,987,2740,2011-03-03,2011
6896,586,4265,3468,2011-03-03,2011
6896,586,3468,4265,2011-03-03,2011
6897,586,434,2982,2011-03-03,2011
6897,586,2982,434,2011-03-03,2011
6898,586,944,591,2011-03-03,2011
6898,586,591,944,2011-03-03,2011
6899,586,636,3855,2011-03-03,2011
6899,586,3855,636,2011-03-03,2011
6900,586,3389,3964,2011-03-03,2011
6900,586,3964,3389,2011-03-03,2011
6901,586,2651,1047,2011-03-03,2011
6901,586,1047,2651,2011-03-03,2011
6902,586,4372,2035,2011-03-03,2011
6902,586,2035,4372,2011-03-03,2011
6903,586,2995,447,2011-03-03,2011
6903,586,447,2995,2011-03-03,2011
6904,586,3155,481,2011-03-03,2011
6904,586,481,3155,2011-03-03,2011
6906,587,367,3325,2011-02-26,2011
6906,587,3325,367,2011-02-26,2011
6907,587,3735,3796,2011-02-26,2011
6907,587,3796,3735,2011-02-26,2011
6908,587,1064,2332,2011-02-26,2011
6908,587,2332,1064,2011-02-26,2011
6909,587,2863,567,2011-02-26,2011
6909,587,567,2863,2011-02-26,2011
6910,587,3049,1219,2011-02-26,2011
6910,587,1219,3049,2011-02-26,2011
6911,587,1528,3975,2011-02-26,2011
6911,587,3975,1528,2011-02-26,2011
6912,587,3317,1294,2011-02-26,2011
6912,587,1294,3317,2011-02-26,2011
6913,587,3094,376,2011-02-26,2011
6913,587,376,3094,2011-02-26,2011
6914,587,4426,3270,2011-02-26,2011
6914,587,3270,4426,2011-02-26,2011
6915,587,1758,4066,2011-02-26,2011
6915,587,4066,1758,2011-02-26,2011
6916,587,4236,1854,2011-02-26,2011
6916,587,1854,4236,2011-02-26,2011
6917,588,3678,319,2011-02-05,2011
6917,588,319,3678,2011-02-05,2011
6918,588,1491,1260,2011-02-05,2011
6918,588,1260,1491,2011-02-05,2011
6919,588,1893,234,2011-02-05,2011
6919,588,234,1893,2011-02-05,2011
6920,588,1088,3357,2011-02-05,2011
6920,588,3357,1088,2011-02-05,2011
6921,588,4036,256,2011-02-05,2011
6921,588,256,4036,2011-02-05,2011
6922,588,653,1992,2011-02-05,2011
6922,588,1992,653,2011-02-05,2011
6923,588,2568,2942,2011-02-05,2011
6923,588,2942,2568,2011-02-05,2011
6924,588,1875,4362,2011-02-05,2011
6924,588,4362,1875,2011-02-05,2011
6925,588,3968,3436,2011-02-05,2011
6925,588,3436,3968,2011-02-05,2011
6926,588,2039,3393,2011-02-05,2011
6926,588,3393,2039,2011-02-05,2011
6927,588,3137,3349,2011-02-05,2011
6927,588,3349,3137,2011-02-05,2011
6928,589,1515,1043,2011-01-22,2011
6928,589,1043,1515,2011-01-22,2011
6929,589,2643,1542,2011-01-22,2011
6929,589,1542,2643,2011-01-22,2011
6930,589,1709,3403,2011-01-22,2011
6930,589,3403,1709,2011-01-22,2011
6931,589,287,323,2011-01-22,2011
6931,589,323,287,2011-01-22,2011
6932,589,4316,2606,2011-01-22,2011
6932,589,2606,4316,2011-01-22,2011
6933,589,1070,2533,2011-01-22,2011
6933,589,2533,1070,2011-01-22,2011
6934,589,1869,1534,2011-01-22,2011
6934,589,1534,1869,2011-01-22,2011
6935,589,4354,479,2011-01-22,2011
6935,589,479,4354,2011-01-22,2011
6936,589,2306,1271,2011-01-22,2011
6936,589,1271,2306,2011-01-22,2011
6937,589,458,114,2011-01-22,2011
6937,589,114,458,2011-01-22,2011
6938,589,601,579,2011-01-22,2011
6938,589,579,601,2011-01-22,2011
6940,590,3836,2182,2011-01-01,2011
6940,590,2182,3836,2011-01-01,2011
6942,590,2019,956,2011-01-01,2011
6942,590,956,2019,2011-01-01,2011
6943,590,1513,1418,2011-01-01,2011
6943,590,1418,1513,2011-01-01,2011
6944,590,3852,879,2011-01-01,2011
6944,590,879,3852,2011-01-01,2011
6945,590,3154,1500,2011-01-01,2011
6945,590,1500,3154,2011-01-01,2011
6946,590,3966,277,2011-01-01,2011
6946,590,277,3966,2011-01-01,2011
6947,590,2877,479,2011-01-01,2011
6947,590,479,2877,2011-01-01,2011
6948,590,3345,3797,2011-01-01,2011
6948,590,3797,3345,2011-01-01,2011
6949,590,4199,2528,2011-01-01,2011
6949,590,2528,4199,2011-01-01,2011
6950,591,3830,2079,2010-12-11,2010
6950,591,2079,3830,2010-12-11,2010
6951,591,3886,2504,2010-12-11,2010
6951,591,2504,3886,2010-12-11,2010
6952,591,2605,2922,2010-12-11,2010
6952,591,2922,2605,2010-12-11,2010
6953,591,871,3855,2010-12-11,2010
6953,591,3855,871,2010-12-11,2010
6954,591,112,1736,2010-12-11,2010
6954,591,1736,112,2010-12-11,2010
6955,591,2604,983,2010-12-11,2010
6955,591,983,2604,2010-12-11,2010
6956,591,389,1613,2010-12-11,2010
6956,591,1613,389,2010-12-11,2010
6958,591,3140,3309,2010-12-11,2010
6958,591,3309,3140,2010-12-11,2010
6959,591,93,1476,2010-12-11,2010
6959,591,1476,93,2010-12-11,2010
6960,591,2384,214,2010-12-11,2010
6960,591,214,2384,2010-12-11,2010
6961,592,473,1876,2010-12-04,2010
6961,592,1876,473,2010-12-04,2010
6962,592,410,3155,2010-12-04,2010
6962,592,3155,410,2010-12-04,2010
6963,592,2379,1502,2010-12-04,2010
6963,592,1502,2379,2010-12-04,2010
6964,592,3872,1632,2010-12-04,2010
6964,592,1632,3872,2010-12-04,2010
6965,592,1334,3118,2010-12-04,2010
6965,592,3118,1334,2010-12-04,2010
6966,592,2533,4294,2010-12-04,2010
6966,592,4294,2533,2010-12-04,2010
6967,592,2304,4029,2010-12-04,2010
6967,592,4029,2304,2010-12-04,2010
6968,592,4253,679,2010-12-04,2010
6968,592,679,4253,2010-12-04,2010
6969,592,2972,579,2010-12-04,2010
6969,592,579,2972,2010-12-04,2010
6970,592,1345,2988,2010-12-04,2010
6970,592,2988,1345,2010-12-04,2010
6971,592,447,212,2010-12-04,2010
6971,592,212,447,2010-12-04,2010
6972,593,1816,2345,2010-11-20,2010
6972,593,2345,1816,2010-11-20,2010
6973,593,3066,1748,2010-11-20,2010
6973,593,1748,3066,2010-11-20,2010
6974,593,1164,1583,2010-11-20,2010
6974,593,1583,1164,2010-11-20,2010
6975,593,881,393,2010-11-20,2010
6975,593,393,881,2010-11-20,2010
6976,593,3796,2160,2010-11-20,2010
6976,593,2160,3796,2010-11-20,2010
6977,593,1251,478,2010-11-20,2010
6977,593,478,1251,2010-11-20,2010
6978,593,2740,3718,2010-11-20,2010
6978,593,3718,2740,2010-11-20,2010
6979,593,1550,3009,2010-11-20,2010
6979,593,3009,1550,2010-11-20,2010
6980,593,265,2318,2010-11-20,2010
6980,593,2318,265,2010-11-20,2010
6981,593,1992,2890,2010-11-20,2010
6981,593,2890,1992,2010-11-20,2010
6982,593,2216,1492,2010-11-20,2010
6982,593,1492,2216,2010-11-20,2010
6983,594,2913,2424,2010-11-13,2010
6983,594,2424,2913,2010-11-13,2010
6984,594,3735,4319,2010-11-13,2010
6984,594,4319,3735,2010-11-13,2010
6985,594,3452,3771,2010-11-13,2010
6985,594,3771,3452,2010-11-13,2010
6986,594,3795,3273,2010-11-13,2010
6986,594,3273,3795,2010-11-13,2010
6987,594,2316,2955,2010-11-13,2010
6987,594,2955,2316,2010-11-13,2010
6988,594,2485,1190,2010-11-13,2010
6988,594,1190,2485,2010-11-13,2010
6989,594,2090,3573,2010-11-13,2010
6989,594,3573,2090,2010-11-13,2010
6990,594,2863,2035,2010-11-13,2010
6990,594,2035,2863,2010-11-13,2010
6991,594,4152,3111,2010-11-13,2010
6991,594,3111,4152,2010-11-13,2010
6992,594,3357,2507,2010-11-13,2010
6992,594,2507,3357,2010-11-13,2010
6993,595,4149,2224,2010-10-23,2010
6993,595,2224,4149,2010-10-23,2010
6994,595,3654,1953,2010-10-23,2010
6994,595,1953,3654,2010-10-23,2010
6995,595,3493,3998,2010-10-23,2010
6995,595,3998,3493,2010-10-23,2010
6996,595,1559,2949,2010-10-23,2010
6996,595,2949,1559,2010-10-23,2010
6997,595,3577,1421,2010-10-23,2010
6997,595,1421,3577,2010-10-23,2010
6998,595,2521,1851,2010-10-23,2010
6998,595,1851,2521,2010-10-23,2010
6999,595,2167,787,2010-10-23,2010
6999,595,787,2167,2010-10-23,2010
7000,595,3345,1534,2010-10-23,2010
7000,595,1534,3345,2010-10-23,2010
7001,595,3876,3968,2010-10-23,2010
7001,595,3968,3876,2010-10-23,2010
7002,595,567,4372,2010-10-23,2010
7002,595,4372,567,2010-10-23,2010
7003,595,2353,4407,2010-10-23,2010
7003,595,4407,2353,2010-10-23,2010
7004,596,367,41,2010-10-16,2010
7004,596,41,367,2010-10-16,2010
7005,596,743,1575,2010-10-16,2010
7005,596,1575,743,2010-10-16,2010
7006,596,3201,1603,2010-10-16,2010
7006,596,1603,3201,2010-10-16,2010
7008,596,3034,4297,2010-10-16,2010
7008,596,4297,3034,2010-10-16,2010
7009,596,1528,944,2010-10-16,2010
7009,596,944,1528,2010-10-16,2010
7010,596,476,3208,2010-10-16,2010
7010,596,3208,476,2010-10-16,2010
7011,596,3555,1706,2010-10-16,2010
7011,596,1706,3555,2010-10-16,2010
7012,596,1219,4236,2010-10-16,2010
7012,596,4236,1219,2010-10-16,2010
7013,596,2390,2540,2010-10-16,2010
7013,596,2540,2390,2010-10-16,2010
7014,597,2625,1210,2010-09-25,2010
7014,597,1210,2625,2010-09-25,2010
7015,597,234,2860,2010-09-25,2010
7015,597,2860,234,2010-09-25,2010
7016,597,2332,3626,2010-09-25,2010
7016,597,3626,2332,2010-09-25,2010
7017,597,3648,1043,2010-09-25,2010
7017,597,1043,3648,2010-09-25,2010
7018,597,1515,3852,2010-09-25,2010
7018,597,3852,1515,2010-09-25,2010
7019,597,987,983,2010-09-25,2010
7019,597,983,987,2010-09-25,2010
7020,597,2643,323,2010-09-25,2010
7020,597,323,2643,2010-09-25,2010
7021,597,3964,214,2010-09-25,2010
7021,597,214,3964,2010-09-25,2010
7022,597,2306,2292,2010-09-25,2010
7022,597,2292,2306,2010-09-25,2010
7023,597,1476,3040,2010-09-25,2010
7023,597,3040,1476,2010-09-25,2010
7024,597,2504,1758,2010-09-25,2010
7024,597,1758,2504,2010-09-25,2010
7025,598,2424,2995,2010-09-15,2010
7025,598,2995,2424,2010-09-15,2010
7026,598,2922,1129,2010-09-15,2010
7026,598,1129,2922,2010-09-15,2010
7027,598,2605,4013,2010-09-15,2010
7027,598,4013,2605,2010-09-15,2010
7028,598,2606,3049,2010-09-15,2010
7028,598,3049,2606,2010-09-15,2010
7029,598,1070,1520,2010-09-15,2010
7029,598,1520,1070,2010-09-15,2010
7030,598,2039,1563,2010-09-15,2010
7030,598,1563,2039,2010-09-15,2010
7031,598,447,1019,2010-09-15,2010
7031,598,1019,447,2010-09-15,2010
7032,598,212,2803,2010-09-15,2010
7032,598,2803,212,2010-09-15,2010
7033,598,4210,2635,2010-09-15,2010
7033,598,2635,4210,2010-09-15,2010
7034,598,1251,3115,2010-09-15,2010
7034,598,3115,1251,2010-09-15,2010
7035,599,1067,3066,2010-08-28,2010
7035,599,3066,1067,2010-08-28,2010
7036,599,792,4030,2010-08-28,2010
7036,599,4030,792,2010-08-28,2010
7037,599,2379,2627,2010-08-28,2010
7037,599,2627,2379,2010-08-28,2010
7038,599,2492,1232,2010-08-28,2010
7038,599,1232,2492,2010-08-28,2010
7039,599,956,879,2010-08-28,2010
7039,599,879,956,2010-08-28,2010
7040,599,2160,3436,2010-08-28,2010
7040,599,3436,2160,2010-08-28,2010
7041,599,2216,4319,2010-08-28,2010
7041,599,4319,2216,2010-08-28,2010
7042,599,2604,3485,2010-08-28,2010
7042,599,3485,2604,2010-08-28,2010
7043,599,3797,2955,2010-08-28,2010
7043,599,2955,3797,2010-08-28,2010
7044,599,3137,114,2010-08-28,2010
7044,599,114,3137,2010-08-28,2010
7045,600,3678,3785,2010-08-07,2010
7045,600,3785,3678,2010-08-07,2010
7046,600,1222,112,2010-08-07,2010
7046,600,112,1222,2010-08-07,2010
7047,600,1513,995,2010-08-07,2010
7047,600,995,1513,2010-08-07,2010
7048,600,1748,93,2010-08-07,2010
7048,600,93,1748,2010-08-07,2010
7049,600,996,2818,2010-08-07,2010
7049,600,2818,996,2010-08-07,2010
7050,600,3872,1613,2010-08-07,2010
7050,600,1613,3872,2010-08-07,2010
7051,600,881,4221,2010-08-07,2010
7051,600,4221,881,2010-08-07,2010
7052,600,1632,458,2010-08-07,2010
7052,600,458,1632,2010-08-07,2010
7053,600,393,481,2010-08-07,2010
7053,600,481,393,2010-08-07,2010
7054,600,3886,2697,2010-08-07,2010
7054,600,2697,3886,2010-08-07,2010
7055,600,1550,3565,2010-08-07,2010
7055,600,3565,1550,2010-08-07,2010
7056,601,1893,2485,2010-08-01,2010
7056,601,2485,1893,2010-08-01,2010
7057,601,2913,2740,2010-08-01,2010
7057,601,2740,2913,2010-08-01,2010
7058,601,1088,1736,2010-08-01,2010
7058,601,1736,1088,2010-08-01,2010
7059,601,1418,1492,2010-08-01,2010
7059,601,1492,1418,2010-08-01,2010
7060,601,4199,1992,2010-08-01,2010
7060,601,1992,4199,2010-08-01,2010
7061,601,3309,1869,2010-08-01,2010
7061,601,1869,3309,2010-08-01,2010
7062,601,3155,1792,2010-08-01,2010
7062,601,1792,3155,2010-08-01,2010
7063,601,3836,2466,2010-08-01,2010
7063,601,2466,3836,2010-08-01,2010
7064,601,2922,1087,2010-08-01,2010
7064,601,1087,2922,2010-08-01,2010
7065,601,2035,3849,2010-08-01,2010
7065,601,3849,2035,2010-08-01,2010
7066,602,2224,625,2010-07-03,2010
7066,602,625,2224,2010-07-03,2010
7067,602,2182,41,2010-07-03,2010
7067,602,41,2182,2010-07-03,2010
7068,602,2332,478,2010-07-03,2010
7068,602,478,2332,2010-07-03,2010
7069,602,410,3795,2010-07-03,2010
7069,602,3795,410,2010-07-03,2010
7070,602,3796,3057,2010-07-03,2010
7070,602,3057,3796,2010-07-03,2010
7071,602,3577,4066,2010-07-03,2010
7071,602,4066,3577,2010-07-03,2010
7072,602,3393,3111,2010-07-03,2010
7072,602,3111,3393,2010-07-03,2010
7073,602,1502,3273,2010-07-03,2010
7073,602,3273,1502,2010-07-03,2010
7074,602,1583,447,2010-07-03,2010
7074,602,447,1583,2010-07-03,2010
7075,602,3345,3115,2010-07-03,2010
7075,602,3115,3345,2010-07-03,2010
7076,602,2353,4152,2010-07-03,2010
7076,602,4152,2353,2010-07-03,2010
7077,603,2521,2507,2010-06-19,2010
7077,603,2507,2521,2010-06-19,2010
7078,603,1559,1835,2010-06-19,2010
7078,603,1835,1559,2010-06-19,2010
7079,603,2182,3718,2010-06-19,2010
7079,603,3718,2182,2010-06-19,2010
7080,603,3735,1219,2010-06-19,2010
7080,603,1219,3735,2010-06-19,2010
7081,603,212,4352,2010-06-19,2010
7081,603,4352,212,2010-06-19,2010
7082,603,1520,1706,2010-06-19,2010
7082,603,1706,1520,2010-06-19,2010
7083,603,3966,232,2010-06-19,2010
7083,603,232,3966,2010-06-19,2010
7084,603,2863,497,2010-06-19,2010
7084,603,497,2863,2010-06-19,2010
7085,603,567,1564,2010-06-19,2010
7085,603,1564,567,2010-06-19,2010
7086,603,489,2540,2010-06-19,2010
7086,603,2540,489,2010-06-19,2010
7087,604,1260,2243,2010-06-12,2010
7087,604,2243,1260,2010-06-12,2010
7088,604,1210,287,2010-06-12,2010
7088,604,287,1210,2010-06-12,2010
7089,604,1953,3998,2010-06-12,2010
7089,604,3998,1953,2010-06-12,2010
7090,604,3418,4407,2010-06-12,2010
7090,604,4407,3418,2010-06-12,2010
7091,604,743,2338,2010-06-12,2010
7091,604,2338,743,2010-06-12,2010
7092,604,1043,1492,2010-06-12,2010
7092,604,1492,1043,2010-06-12,2010
7093,604,4316,871,2010-06-12,2010
7093,604,871,4316,2010-06-12,2010
7094,604,2627,2279,2010-06-12,2010
7094,604,2279,2627,2010-06-12,2010
7095,604,4297,3771,2010-06-12,2010
7095,604,3771,4297,2010-06-12,2010
7096,604,3034,1299,2010-06-12,2010
7096,604,1299,3034,2010-06-12,2010
7097,604,3201,2214,2010-06-12,2010
7097,604,2214,3201,2010-06-12,2010
7098,605,1143,1816,2010-05-29,2010
7098,605,1816,1143,2010-05-29,2010
7099,605,367,2604,2010-05-29,2010
7099,605,2604,367,2010-05-29,2010
7100,605,3442,1031,2010-05-29,2010
7100,605,1031,3442,2010-05-29,2010
7101,605,2860,462,2010-05-29,2010
7101,605,462,2860,2010-05-29,2010
7102,605,1603,3493,2010-05-29,2010
7102,605,3493,1603,2010-05-29,2010
7103,605,2019,3452,2010-05-29,2010
7103,605,3452,2019,2010-05-29,2010
7104,605,1129,2161,2010-05-29,2010
7104,605,2161,1129,2010-05-29,2010
7105,605,1515,2306,2010-05-29,2010
7105,605,2306,1515,2010-05-29,2010
7106,605,944,585,2010-05-29,2010
7106,605,585,944,2010-05-29,2010
7107,605,3312,446,2010-05-29,2010
7107,605,446,3312,2010-05-29,2010
7108,605,1851,1242,2010-05-29,2010
7108,605,1242,1851,2010-05-29,2010
7109,606,3430,2345,2010-05-08,2010
7109,606,2345,3430,2010-05-08,2010
7110,606,2079,853,2010-05-08,2010
7110,606,853,2079,2010-05-08,2010
7111,606,3852,3876,2010-05-08,2010
7111,606,3876,3852,2010-05-08,2010
7112,606,2643,1179,2010-05-08,2010
7112,606,1179,2643,2010-05-08,2010
7113,606,318,787,2010-05-08,2010
7113,606,787,318,2010-05-08,2010
7114,606,983,2167,2010-05-08,2010
7114,606,2167,983,2010-05-08,2010
7115,606,879,1448,2010-05-08,2010
7115,606,1448,879,2010-05-08,2010
7116,606,1632,1476,2010-05-08,2010
7116,606,1476,1632,2010-05-08,2010
7117,606,323,1542,2010-05-08,2010
7117,606,1542,323,2010-05-08,2010
7118,606,1534,4392,2010-05-08,2010
7118,606,4392,1534,2010-05-08,2010
7119,606,3485,2336,2010-05-08,2010
7119,606,2336,3485,2010-05-08,2010
7120,607,3678,2379,2010-04-10,2010
7120,607,2379,3678,2010-04-10,2010
7121,607,1067,3066,2010-04-10,2010
7121,607,3066,1067,2010-04-10,2010
7122,607,1748,1460,2010-04-10,2010
7122,607,1460,1748,2010-04-10,2010
7123,607,995,1138,2010-04-10,2010
7123,607,1138,995,2010-04-10,2010
7124,607,2740,1502,2010-04-10,2010
7124,607,1502,2740,2010-04-10,2010
7125,607,881,1528,2010-04-10,2010
7125,607,1528,881,2010-04-10,2010
7126,607,3872,2955,2010-04-10,2010
7126,607,2955,3872,2010-04-10,2010
7127,607,1869,374,2010-04-10,2010
7127,607,374,1869,2010-04-10,2010
7128,607,1992,4145,2010-04-10,2010
7128,607,4145,1992,2010-04-10,2010
7129,607,2353,45,2010-04-10,2010
7129,607,45,2353,2010-04-10,2010
7130,608,1232,1418,2010-03-31,2010
7130,608,1418,1232,2010-03-31,2010
7131,608,2818,3886,2010-03-31,2010
7131,608,3886,2818,2010-03-31,2010
7132,608,3325,3207,2010-03-31,2010
7132,608,3207,3325,2010-03-31,2010
7133,608,3049,3735,2010-03-31,2010
7133,608,3735,3049,2010-03-31,2010
7134,608,4319,2921,2010-03-31,2010
7134,608,2921,4319,2010-03-31,2010
7135,608,4199,4037,2010-03-31,2010
7135,608,4037,4199,2010-03-31,2010
7136,608,2216,1102,2010-03-31,2010
7136,608,1102,2216,2010-03-31,2010
7137,608,4013,4096,2010-03-31,2010
7137,608,4096,4013,2010-03-31,2010
7138,608,2913,2264,2010-03-31,2010
7138,608,2264,2913,2010-03-31,2010
7139,608,1583,2627,2010-03-31,2010
7139,608,2627,1583,2010-03-31,2010
7140,608,458,1668,2010-03-31,2010
7140,608,1668,458,2010-03-31,2010
7141,609,3830,1575,2010-03-27,2010
7141,609,1575,3830,2010-03-27,2010
7142,609,625,2625,2010-03-27,2010
7142,609,2625,625,2010-03-27,2010
7143,609,3057,566,2010-03-27,2010
7143,609,566,3057,2010-03-27,2010
7144,609,1222,3565,2010-03-27,2010
7144,609,3565,1222,2010-03-27,2010
7145,609,2605,389,2010-03-27,2010
7145,609,389,2605,2010-03-27,2010
7146,609,956,2420,2010-03-27,2010
7146,609,2420,956,2010-03-27,2010
7147,609,93,478,2010-03-27,2010
7147,609,478,93,2010-03-27,2010
7148,609,2995,1019,2010-03-27,2010
7148,609,1019,2995,2010-03-27,2010
7149,609,1563,4221,2010-03-27,2010
7149,609,4221,1563,2010-03-27,2010
7150,609,3309,3797,2010-03-27,2010
7150,609,3797,3309,2010-03-27,2010
7151,610,1893,4156,2010-03-21,2010
7151,610,4156,1893,2010-03-21,2010
7152,610,996,1421,2010-03-21,2010
7152,610,1421,996,2010-03-21,2010
7153,610,2073,512,2010-03-21,2010
7153,610,512,2073,2010-03-21,2010
7154,610,3468,1792,2010-03-21,2010
7154,610,1792,3468,2010-03-21,2010
7155,610,1513,1512,2010-03-21,2010
7155,610,1512,1513,2010-03-21,2010
7156,610,2485,2431,2010-03-21,2010
7156,610,2431,2485,2010-03-21,2010
7157,610,1087,2316,2010-03-21,2010
7157,610,2316,1087,2010-03-21,2010
7158,610,1736,3345,2010-03-21,2010
7158,610,3345,1736,2010-03-21,2010
7159,610,3577,1447,2010-03-21,2010
7159,610,1447,3577,2010-03-21,2010
7160,610,3137,3040,2010-03-21,2010
7160,610,3040,3137,2010-03-21,2010
7161,610,462,3574,2010-03-21,2010
7161,610,3574,462,2010-03-21,2010
7162,611,4149,2859,2010-02-20,2010
7162,611,2859,4149,2010-02-20,2010
7163,611,3679,367,2010-02-20,2010
7163,611,367,3679,2010-02-20,2010
7164,611,3796,3855,2010-02-20,2010
7164,611,3855,3796,2010-02-20,2010
7165,611,234,1835,2010-02-20,2010
7165,611,1835,234,2010-02-20,2010
7166,611,1210,3094,2010-02-20,2010
7166,611,3094,1210,2010-02-20,2010
7167,611,3795,410,2010-02-20,2010
7167,611,410,3795,2010-02-20,2010
7168,611,2332,1251,2010-02-20,2010
7168,611,1251,2332,2010-02-20,2010
7169,611,987,3273,2010-02-20,2010
7169,611,3273,987,2010-02-20,2010
7170,611,3975,3155,2010-02-20,2010
7170,611,3155,3975,2010-02-20,2010
7171,612,792,733,2010-02-06,2010
7171,612,733,792,2010-02-06,2010
7172,612,3785,2424,2010-02-06,2010
7172,612,2424,3785,2010-02-06,2010
7173,612,3998,3914,2010-02-06,2010
7173,612,3914,3998,2010-02-06,2010
7174,612,2379,2604,2010-02-06,2010
7174,612,2604,2379,2010-02-06,2010
7175,612,3626,4055,2010-02-06,2010
7175,612,4055,3626,2010-02-06,2010
7176,612,871,502,2010-02-06,2010
7176,612,502,871,2010-02-06,2010
7177,612,1515,4037,2010-02-06,2010
7177,612,4037,1515,2010-02-06,2010
7178,612,1102,2874,2010-02-06,2010
7178,612,2874,1102,2010-02-06,2010
7179,612,881,3836,2010-02-06,2010
7179,612,3836,881,2010-02-06,2010
7180,612,4066,1542,2010-02-06,2010
7180,612,1542,4066,2010-02-06,2010
7181,612,323,1466,2010-02-06,2010
7181,612,1466,323,2010-02-06,2010
7182,613,2492,956,2010-01-11,2010
7182,613,956,2492,2010-01-11,2010
7183,613,1043,1129,2010-01-11,2010
7183,613,1129,1043,2010-01-11,2010
7184,613,3718,2167,2010-01-11,2010
7184,613,2167,3718,2010-01-11,2010
7185,613,3452,374,2010-01-11,2010
7185,613,374,3452,2010-01-11,2010
7186,613,2182,3685,2010-01-11,2010
7186,613,3685,2182,2010-01-11,2010
7187,613,3872,2214,2010-01-11,2010
7187,613,2214,3872,2010-01-11,2010
7189,613,2338,1534,2010-01-11,2010
7189,613,1534,2338,2010-01-11,2010
7190,613,995,440,2010-01-11,2010
7190,613,440,995,2010-01-11,2010
7191,613,1583,3485,2010-01-11,2010
7191,613,3485,1583,2010-01-11,2010
7192,613,640,1242,2010-01-11,2010
7192,613,1242,640,2010-01-11,2010
7193,614,1143,3680,2010-01-02,2010
7193,614,3680,1143,2010-01-02,2010
7194,614,853,1613,2010-01-02,2010
7194,614,1613,853,2010-01-02,2010
7195,614,3876,2160,2010-01-02,2010
7195,614,2160,3876,2010-01-02,2010
7196,614,2605,2316,2010-01-02,2010
7196,614,2316,2605,2010-01-02,2010
7197,614,996,4407,2010-01-02,2010
7197,614,4407,996,2010-01-02,2010
7198,614,1953,4199,2010-01-02,2010
7198,614,4199,1953,2010-01-02,2010
7199,614,2606,2161,2010-01-02,2010
7199,614,2161,2606,2010-01-02,2010
7200,614,2740,1851,2010-01-02,2010
7200,614,1851,2740,2010-01-02,2010
7201,614,1088,3201,2010-01-02,2010
7201,614,3201,1088,2010-01-02,2010
7202,614,2921,1520,2010-01-02,2010
7202,614,1520,2921,2010-01-02,2010
7203,615,3066,3493,2009-12-12,2009
7203,615,3493,3066,2009-12-12,2009
7204,615,2625,2073,2009-12-12,2009
7204,615,2073,2625,2009-12-12,2009
7205,615,1222,3137,2009-12-12,2009
7205,615,3137,1222,2009-12-12,2009
7206,615,1232,1513,2009-12-12,2009
7206,615,1513,1232,2009-12-12,2009
7207,615,3886,512,2009-12-12,2009
7207,615,512,3886,2009-12-12,2009
7208,615,318,1450,2009-12-12,2009
7208,615,1450,318,2009-12-12,2009
7209,615,4316,2817,2009-12-12,2009
7209,615,2817,4316,2009-12-12,2009
7210,615,1632,1299,2009-12-12,2009
7210,615,1299,1632,2009-12-12,2009
7211,615,2995,2264,2009-12-12,2009
7211,615,2264,2995,2009-12-12,2009
7212,615,1869,1335,2009-12-12,2009
7212,615,1335,1869,2009-12-12,2009
7213,615,1476,524,2009-12-12,2009
7213,615,524,1476,2009-12-12,2009
7214,616,2818,3577,2009-12-05,2009
7214,616,3577,2818,2009-12-05,2009
7215,616,1559,1893,2009-12-05,2009
7215,616,1893,1559,2009-12-05,2009
7216,616,1179,70,2009-12-05,2009
7216,616,70,1179,2009-12-05,2009
7217,616,1067,4145,2009-12-05,2009
7217,616,4145,1067,2009-12-05,2009
7218,616,2643,1895,2009-12-05,2009
7218,616,1895,2643,2009-12-05,2009
7219,616,2540,3591,2009-12-05,2009
7219,616,3591,2540,2009-12-05,2009
7220,616,2353,4341,2009-12-05,2009
7220,616,4341,2353,2009-12-05,2009
7221,616,3836,4221,2009-12-05,2009
7221,616,4221,3836,2009-12-05,2009
7222,616,1736,1550,2009-12-05,2009
7222,616,1550,1736,2009-12-05,2009
7223,616,389,446,2009-12-05,2009
7223,616,446,389,2009-12-05,2009
7224,617,1491,2949,2009-11-21,2009
7224,617,2949,1491,2009-11-21,2009
7225,617,2079,1868,2009-11-21,2009
7225,617,1868,2079,2009-11-21,2009
7226,617,3998,4199,2009-11-21,2009
7226,617,4199,3998,2009-11-21,2009
7227,617,2860,585,2009-11-21,2009
7227,617,585,2860,2009-11-21,2009
7228,617,3452,277,2009-11-21,2009
7228,617,277,3452,2009-11-21,2009
7229,617,3565,879,2009-11-21,2009
7229,617,879,3565,2009-11-21,2009
7230,617,1502,3411,2009-11-21,2009
7230,617,3411,1502,2009-11-21,2009
7231,617,1251,2153,2009-11-21,2009
7231,617,2153,1251,2009-11-21,2009
7233,617,3796,934,2009-11-21,2009
7233,617,934,3796,2009-11-21,2009
7234,618,792,4156,2009-11-14,2009
7234,618,4156,792,2009-11-14,2009
7235,618,1575,3914,2009-11-14,2009
7235,618,3914,1575,2009-11-14,2009
7236,618,367,1959,2009-11-14,2009
7236,618,1959,367,2009-11-14,2009
7237,618,478,4297,2009-11-14,2009
7237,618,4297,478,2009-11-14,2009
7238,618,3049,3312,2009-11-14,2009
7238,618,3312,3049,2009-11-14,2009
7239,618,1603,3968,2009-11-14,2009
7239,618,3968,1603,2009-11-14,2009
7240,618,1138,1512,2009-11-14,2009
7240,618,1512,1138,2009-11-14,2009
7241,618,2955,3309,2009-11-14,2009
7241,618,3309,2955,2009-11-14,2009
7242,618,3735,1992,2009-11-14,2009
7242,618,1992,3735,2009-11-14,2009
7243,618,1528,1563,2009-11-14,2009
7243,618,1563,1528,2009-11-14,2009
7244,618,4319,920,2009-11-14,2009
7244,618,920,4319,2009-11-14,2009
7245,619,2345,3430,2009-10-24,2009
7245,619,3430,2345,2009-10-24,2009
7246,619,4149,3418,2009-10-24,2009
7246,619,3418,4149,2009-10-24,2009
7247,619,4013,2814,2009-10-24,2009
7247,619,2814,4013,2009-10-24,2009
7248,619,3855,1219,2009-10-24,2009
7248,619,1219,3855,2009-10-24,2009
7249,619,1868,4392,2009-10-24,2009
7249,619,4392,1868,2009-10-24,2009
7250,619,234,3574,2009-10-24,2009
7250,619,3574,234,2009-10-24,2009
7251,619,287,1572,2009-10-24,2009
7251,619,1572,287,2009-10-24,2009
7252,619,3785,2913,2009-10-24,2009
7252,619,2913,3785,2009-10-24,2009
7253,619,3325,2035,2009-10-24,2009
7253,619,2035,3325,2009-10-24,2009
7254,619,2039,43,2009-10-24,2009
7254,619,43,2039,2009-10-24,2009
7255,619,3886,1447,2009-10-24,2009
7255,619,1447,3886,2009-10-24,2009
7256,620,319,1260,2009-09-19,2009
7256,620,1260,319,2009-09-19,2009
7257,620,996,1210,2009-09-19,2009
7257,620,1210,996,2009-09-19,2009
7258,620,853,1953,2009-09-19,2009
7258,620,1953,853,2009-09-19,2009
7259,620,2079,4055,2009-09-19,2009
7259,620,4055,2079,2009-09-19,2009
7260,620,1492,1255,2009-09-19,2009
7260,620,1255,1492,2009-09-19,2009
7261,620,1129,2606,2009-09-19,2009
7261,620,2606,1129,2009-09-19,2009
7262,620,1019,2518,2009-09-19,2009
7262,620,2518,1019,2009-09-19,2009
7263,620,2605,2292,2009-09-19,2009
7263,620,2292,2605,2009-09-19,2009
7264,620,2216,2921,2009-09-19,2009
7264,620,2921,2216,2009-09-19,2009
7265,620,3872,1251,2009-09-19,2009
7265,620,1251,3872,2009-09-19,2009
7266,620,2431,462,2009-09-19,2009
7266,620,462,2431,2009-09-19,2009
7267,620,2485,3155,2009-09-19,2009
7267,620,3155,2485,2009-09-19,2009
7268,620,995,1102,2009-09-19,2009
7268,620,1102,995,2009-09-19,2009
7269,621,956,1515,2009-09-16,2009
7269,621,1515,956,2009-09-16,2009
7270,621,2492,1746,2009-09-16,2009
7270,621,1746,2492,2009-09-16,2009
7271,621,743,1088,2009-09-16,2009
7271,621,1088,743,2009-09-16,2009
7272,621,3207,804,2009-09-16,2009
7272,621,804,3207,2009-09-16,2009
7273,621,3836,591,2009-09-16,2009
7273,621,591,3836,2009-09-16,2009
7274,621,3201,4310,2009-09-16,2009
7274,621,4310,3201,2009-09-16,2009
7275,621,987,3685,2009-09-16,2009
7275,621,3685,987,2009-09-16,2009
7276,621,3852,502,2009-09-16,2009
7276,621,502,3852,2009-09-16,2009
7277,621,3137,2153,2009-09-16,2009
7277,621,2153,3137,2009-09-16,2009
7278,621,1851,3849,2009-09-16,2009
7278,621,3849,1851,2009-09-16,2009
7279,622,2859,792,2009-08-29,2009
7279,622,792,2859,2009-08-29,2009
7280,622,3680,1835,2009-08-29,2009
7280,622,1835,3680,2009-08-29,2009
7281,622,3411,2182,2009-08-29,2009
7281,622,2182,3411,2009-08-29,2009
7282,622,2424,2379,2009-08-29,2009
7282,622,2379,2424,2009-08-29,2009
7283,622,4156,3795,2009-08-29,2009
7283,622,3795,4156,2009-08-29,2009
7284,622,3718,1642,2009-08-29,2009
7284,622,1642,3718,2009-08-29,2009
7285,622,1421,4066,2009-08-29,2009
7285,622,4066,1421,2009-08-29,2009
7286,622,3442,2510,2009-08-29,2009
7286,622,2510,3442,2009-08-29,2009
7287,622,1031,1542,2009-08-29,2009
7287,622,1542,1031,2009-08-29,2009
7288,622,2740,640,2009-08-29,2009
7288,622,640,2740,2009-08-29,2009
7289,622,1043,216,2009-08-29,2009
7289,622,216,1043,2009-08-29,2009
7290,623,3066,1232,2009-08-08,2009
7290,623,1232,3066,2009-08-08,2009
7291,623,3678,1491,2009-08-08,2009
7291,623,1491,3678,2009-08-08,2009
7292,623,3312,2817,2009-08-08,2009
7292,623,2817,3312,2009-08-08,2009
7293,623,1632,3452,2009-08-08,2009
7293,623,3452,1632,2009-08-08,2009
7294,623,93,1502,2009-08-08,2009
7294,623,1502,93,2009-08-08,2009
7295,623,3057,2814,2009-08-08,2009
7295,623,2814,3057,2009-08-08,2009
7296,623,1736,2508,2009-08-08,2009
7296,623,2508,1736,2009-08-08,2009
7297,623,3468,2207,2009-08-08,2009
7297,623,2207,3468,2009-08-08,2009
7298,623,3309,802,2009-08-08,2009
7298,623,802,3309,2009-08-08,2009
7299,623,3796,3403,2009-08-08,2009
7299,623,3403,3796,2009-08-08,2009
7300,623,2214,4188,2009-08-08,2009
7300,623,4188,2214,2009-08-08,2009
7301,624,1222,3998,2009-07-11,2009
7301,624,3998,1222,2009-07-11,2009
7302,624,2224,2625,2009-07-11,2009
7302,624,2625,2224,2009-07-11,2009
7303,624,3830,112,2009-07-11,2009
7303,624,112,3830,2009-07-11,2009
7304,624,1628,367,2009-07-11,2009
7304,624,367,1628,2009-07-11,2009
7305,624,41,318,2009-07-11,2009
7305,624,318,41,2009-07-11,2009
7306,624,733,410,2009-07-11,2009
7306,624,410,733,2009-07-11,2009
7307,624,2605,871,2009-07-11,2009
7307,624,871,2605,2009-07-11,2009
7308,624,1893,2889,2009-07-11,2009
7308,624,2889,1893,2009-07-11,2009
7309,624,2019,1476,2009-07-11,2009
7309,624,1476,2019,2009-07-11,2009
7310,624,2167,987,2009-07-11,2009
7310,624,987,2167,2009-07-11,2009
7311,624,1512,1490,2009-07-11,2009
7311,624,1490,1512,2009-07-11,2009
7312,625,3493,1513,2009-06-20,2009
7312,625,1513,3493,2009-06-20,2009
7313,625,4297,1869,2009-06-20,2009
7313,625,1869,4297,2009-06-20,2009
7314,625,2332,524,2009-06-20,2009
7314,625,524,2332,2009-06-20,2009
7315,625,3049,4319,2009-06-20,2009
7315,625,4319,3049,2009-06-20,2009
7316,625,3855,956,2009-06-20,2009
7316,625,956,3855,2009-06-20,2009
7317,625,1515,4013,2009-06-20,2009
7317,625,4013,1515,2009-06-20,2009
7318,625,374,1335,2009-06-20,2009
7318,625,1335,374,2009-06-20,2009
7319,625,1019,698,2009-06-20,2009
7319,625,698,1019,2009-06-20,2009
7320,625,2955,2225,2009-06-20,2009
7320,625,2225,2955,2009-06-20,2009
7321,625,934,986,2009-06-20,2009
7321,625,986,934,2009-06-20,2009
7322,626,1260,3679,2009-06-13,2009
7322,626,3679,1260,2009-06-13,2009
7323,626,4149,2073,2009-06-13,2009
7323,626,2073,4149,2009-06-13,2009
7324,626,1210,45,2009-06-13,2009
7324,626,45,1210,2009-06-13,2009
7325,626,3914,3565,2009-06-13,2009
7325,626,3565,3914,2009-06-13,2009
7326,626,1219,4096,2009-06-13,2009
7326,626,4096,1219,2009-06-13,2009
7327,626,1575,879,2009-06-13,2009
7327,626,879,1575,2009-06-13,2009
7328,626,1138,502,2009-06-13,2009
7328,626,502,1138,2009-06-13,2009
7329,626,3735,1592,2009-06-13,2009
7329,626,1592,3735,2009-06-13,2009
7330,626,3968,3771,2009-06-13,2009
7330,626,3771,3968,2009-06-13,2009
7331,626,1992,920,2009-06-13,2009
7331,626,920,1992,2009-06-13,2009
7332,626,3886,3865,2009-06-13,2009
7332,626,3865,3886,2009-06-13,2009
7333,626,1603,3872,2009-06-13,2009
7333,626,3872,1603,2009-06-13,2009
7334,627,2345,1143,2009-05-23,2009
7334,627,1143,2345,2009-05-23,2009
7335,627,1748,3626,2009-05-23,2009
7335,627,3626,1748,2009-05-23,2009
7336,627,2518,1252,2009-05-23,2009
7336,627,1252,2518,2009-05-23,2009
7337,627,3785,2604,2009-05-23,2009
7337,627,2604,3785,2009-05-23,2009
7338,627,1067,3648,2009-05-23,2009
7338,627,3648,1067,2009-05-23,2009
7339,627,2153,3201,2009-05-23,2009
7339,627,3201,2153,2009-05-23,2009
7340,627,1542,287,2009-05-23,2009
7340,627,287,1542,2009-05-23,2009
7341,627,440,2874,2009-05-23,2009
7341,627,2874,440,2009-05-23,2009
7342,627,3795,1527,2009-05-23,2009
7342,627,1527,3795,2009-05-23,2009
7343,627,4392,4327,2009-05-23,2009
7343,627,4327,4392,2009-05-23,2009
7344,627,3403,1962,2009-05-23,2009
7344,627,1962,3403,2009-05-23,2009
7345,628,3678,2207,2009-04-18,2009
7345,628,2207,3678,2009-04-18,2009
7346,628,3876,4316,2009-04-18,2009
7346,628,4316,3876,2009-04-18,2009
7347,628,3430,2243,2009-04-18,2009
7347,628,2243,3430,2009-04-18,2009
7348,628,3795,3836,2009-04-18,2009
7348,628,3836,3795,2009-04-18,2009
7349,628,2073,1572,2009-04-18,2009
7349,628,1572,2073,2009-04-18,2009
7350,628,585,591,2009-04-18,2009
7350,628,591,585,2009-04-18,2009
7351,628,1959,1252,2009-04-18,2009
7351,628,1252,1959,2009-04-18,2009
7352,628,3207,2336,2009-04-18,2009
7352,628,2336,3207,2009-04-18,2009
7353,628,1642,2279,2009-04-18,2009
7353,628,2279,1642,2009-04-18,2009
7354,628,389,359,2009-04-18,2009
7354,628,359,389,2009-04-18,2009
7355,628,1476,688,2009-04-18,2009
7355,628,688,1476,2009-04-18,2009
7356,628,2431,2357,2009-04-18,2009
7356,628,2357,2431,2009-04-18,2009
7357,629,1953,743,2009-04-01,2009
7357,629,743,1953,2009-04-01,2009
7358,629,234,2427,2009-04-01,2009
7358,629,2427,234,2009-04-01,2009
7359,629,1492,995,2009-04-01,2009
7359,629,995,1492,2009-04-01,2009
7360,629,2606,490,2009-04-01,2009
7360,629,490,2606,2009-04-01,2009
7361,629,4013,3852,2009-04-01,2009
7361,629,3852,4013,2009-04-01,2009
7362,629,93,1728,2009-04-01,2009
7362,629,1728,93,2009-04-01,2009
7363,629,2153,3503,2009-04-01,2009
7363,629,3503,2153,2009-04-01,2009
7364,629,804,640,2009-04-01,2009
7364,629,640,804,2009-04-01,2009
7365,629,3325,2956,2009-04-01,2009
7365,629,2956,3325,2009-04-01,2009
7366,629,2035,4146,2009-04-01,2009
7366,629,4146,2035,2009-04-01,2009
7367,629,3718,2532,2009-04-01,2009
7367,629,2532,3718,2009-04-01,2009
7368,630,1816,1835,2009-03-07,2009
7368,630,1835,1816,2009-03-07,2009
7369,630,625,1421,2009-03-07,2009
7369,630,1421,625,2009-03-07,2009
7370,630,478,3614,2009-03-07,2009
7370,630,3614,478,2009-03-07,2009
7371,630,1559,2740,2009-03-07,2009
7371,630,2740,1559,2009-03-07,2009
7372,630,2492,2605,2009-03-07,2009
7372,630,2605,2492,2009-03-07,2009
7373,630,2508,2351,2009-03-07,2009
7373,630,2351,2508,2009-03-07,2009
7374,630,1502,891,2009-03-07,2009
7374,630,891,1502,2009-03-07,2009
7375,630,462,393,2009-03-07,2009
7375,630,393,462,2009-03-07,2009
7376,630,4156,3036,2009-03-07,2009
7376,630,3036,4156,2009-03-07,2009
7377,630,2817,3312,2009-03-07,2009
7377,630,3312,2817,2009-03-07,2009
7378,631,3493,3855,2009-02-21,2009
7378,631,3855,3493,2009-02-21,2009
7379,631,1575,2420,2009-02-21,2009
7379,631,2420,1575,2009-02-21,2009
7380,631,2424,1450,2009-02-21,2009
7380,631,1450,2424,2009-02-21,2009
7381,631,2379,3785,2009-02-21,2009
7381,631,3785,2379,2009-02-21,2009
7382,631,3998,2079,2009-02-21,2009
7382,631,2079,3998,2009-02-21,2009
7383,631,1138,719,2009-02-21,2009
7383,631,719,1138,2009-02-21,2009
7384,631,996,3886,2009-02-21,2009
7384,631,3886,996,2009-02-21,2009
7385,631,1043,1080,2009-02-21,2009
7385,631,1080,1043,2009-02-21,2009
7386,631,698,1503,2009-02-21,2009
7386,631,1503,698,2009-02-21,2009
7387,631,1992,2399,2009-02-21,2009
7387,631,2399,1992,2009-02-21,2009
7388,632,2160,3852,2009-02-07,2009
7388,632,3852,2160,2009-02-07,2009
7389,632,4149,3865,2009-02-07,2009
7389,632,3865,4149,2009-02-07,2009
7390,632,2814,871,2009-02-07,2009
7390,632,871,2814,2009-02-07,2009
7391,632,1868,1215,2009-02-07,2009
7391,632,1215,1868,2009-02-07,2009
7392,632,3057,1102,2009-02-07,2009
7392,632,1102,3057,2009-02-07,2009
7393,632,2604,3411,2009-02-07,2009
7393,632,3411,2604,2009-02-07,2009
7394,632,4145,1490,2009-02-07,2009
7394,632,1490,4145,2009-02-07,2009
7395,632,4013,714,2009-02-07,2009
7395,632,714,4013,2009-02-07,2009
7396,632,640,1012,2009-02-07,2009
7396,632,1012,640,2009-02-07,2009
7397,632,3309,494,2009-02-07,2009
7397,632,494,3309,2009-02-07,2009
7398,633,3830,3066,2009-01-31,2009
7398,633,3066,3830,2009-01-31,2009
7399,633,2345,3680,2009-01-31,2009
7399,633,3680,2345,2009-01-31,2009
7400,633,1893,410,2009-01-31,2009
7400,633,410,1893,2009-01-31,2009
7402,633,1513,956,2009-01-31,2009
7402,633,956,1513,2009-01-31,2009
7403,633,1222,1420,2009-01-31,2009
7403,633,1420,1222,2009-01-31,2009
7404,633,3964,1323,2009-01-31,2009
7404,633,1323,3964,2009-01-31,2009
7405,633,1736,4310,2009-01-31,2009
7405,633,4310,1736,2009-01-31,2009
7406,633,2889,4267,2009-01-31,2009
7406,633,4267,2889,2009-01-31,2009
7407,633,802,188,2009-01-31,2009
7407,633,188,802,2009-01-31,2009
7408,634,1628,1260,2009-01-17,2009
7408,634,1260,1628,2009-01-17,2009
7409,634,3430,733,2009-01-17,2009
7409,634,733,3430,2009-01-17,2009
7410,634,2995,1724,2009-01-17,2009
7410,634,1724,2995,2009-01-17,2009
7411,634,318,1959,2009-01-17,2009
7411,634,1959,318,2009-01-17,2009
7412,634,879,2332,2009-01-17,2009
7412,634,2332,879,2009-01-17,2009
7413,634,1603,1076,2009-01-17,2009
7413,634,1076,1603,2009-01-17,2009
7414,634,1953,284,2009-01-17,2009
7414,634,284,1953,2009-01-17,2009
7415,634,3574,2567,2009-01-17,2009
7415,634,2567,3574,2009-01-17,2009
7416,634,1019,3623,2009-01-17,2009
7416,634,3623,1019,2009-01-17,2009
7417,634,3735,2657,2009-01-17,2009
7417,634,2657,3735,2009-01-17,2009
7418,635,1143,1491,2008-12-27,2008
7418,635,1491,1143,2008-12-27,2008
7419,635,2625,2859,2008-12-27,2008
7419,635,2859,2625,2008-12-27,2008
7420,635,987,2466,2008-12-27,2008
7420,635,2466,987,2008-12-27,2008
7421,635,1816,3679,2008-12-27,2008
7421,635,3679,1816,2008-12-27,2008
7422,635,2073,45,2008-12-27,2008
7422,635,45,2073,2008-12-27,2008
7423,635,2913,2267,2008-12-27,2008
7423,635,2267,2913,2008-12-27,2008
7424,635,1572,4271,2008-12-27,2008
7424,635,4271,1572,2008-12-27,2008
7425,635,1559,149,2008-12-27,2008
7425,635,149,1559,2008-12-27,2008
7426,635,374,688,2008-12-27,2008
7426,635,688,374,2008-12-27,2008
7427,635,287,1146,2008-12-27,2008
7427,635,1146,287,2008-12-27,2008
7428,636,1129,2874,2008-12-13,2008
7428,636,2874,1129,2008-12-13,2008
7429,636,234,2357,2008-12-13,2008
7429,636,2357,234,2008-12-13,2008
7430,636,1868,524,2008-12-13,2008
7430,636,524,1868,2008-12-13,2008
7431,636,1450,2336,2008-12-13,2008
7431,636,2336,1450,2008-12-13,2008
7432,636,490,1962,2008-12-13,2008
7432,636,1962,490,2008-12-13,2008
7433,636,3795,3183,2008-12-13,2008
7433,636,3183,3795,2008-12-13,2008
7434,636,2431,491,2008-12-13,2008
7434,636,491,2431,2008-12-13,2008
7435,636,2167,2039,2008-12-13,2008
7435,636,2039,2167,2008-12-13,2008
7436,636,2817,3403,2008-12-13,2008
7436,636,3403,2817,2008-12-13,2008
7437,636,920,3156,2008-12-13,2008
7437,636,3156,920,2008-12-13,2008
7438,637,2079,4392,2008-12-10,2008
7438,637,4392,2079,2008-12-10,2008
7439,637,3914,1448,2008-12-10,2008
7439,637,1448,3914,2008-12-10,2008
7440,637,591,43,2008-12-10,2008
7440,637,43,591,2008-12-10,2008
7441,637,804,2301,2008-12-10,2008
7441,637,2301,804,2008-12-10,2008
7442,637,2605,4316,2008-12-10,2008
7442,637,4316,2605,2008-12-10,2008
7443,637,1215,1166,2008-12-10,2008
7443,637,1166,1215,2008-12-10,2008
7444,637,494,3265,2008-12-10,2008
7444,637,3265,494,2008-12-10,2008
7445,637,3565,4327,2008-12-10,2008
7445,637,4327,3565,2008-12-10,2008
7446,637,1592,1671,2008-12-10,2008
7446,637,1671,1592,2008-12-10,2008
7447,637,2510,3494,2008-12-10,2008
7447,637,3494,2510,2008-12-10,2008
7448,638,2224,792,2008-11-15,2008
7448,638,792,2224,2008-11-15,2008
7449,638,1232,3855,2008-11-15,2008
7449,638,3855,1232,2008-11-15,2008
7450,638,1613,2508,2008-11-15,2008
7450,638,2508,1613,2008-11-15,2008
7451,638,1421,1631,2008-11-15,2008
7451,638,1631,1421,2008-11-15,2008
7452,638,2379,3207,2008-11-15,2008
7452,638,3207,2379,2008-11-15,2008
7453,638,3312,1522,2008-11-15,2008
7453,638,1522,3312,2008-11-15,2008
7454,638,3852,995,2008-11-15,2008
7454,638,995,3852,2008-11-15,2008
7455,638,389,3354,2008-11-15,2008
7455,638,3354,389,2008-11-15,2008
7456,638,478,4001,2008-11-15,2008
7456,638,4001,478,2008-11-15,2008
7457,639,3678,787,2008-10-25,2008
7457,639,787,3678,2008-10-25,2008
7458,639,112,2079,2008-10-25,2008
7458,639,2079,112,2008-10-25,2008
7459,639,2492,714,2008-10-25,2008
7459,639,714,2492,2008-10-25,2008
7460,639,996,4270,2008-10-25,2008
7460,639,4270,996,2008-10-25,2008
7461,639,3648,1492,2008-10-25,2008
7461,639,1492,3648,2008-10-25,2008
7462,639,2207,2518,2008-10-25,2008
7462,639,2518,2207,2008-10-25,2008
7463,639,1219,1512,2008-10-25,2008
7463,639,1512,1219,2008-10-25,2008
7464,639,2604,1728,2008-10-25,2008
7464,639,1728,2604,2008-10-25,2008
7465,639,1255,216,2008-10-25,2008
7465,639,216,1255,2008-10-25,2008
7466,639,3614,520,2008-10-25,2008
7466,639,520,3614,2008-10-25,2008
7467,640,367,2182,2008-10-18,2008
7467,640,2182,367,2008-10-18,2008
7468,640,1835,4156,2008-10-18,2008
7468,640,4156,1835,2008-10-18,2008
7469,640,585,3773,2008-10-18,2008
7469,640,3773,585,2008-10-18,2008
7470,640,2332,3968,2008-10-18,2008
7470,640,3968,2332,2008-10-18,2008
7471,640,879,1992,2008-10-18,2008
7471,640,1992,879,2008-10-18,2008
7472,640,1575,1420,2008-10-18,2008
7472,640,1420,1575,2008-10-18,2008
7473,640,625,4209,2008-10-18,2008
7473,640,4209,625,2008-10-18,2008
7474,640,359,2242,2008-10-18,2008
7474,640,2242,359,2008-10-18,2008
7475,640,1138,3876,2008-10-18,2008
7475,640,3876,1138,2008-10-18,2008
7476,640,2605,276,2008-10-18,2008
7476,640,276,2605,2008-10-18,2008
7477,640,1080,3581,2008-10-18,2008
7477,640,3581,1080,2008-10-18,2008
7478,641,956,2814,2008-09-17,2008
7478,641,2814,956,2008-09-17,2008
7479,641,1513,871,2008-09-17,2008
7479,641,871,1513,2008-09-17,2008
7480,641,318,1642,2008-09-17,2008
7480,641,1642,318,2008-09-17,2008
7481,641,3574,70,2008-09-17,2008
7481,641,70,3574,2008-09-17,2008
7482,641,3468,4146,2008-09-17,2008
7482,641,4146,3468,2008-09-17,2008
7483,641,1450,1851,2008-09-17,2008
7483,641,1851,1450,2008-09-17,2008
7484,641,2160,440,2008-09-17,2008
7484,641,440,2160,2008-09-17,2008
7485,641,462,2712,2008-09-17,2008
7485,641,2712,462,2008-09-17,2008
7486,641,2466,2518,2008-09-17,2008
7486,641,2518,2466,2008-09-17,2008
7487,641,2604,2035,2008-09-17,2008
7487,641,2035,2604,2008-09-17,2008
7488,642,1143,2243,2008-09-06,2008
7488,642,2243,1143,2008-09-06,2008
7489,642,1260,1559,2008-09-06,2008
7489,642,1559,1260,2008-09-06,2008
7490,642,1628,2995,2008-09-06,2008
7490,642,2995,1628,2008-09-06,2008
7491,642,2424,1953,2008-09-06,2008
7491,642,1953,2424,2008-09-06,2008
7492,642,2019,478,2008-09-06,2008
7492,642,478,2019,2008-09-06,2008
7493,642,3057,3964,2008-09-06,2008
7493,642,3964,3057,2008-09-06,2008
7494,642,393,3036,2008-09-06,2008
7494,642,3036,393,2008-09-06,2008
7495,642,2336,2138,2008-09-06,2008
7495,642,2138,2336,2008-09-06,2008
7496,642,688,609,2008-09-06,2008
7496,642,609,688,2008-09-06,2008
7497,643,3830,1222,2008-08-09,2008
7497,643,1222,3830,2008-08-09,2008
7498,643,2224,1658,2008-08-09,2008
7498,643,1658,2224,2008-08-09,2008
7499,643,1102,1323,2008-08-09,2008
7499,643,1323,1102,2008-08-09,2008
7500,643,1232,1746,2008-08-09,2008
7500,643,1746,1232,2008-08-09,2008
7501,643,2379,2336,2008-08-09,2008
7501,643,2336,2379,2008-08-09,2008
7502,643,2508,830,2008-08-09,2008
7502,643,830,2508,2008-08-09,2008
7503,643,2073,1146,2008-08-09,2008
7503,643,1146,2073,2008-08-09,2008
7504,643,1893,1527,2008-08-09,2008
7504,643,1527,1893,2008-08-09,2008
7505,643,4310,494,2008-08-09,2008
7505,643,494,4310,2008-08-09,2008
7506,643,3565,4001,2008-08-09,2008
7506,643,4001,3565,2008-08-09,2008
7507,644,3678,1792,2008-07-19,2008
7507,644,1792,3678,2008-07-19,2008
7508,644,4156,149,2008-07-19,2008
7508,644,149,4156,2008-07-19,2008
7509,644,1067,1255,2008-07-19,2008
7509,644,1255,1067,2008-07-19,2008
7510,644,4149,2889,2008-07-19,2008
7510,644,2889,4149,2008-07-19,2008
7511,644,524,1868,2008-07-19,2008
7511,644,1868,524,2008-07-19,2008
7512,644,987,3969,2008-07-19,2008
7512,644,3969,987,2008-07-19,2008
7513,644,804,4377,2008-07-19,2008
7513,644,4377,804,2008-07-19,2008
7514,644,2420,1166,2008-07-19,2008
7514,644,1166,2420,2008-07-19,2008
7515,644,2301,3265,2008-07-19,2008
7515,644,3265,2301,2008-07-19,2008
7516,644,374,1368,2008-07-19,2008
7516,644,1368,374,2008-07-19,2008
7517,644,1512,1592,2008-07-19,2008
7517,644,1592,1512,2008-07-19,2008
7518,645,1491,1816,2008-07-05,2008
7518,645,1816,1491,2008-07-05,2008
7519,645,787,93,2008-07-05,2008
7519,645,93,787,2008-07-05,2008
7520,645,3855,4013,2008-07-05,2008
7520,645,4013,3855,2008-07-05,2008
7521,645,2079,2332,2008-07-05,2008
7521,645,2332,2079,2008-07-05,2008
7522,645,1492,216,2008-07-05,2008
7522,645,216,1492,2008-07-05,2008
7523,645,1421,2510,2008-07-05,2008
7523,645,2510,1421,2008-07-05,2008
7524,645,2606,1522,2008-07-05,2008
7524,645,1522,2606,2008-07-05,2008
7525,645,1515,3735,2008-07-05,2008
7525,645,3735,1515,2008-07-05,2008
7526,645,502,1671,2008-07-05,2008
7526,645,1671,502,2008-07-05,2008
7527,646,1502,3956,2008-06-21,2008
7527,646,3956,1502,2008-06-21,2008
7528,646,3452,987,2008-06-21,2008
7528,646,987,3452,2008-06-21,2008
7529,646,3493,1215,2008-06-21,2008
7529,646,1215,3493,2008-06-21,2008
7530,646,1219,3852,2008-06-21,2008
7530,646,3852,1219,2008-06-21,2008
7531,646,3309,3326,2008-06-21,2008
7531,646,3326,3309,2008-06-21,2008
7532,646,1613,520,2008-06-21,2008
7532,646,520,1613,2008-06-21,2008
7533,646,2518,1059,2008-06-21,2008
7533,646,1059,2518,2008-06-21,2008
7534,646,478,188,2008-06-21,2008
7534,646,188,478,2008-06-21,2008
7535,646,2267,1724,2008-06-21,2008
7535,646,1724,2267,2008-06-21,2008
7536,646,2035,4405,2008-06-21,2008
7536,646,4405,2035,2008-06-21,2008
7537,647,112,1748,2008-06-07,2008
7537,647,1748,112,2008-06-07,2008
7538,647,367,891,2008-06-07,2008
7538,647,891,367,2008-06-07,2008
7539,647,3914,879,2008-06-07,2008
7539,647,879,3914,2008-06-07,2008
7540,647,2207,2424,2008-06-07,2008
7540,647,2424,2207,2008-06-07,2008
7541,647,4270,4156,2008-06-07,2008
7541,647,4156,4270,2008-06-07,2008
7542,647,1953,3325,2008-06-07,2008
7542,647,3325,1953,2008-06-07,2008
7543,647,4316,3964,2008-06-07,2008
7543,647,3964,4316,2008-06-07,2008
7544,647,524,609,2008-06-07,2008
7544,647,609,524,2008-06-07,2008
7545,647,585,2138,2008-06-07,2008
7545,647,2138,585,2008-06-07,2008
7546,647,3968,2242,2008-06-07,2008
7546,647,2242,3968,2008-06-07,2008
7547,647,1572,3494,2008-06-07,2008
7547,647,3494,1572,2008-06-07,2008
7548,648,3066,3648,2008-05-24,2008
7548,648,3648,3066,2008-05-24,2008
7549,648,3679,1835,2008-05-24,2008
7549,648,1835,3679,2008-05-24,2008
7550,648,3273,1450,2008-05-24,2008
7550,648,1450,3273,2008-05-24,2008
7551,648,2345,2949,2008-05-24,2008
7551,648,2949,2345,2008-05-24,2008
7552,648,3680,2567,2008-05-24,2008
7552,648,2567,3680,2008-05-24,2008
7553,648,2995,3475,2008-05-24,2008
7553,648,3475,2995,2008-05-24,2008
7554,648,3773,2780,2008-05-24,2008
7554,648,2780,3773,2008-05-24,2008
7555,648,714,1138,2008-05-24,2008
7555,648,1138,714,2008-05-24,2008
7556,648,4392,2346,2008-05-24,2008
7556,648,2346,4392,2008-05-24,2008
7557,648,2019,3953,2008-05-24,2008
7557,648,3953,2019,2008-05-24,2008
7558,648,625,4267,2008-05-24,2008
7558,648,4267,625,2008-05-24,2008
7559,649,3830,3626,2008-04-19,2008
7559,649,3626,3830,2008-04-19,2008
7560,649,1260,2326,2008-04-19,2008
7560,649,2326,1260,2008-04-19,2008
7561,649,3207,3841,2008-04-19,2008
7561,649,3841,3207,2008-04-19,2008
7562,649,367,2502,2008-04-19,2008
7562,649,2502,367,2008-04-19,2008
7563,649,871,389,2008-04-19,2008
7563,649,389,871,2008-04-19,2008
7564,649,2336,983,2008-04-19,2008
7564,649,983,2336,2008-04-19,2008
7565,649,891,318,2008-04-19,2008
7565,649,318,891,2008-04-19,2008
7566,649,2379,1642,2008-04-19,2008
7566,649,1642,2379,2008-04-19,2008
7567,649,714,3876,2008-04-19,2008
7567,649,3876,714,2008-04-19,2008
7568,649,4149,2712,2008-04-19,2008
7568,649,2712,4149,2008-04-19,2008
7569,649,1448,1681,2008-04-19,2008
7569,649,1681,1448,2008-04-19,2008
7570,650,1232,2160,2008-04-02,2008
7570,650,2160,1232,2008-04-02,2008
7571,650,2492,1067,2008-04-02,2008
7571,650,1067,2492,2008-04-02,2008
7572,650,112,3009,2008-04-02,2008
7572,650,3009,112,2008-04-02,2008
7573,650,1559,393,2008-04-02,2008
7573,650,393,1559,2008-04-02,2008
7574,650,956,3057,2008-04-02,2008
7574,650,3057,956,2008-04-02,2008
7575,650,1792,70,2008-04-02,2008
7575,650,70,1792,2008-04-02,2008
7576,650,2814,4000,2008-04-02,2008
7576,650,4000,2814,2008-04-02,2008
7577,650,216,3343,2008-04-02,2008
7577,650,3343,216,2008-04-02,2008
7578,650,1323,798,2008-04-02,2008
7578,650,798,1323,2008-04-02,2008
7579,650,1513,3581,2008-04-02,2008
7579,650,3581,1513,2008-04-02,2008
7580,650,3796,2642,2008-04-02,2008
7580,650,2642,3796,2008-04-02,2008
7581,650,1868,3816,2008-04-02,2008
7581,650,3816,1868,2008-04-02,2008
7582,651,3678,1628,2008-03-01,2008
7582,651,1628,3678,2008-03-01,2008
7583,651,1658,2073,2008-03-01,2008
7583,651,2073,1658,2008-03-01,2008
7584,651,2182,3468,2008-03-01,2008
7584,651,3468,2182,2008-03-01,2008
7585,651,2913,3956,2008-03-01,2008
7585,651,3956,2913,2008-03-01,2008
7586,651,1222,4310,2008-03-01,2008
7586,651,4310,1222,2008-03-01,2008
7587,651,180,2889,2008-03-01,2008
7587,651,2889,180,2008-03-01,2008
7588,651,1215,830,2008-03-01,2008
7588,651,830,1215,2008-03-01,2008
7589,651,2079,1613,2008-03-01,2008
7589,651,1613,2079,2008-03-01,2008
7590,651,3493,359,2008-03-01,2008
7590,651,359,3493,2008-03-01,2008
7591,651,1522,1554,2008-03-01,2008
7591,651,1554,1522,2008-03-01,2008
7592,652,2859,3922,2008-02-02,2008
7592,652,3922,2859,2008-02-02,2008
7593,652,2625,2224,2008-02-02,2008
7593,652,2224,2625,2008-02-02,2008
7594,652,2424,1724,2008-02-02,2008
7594,652,1724,2424,2008-02-02,2008
7595,652,93,4405,2008-02-02,2008
7595,652,4405,93,2008-02-02,2008
7596,652,1492,4013,2008-02-02,2008
7596,652,4013,1492,2008-02-02,2008
7597,652,2332,440,2008-02-02,2008
7597,652,440,2332,2008-02-02,2008
7598,652,393,1618,2008-02-02,2008
7598,652,1618,393,2008-02-02,2008
7599,652,1059,2436,2008-02-02,2008
7599,652,2436,1059,2008-02-02,2008
7600,652,1102,2781,2008-02-02,2008
7600,652,2781,1102,2008-02-02,2008
7601,653,3914,520,2008-01-23,2008
7601,653,520,3914,2008-01-23,2008
7602,653,787,2518,2008-01-23,2008
7602,653,2518,787,2008-01-23,2008
7603,653,3964,2942,2008-01-23,2008
7603,653,2942,3964,2008-01-23,2008
7604,653,956,3354,2008-01-23,2008
7604,653,3354,956,2008-01-23,2008
7605,653,3057,803,2008-01-23,2008
7605,653,803,3057,2008-01-23,2008
7606,653,2492,3735,2008-01-23,2008
7606,653,3735,2492,2008-01-23,2008
7607,653,3852,2606,2008-01-23,2008
7607,653,2606,3852,2008-01-23,2008
7608,653,1671,4162,2008-01-23,2008
7608,653,4162,1671,2008-01-23,2008
7609,653,4316,502,2008-01-23,2008
7609,653,502,4316,2008-01-23,2008
7610,654,3066,3855,2008-01-19,2008
7610,654,3855,3066,2008-01-19,2008
7611,654,4270,1421,2008-01-19,2008
7611,654,1421,4270,2008-01-19,2008
7612,654,879,2242,2008-01-19,2008
7612,654,2242,879,2008-01-19,2008
7613,654,1450,2138,2008-01-19,2008
7613,654,2138,1450,2008-01-19,2008
7614,654,3325,1502,2008-01-19,2008
7614,654,1502,3325,2008-01-19,2008
7615,654,1572,3353,2008-01-19,2008
7615,654,3353,1572,2008-01-19,2008
7616,654,1992,3968,2008-01-19,2008
7616,654,3968,1992,2008-01-19,2008
7617,654,3468,2187,2008-01-19,2008
7617,654,2187,3468,2008-01-19,2008
7618,654,3876,1080,2008-01-19,2008
7618,654,1080,3876,2008-01-19,2008
7619,655,3830,1748,2007-12-29,2007
7619,655,1748,3830,2007-12-29,2007
7620,655,2243,3679,2007-12-29,2007
7620,655,3679,2243,2007-12-29,2007
7621,655,3494,2994,2007-12-29,2007
7621,655,2994,3494,2007-12-29,2007
7622,655,2345,3773,2007-12-29,2007
7622,655,3773,2345,2007-12-29,2007
7623,655,714,1515,2007-12-29,2007
7623,655,1515,714,2007-12-29,2007
7624,655,1792,585,2007-12-29,2007
7624,655,585,1792,2007-12-29,2007
7625,655,1323,2657,2007-12-29,2007
7625,655,2657,1323,2007-12-29,2007
7626,655,2267,3217,2007-12-29,2007
7626,655,3217,2267,2007-12-29,2007
7627,655,609,937,2007-12-29,2007
7627,655,937,609,2007-12-29,2007
7628,655,389,1144,2007-12-29,2007
7628,655,1144,389,2007-12-29,2007
7629,656,1746,1513,2007-12-08,2007
7629,656,1513,1746,2007-12-08,2007
7630,656,871,3816,2007-12-08,2007
7630,656,3816,871,2007-12-08,2007
7631,656,2346,3390,2007-12-08,2007
7631,656,3390,2346,2007-12-08,2007
7632,656,3796,2599,2007-12-08,2007
7632,656,2599,3796,2007-12-08,2007
7633,656,3565,278,2007-12-08,2007
7633,656,278,3565,2007-12-08,2007
7634,656,2399,1669,2007-12-08,2007
7634,656,1669,2399,2007-12-08,2007
7635,656,188,2069,2007-12-08,2007
7635,656,2069,188,2007-12-08,2007
7636,656,2642,3180,2007-12-08,2007
7636,656,3180,2642,2007-12-08,2007
7637,656,1448,1358,2007-12-08,2007
7637,656,1358,1448,2007-12-08,2007
7638,657,1143,367,2007-11-17,2007
7638,657,367,1143,2007-11-17,2007
7639,657,3680,70,2007-11-17,2007
7639,657,70,3680,2007-11-17,2007
7640,657,3009,688,2007-11-17,2007
7640,657,688,3009,2007-11-17,2007
7641,657,1642,983,2007-11-17,2007
7641,657,983,1642,2007-11-17,2007
7642,657,1067,1219,2007-11-17,2007
7642,657,1219,1067,2007-11-17,2007
7643,657,112,2332,2007-11-17,2007
7643,657,2332,112,2007-11-17,2007
7644,657,2160,3270,2007-11-17,2007
7644,657,3270,2160,2007-11-17,2007
7645,657,216,641,2007-11-17,2007
7645,657,641,216,2007-11-17,2007
7646,657,1420,2508,2007-11-17,2007
7646,657,2508,1420,2007-11-17,2007
7647,658,3678,1260,2007-10-20,2007
7647,658,1260,3678,2007-10-20,2007
7648,658,3922,4156,2007-10-20,2007
7648,658,4156,3922,2007-10-20,2007
7649,658,3354,1522,2007-10-20,2007
7649,658,1522,3354,2007-10-20,2007
7650,658,410,3574,2007-10-20,2007
7650,658,3574,410,2007-10-20,2007
7651,658,318,3841,2007-10-20,2007
7651,658,3841,318,2007-10-20,2007
7652,658,2913,2336,2007-10-20,2007
7652,658,2336,2913,2007-10-20,2007
7653,658,2379,1851,2007-10-20,2007
7653,658,1851,2379,2007-10-20,2007
7654,658,520,3115,2007-10-20,2007
7654,658,3115,520,2007-10-20,2007
7655,658,1490,373,2007-10-20,2007
7655,658,373,1490,2007-10-20,2007
7656,659,1835,2243,2007-09-22,2007
7656,659,2243,1835,2007-09-22,2007
7657,659,1491,3430,2007-09-22,2007
7657,659,3430,1491,2007-09-22,2007
7658,659,1222,3493,2007-09-22,2007
7658,659,3493,1222,2007-09-22,2007
7659,659,2345,2780,2007-09-22,2007
7659,659,2780,2345,2007-09-22,2007
7660,659,1492,3964,2007-09-22,2007
7660,659,3964,1492,2007-09-22,2007
7661,659,714,1868,2007-09-22,2007
7661,659,1868,714,2007-09-22,2007
7662,659,3852,3549,2007-09-22,2007
7662,659,3549,3852,2007-09-22,2007
7663,659,4267,1938,2007-09-22,2007
7663,659,1938,4267,2007-09-22,2007
7664,659,4316,2942,2007-09-22,2007
7664,659,2942,4316,2007-09-22,2007
7665,660,1232,4000,2007-09-19,2007
7665,660,4000,1232,2007-09-19,2007
7666,660,2182,2436,2007-09-19,2007
7666,660,2436,2182,2007-09-19,2007
7667,660,956,208,2007-09-19,2007
7667,660,208,956,2007-09-19,2007
7668,660,3207,3614,2007-09-19,2007
7668,660,3614,3207,2007-09-19,2007
7669,660,830,902,2007-09-19,2007
7669,660,902,830,2007-09-19,2007
7670,660,2606,1334,2007-09-19,2007
7670,660,1334,2606,2007-09-19,2007
7671,660,2492,4162,2007-09-19,2007
7671,660,4162,2492,2007-09-19,2007
7672,660,112,1681,2007-09-19,2007
7672,660,1681,112,2007-09-19,2007
7673,660,1613,1448,2007-09-19,2007
7673,660,1448,1613,2007-09-19,2007
7674,661,1816,1628,2007-09-08,2007
7674,661,1628,1816,2007-09-08,2007
7675,661,367,1559,2007-09-08,2007
7675,661,1559,367,2007-09-08,2007
7676,661,2073,1210,2007-09-08,2007
7676,661,1210,2073,2007-09-08,2007
7677,661,879,3968,2007-09-08,2007
7677,661,3968,879,2007-09-08,2007
7678,661,70,3468,2007-09-08,2007
7678,661,3468,70,2007-09-08,2007
7679,661,4013,1138,2007-09-08,2007
7679,661,1138,4013,2007-09-08,2007
7680,661,3680,1019,2007-09-08,2007
7680,661,1019,3680,2007-09-08,2007
7681,661,3735,2081,2007-09-08,2007
7681,661,2081,3735,2007-09-08,2007
7682,661,2242,4035,2007-09-08,2007
7682,661,4035,2242,2007-09-08,2007
7683,662,792,1421,2007-08-25,2007
7683,662,1421,792,2007-08-25,2007
7684,662,3830,2079,2007-08-25,2007
7684,662,2079,3830,2007-08-25,2007
7685,662,1746,803,2007-08-25,2007
7685,662,803,1746,2007-08-25,2007
7686,662,3855,3057,2007-08-25,2007
7686,662,3057,3855,2007-08-25,2007
7687,662,787,1502,2007-08-25,2007
7687,662,1502,787,2007-08-25,2007
7688,662,3772,1618,2007-08-25,2007
7688,662,1618,3772,2007-08-25,2007
7689,662,2625,1572,2007-08-25,2007
7689,662,1572,2625,2007-08-25,2007
7690,662,2207,1851,2007-08-25,2007
7690,662,1851,2207,2007-08-25,2007
7691,662,1513,216,2007-08-25,2007
7691,662,216,1513,2007-08-25,2007
7692,663,1232,3354,2007-07-07,2007
7692,663,3354,1232,2007-07-07,2007
7693,663,3678,2424,2007-07-07,2007
7693,663,2424,3678,2007-07-07,2007
7695,663,3648,1255,2007-07-07,2007
7695,663,1255,3648,2007-07-07,2007
7696,663,2859,1658,2007-07-07,2007
7696,663,1658,2859,2007-07-07,2007
7697,663,410,2837,2007-07-07,2007
7697,663,2837,410,2007-07-07,2007
7698,663,1522,3549,2007-07-07,2007
7698,663,3549,1522,2007-07-07,2007
7699,663,2332,1381,2007-07-07,2007
7699,663,1381,2332,2007-07-07,2007
7700,663,1067,389,2007-07-07,2007
7700,663,389,1067,2007-07-07,2007
7701,664,3066,3197,2007-06-23,2007
7701,664,3197,3066,2007-06-23,2007
7702,664,956,1323,2007-06-23,2007
7702,664,1323,956,2007-06-23,2007
7703,664,2207,3915,2007-06-23,2007
7703,664,3915,2207,2007-06-23,2007
7704,664,1746,1144,2007-06-23,2007
7704,664,1144,1746,2007-06-23,2007
7705,664,2160,2561,2007-06-23,2007
7705,664,2561,2160,2007-06-23,2007
7706,664,2606,4231,2007-06-23,2007
7706,664,4231,2606,2007-06-23,2007
7708,664,1334,350,2007-06-23,2007
7708,664,350,1334,2007-06-23,2007
7709,664,4316,1359,2007-06-23,2007
7709,664,1359,4316,2007-06-23,2007
7710,665,1260,2913,2007-06-16,2007
7710,665,2913,1260,2007-06-16,2007
7711,665,1491,3231,2007-06-16,2007
7711,665,3231,1491,2007-06-16,2007
7712,665,2336,3725,2007-06-16,2007
7712,665,3725,2336,2007-06-16,2007
7713,665,1492,1513,2007-06-16,2007
7713,665,1513,1492,2007-06-16,2007
7714,665,1642,3745,2007-06-16,2007
7714,665,3745,1642,2007-06-16,2007
7715,665,879,3953,2007-06-16,2007
7715,665,3953,879,2007-06-16,2007
7716,665,3494,3353,2007-06-16,2007
7716,665,3353,3494,2007-06-16,2007
7717,665,1613,2330,2007-06-16,2007
7717,665,2330,1613,2007-06-16,2007
7718,666,1219,3876,2007-06-12,2007
7718,666,3876,1219,2007-06-12,2007
7719,666,1222,609,2007-06-12,2007
7719,666,609,1222,2007-06-12,2007
7720,666,2518,3217,2007-06-12,2007
7720,666,3217,2518,2007-06-12,2007
7721,666,3964,373,2007-06-12,2007
7721,666,373,3964,2007-06-12,2007
7722,666,3115,1215,2007-06-12,2007
7722,666,1215,3115,2007-06-12,2007
7723,666,2508,3828,2007-06-12,2007
7723,666,3828,2508,2007-06-12,2007
7724,666,4013,798,2007-06-12,2007
7724,666,798,4013,2007-06-12,2007
7725,666,1868,3269,2007-06-12,2007
7725,666,3269,1868,2007-06-12,2007
7726,666,2657,641,2007-06-12,2007
7726,666,641,2657,2007-06-12,2007
7727,667,1816,2243,2007-05-26,2007
7727,667,2243,1816,2007-05-26,2007
7728,667,3009,520,2007-05-26,2007
7728,667,520,3009,2007-05-26,2007
7729,667,2436,3475,2007-05-26,2007
7729,667,3475,2436,2007-05-26,2007
7730,667,70,1835,2007-05-26,2007
7730,667,1835,70,2007-05-26,2007
7731,667,3841,2182,2007-05-26,2007
7731,667,2182,3841,2007-05-26,2007
7732,667,3680,1792,2007-05-26,2007
7732,667,1792,3680,2007-05-26,2007
7733,667,318,3483,2007-05-26,2007
7733,667,3483,318,2007-05-26,2007
7734,667,4000,3852,2007-05-26,2007
7734,667,3852,4000,2007-05-26,2007
7735,667,1450,2427,2007-05-26,2007
7735,667,2427,1450,2007-05-26,2007
7736,668,1421,1210,2007-04-21,2007
7736,668,1210,1421,2007-04-21,2007
7737,668,180,4270,2007-04-21,2007
7737,668,4270,180,2007-04-21,2007
7738,668,367,3728,2007-04-21,2007
7738,668,3728,367,2007-04-21,2007
7739,668,2345,1618,2007-04-21,2007
7739,668,1618,2345,2007-04-21,2007
7740,668,2073,3677,2007-04-21,2007
7740,668,3677,2073,2007-04-21,2007
7741,668,1138,1490,2007-04-21,2007
7741,668,1490,1138,2007-04-21,2007
7742,668,208,2188,2007-04-21,2007
7742,668,2188,208,2007-04-21,2007
7743,668,3468,4120,2007-04-21,2007
7743,668,4120,3468,2007-04-21,2007
7744,668,2242,3735,2007-04-21,2007
7744,668,3735,2242,2007-04-21,2007
7745,668,3968,902,2007-04-21,2007
7745,668,902,3968,2007-04-21,2007
7746,669,3626,3830,2007-04-07,2007
7746,669,3830,3626,2007-04-07,2007
7747,669,2079,3493,2007-04-07,2007
7747,669,3493,2079,2007-04-07,2007
7748,669,1746,1334,2007-04-07,2007
7748,669,1334,1746,2007-04-07,2007
7749,669,2913,3914,2007-04-07,2007
7749,669,3914,2913,2007-04-07,2007
7750,669,1502,318,2007-04-07,2007
7750,669,318,1502,2007-04-07,2007
7751,669,1658,1779,2007-04-07,2007
7751,669,1779,1658,2007-04-07,2007
7752,669,2207,3614,2007-04-07,2007
7752,669,3614,2207,2007-04-07,2007
7753,669,879,3828,2007-04-07,2007
7753,669,3828,879,2007-04-07,2007
7754,669,830,1612,2007-04-07,2007
7754,669,1612,830,2007-04-07,2007
7755,670,3855,1515,2007-04-05,2007
7755,670,1515,3855,2007-04-05,2007
7756,670,2510,1572,2007-04-05,2007
7756,670,1572,2510,2007-04-05,2007
7757,670,1232,2633,2007-04-05,2007
7757,670,2633,1232,2007-04-05,2007
7758,670,1450,3111,2007-04-05,2007
7758,670,3111,1450,2007-04-05,2007
7759,670,1198,2781,2007-04-05,2007
7759,670,2781,1198,2007-04-05,2007
7760,670,3057,2657,2007-04-05,2007
7760,670,2657,3057,2007-04-05,2007
7761,670,1681,3115,2007-04-05,2007
7761,670,3115,1681,2007-04-05,2007
7762,670,609,714,2007-04-05,2007
7762,670,714,609,2007-04-05,2007
7763,670,3964,2081,2007-04-05,2007
7763,670,2081,3964,2007-04-05,2007
7764,671,792,3922,2007-03-03,2007
7764,671,3922,792,2007-03-03,2007
7765,671,1953,2518,2007-03-03,2007
7765,671,2518,1953,2007-03-03,2007
7766,671,1260,2336,2007-03-03,2007
7766,671,2336,1260,2007-03-03,2007
7767,671,1748,2332,2007-03-03,2007
7767,671,2332,1748,2007-03-03,2007
7768,671,2138,3772,2007-03-03,2007
7768,671,3772,2138,2007-03-03,2007
7769,671,1559,1700,2007-03-03,2007
7769,671,1700,1559,2007-03-03,2007
7770,671,1222,1215,2007-03-03,2007
7770,671,1215,1222,2007-03-03,2007
7771,671,4013,934,2007-03-03,2007
7771,671,934,4013,2007-03-03,2007
7772,671,4138,1381,2007-03-03,2007
7772,671,1381,4138,2007-03-03,2007
7773,672,3678,2326,2007-02-03,2007
7773,672,2326,3678,2007-02-03,2007
7774,672,1210,3494,2007-02-03,2007
7774,672,3494,1210,2007-02-03,2007
7775,672,1746,1554,2007-02-03,2007
7775,672,1554,1746,2007-02-03,2007
7776,672,1816,1059,2007-02-03,2007
7776,672,1059,1816,2007-02-03,2007
7777,672,787,3745,2007-02-03,2007
7777,672,3745,787,2007-02-03,2007
7778,672,2436,3325,2007-02-03,2007
7778,672,3325,2436,2007-02-03,2007
7779,672,1067,1492,2007-02-03,2007
7779,672,1492,1067,2007-02-03,2007
7780,672,2345,1689,2007-02-03,2007
7780,672,1689,2345,2007-02-03,2007
7781,672,1613,3549,2007-02-03,2007
7781,672,3549,1613,2007-02-03,2007
7782,673,1143,3483,2007-01-25,2007
7782,673,3483,1143,2007-01-25,2007
7783,673,2889,1658,2007-01-25,2007
7783,673,1658,2889,2007-01-25,2007
7784,673,1255,1219,2007-01-25,2007
7784,673,1219,1255,2007-01-25,2007
7785,673,2424,2267,2007-01-25,2007
7785,673,2267,2424,2007-01-25,2007
7786,673,520,3269,2007-01-25,2007
7786,673,3269,520,2007-01-25,2007
7787,673,1642,3181,2007-01-25,2007
7787,673,3181,1642,2007-01-25,2007
7788,673,4000,1513,2007-01-25,2007
7788,673,1513,4000,2007-01-25,2007
7789,673,714,3153,2007-01-25,2007
7789,673,3153,714,2007-01-25,2007
7790,674,2243,2949,2006-12-30,2006
7790,674,2949,2243,2006-12-30,2006
7791,674,1835,1491,2006-12-30,2006
7791,674,1491,1835,2006-12-30,2006
7792,674,2336,2182,2006-12-30,2006
7792,674,2182,2336,2006-12-30,2006
7793,674,180,818,2006-12-30,2006
7793,674,818,180,2006-12-30,2006
7794,674,367,3574,2006-12-30,2006
7794,674,3574,367,2006-12-30,2006
7795,674,112,937,2006-12-30,2006
7795,674,937,112,2006-12-30,2006
7796,674,1421,2427,2006-12-30,2006
7796,674,2427,1421,2006-12-30,2006
7797,674,2913,3725,2006-12-30,2006
7797,674,3725,2913,2006-12-30,2006
7798,674,4267,3094,2006-12-30,2006
7798,674,3094,4267,2006-12-30,2006
7799,675,3493,3310,2006-12-13,2006
7799,675,3310,3493,2006-12-13,2006
7800,675,2079,1919,2006-12-13,2006
7800,675,1919,2079,2006-12-13,2006
7801,675,3009,1198,2006-12-13,2006
7801,675,1198,3009,2006-12-13,2006
7802,675,879,620,2006-12-13,2006
7802,675,620,879,2006-12-13,2006
7803,675,1618,4120,2006-12-13,2006
7803,675,4120,1618,2006-12-13,2006
7804,675,318,3520,2006-12-13,2006
7804,675,3520,318,2006-12-13,2006
7805,675,1215,2576,2006-12-13,2006
7805,675,2576,1215,2006-12-13,2006
7806,675,2153,2781,2006-12-13,2006
7806,675,2781,2153,2006-12-13,2006
7807,675,705,546,2006-12-13,2006
7807,675,546,705,2006-12-13,2006
7808,676,3830,1748,2006-11-18,2006
7808,676,1748,3830,2006-11-18,2006
7809,676,3922,2667,2006-11-18,2006
7809,676,2667,3922,2006-11-18,2006
7810,676,2518,3468,2006-11-18,2006
7810,676,3468,2518,2006-11-18,2006
7811,676,4156,2625,2006-11-18,2006
7811,676,2625,4156,2006-11-18,2006
7812,676,3855,2633,2006-11-18,2006
7812,676,2633,3855,2006-11-18,2006
7813,676,955,4013,2006-11-18,2006
7813,676,4013,955,2006-11-18,2006
7814,676,1572,3063,2006-11-18,2006
7814,676,3063,1572,2006-11-18,2006
7815,676,1792,3231,2006-11-18,2006
7815,676,3231,1792,2006-11-18,2006
7816,676,2889,3663,2006-11-18,2006
7816,676,3663,2889,2006-11-18,2006
7817,677,3626,2332,2006-11-11,2006
7817,677,2332,3626,2006-11-11,2006
7818,677,2326,787,2006-11-11,2006
7818,677,787,2326,2006-11-11,2006
7819,677,4000,714,2006-11-11,2006
7819,677,714,4000,2006-11-11,2006
7820,677,3325,941,2006-11-11,2006
7820,677,941,3325,2006-11-11,2006
7821,677,3828,1817,2006-11-11,2006
7821,677,1817,3828,2006-11-11,2006
7822,677,3745,3614,2006-11-11,2006
7822,677,3614,3745,2006-11-11,2006
7823,677,2502,3250,2006-11-11,2006
7823,677,3250,2502,2006-11-11,2006
7824,677,1953,2207,2006-11-11,2006
7824,677,2207,1953,2006-11-11,2006
7825,678,3678,1260,2006-10-14,2006
7825,678,1260,3678,2006-10-14,2006
7826,678,3648,1232,2006-10-14,2006
7826,678,1232,3648,2006-10-14,2006
7827,678,1222,1681,2006-10-14,2006
7827,678,1681,1222,2006-10-14,2006
7828,678,2427,2073,2006-10-14,2006
7828,678,2073,2427,2006-10-14,2006
7829,678,1219,2161,2006-10-14,2006
7829,678,2161,1219,2006-10-14,2006
7830,678,2913,3841,2006-10-14,2006
7830,678,3841,2913,2006-10-14,2006
7831,678,1513,1826,2006-10-14,2006
7831,678,1826,1513,2006-10-14,2006
7832,678,3057,208,2006-10-14,2006
7832,678,208,3057,2006-10-14,2006
7833,679,2949,3641,2006-10-10,2006
7833,679,3641,2949,2006-10-10,2006
7834,679,1502,3181,2006-10-10,2006
7834,679,3181,1502,2006-10-10,2006
7835,679,2336,1642,2006-10-10,2006
7835,679,1642,2336,2006-10-10,2006
7836,679,1559,3111,2006-10-10,2006
7836,679,3111,1559,2006-10-10,2006
7837,679,2424,4220,2006-10-10,2006
7837,679,4220,2424,2006-10-10,2006
7838,679,937,1613,2006-10-10,2006
7838,679,1613,937,2006-10-10,2006
7839,679,3725,1612,2006-10-10,2006
7839,679,1612,3725,2006-10-10,2006
7840,679,112,69,2006-10-10,2006
7840,679,69,112,2006-10-10,2006
7841,679,879,3115,2006-10-10,2006
7841,679,3115,879,2006-10-10,2006
7842,680,1748,3066,2006-09-23,2006
7842,680,3066,1748,2006-09-23,2006
7843,680,3914,2279,2006-09-23,2006
7843,680,2279,3914,2006-09-23,2006
7844,680,1515,3436,2006-09-23,2006
7844,680,3436,1515,2006-09-23,2006
7845,680,1143,2138,2006-09-23,2006
7845,680,2138,1143,2006-09-23,2006
7846,680,2160,3197,2006-09-23,2006
7846,680,3197,2160,2006-09-23,2006
7847,680,1746,934,2006-09-23,2006
7847,680,934,1746,2006-09-23,2006
7848,680,3494,2822,2006-09-23,2006
7848,680,2822,3494,2006-09-23,2006
7849,680,1522,2,2006-09-23,2006
7849,680,2,1522,2006-09-23,2006
7850,680,1492,2188,2006-09-23,2006
7850,680,2188,1492,2006-09-23,2006
7851,681,2243,3772,2006-08-26,2006
7851,681,3772,2243,2006-08-26,2006
7852,681,1491,410,2006-08-26,2006
7852,681,410,1491,2006-08-26,2006
7853,681,955,2814,2006-08-26,2006
7853,681,2814,955,2006-08-26,2006
7854,681,2073,4267,2006-08-26,2006
7854,681,4267,2073,2006-08-26,2006
7855,681,1255,4138,2006-08-26,2006
7855,681,4138,1255,2006-08-26,2006
7856,681,3574,2337,2006-08-26,2006
7856,681,2337,3574,2006-08-26,2006
7857,681,1450,740,2006-08-26,2006
7857,681,740,1450,2006-08-26,2006
7858,681,1618,4226,2006-08-26,2006
7858,681,4226,1618,2006-08-26,2006
7859,681,2913,318,2006-08-26,2006
7859,681,318,2913,2006-08-26,2006
7860,682,3493,3009,2006-08-17,2006
7860,682,3009,3493,2006-08-17,2006
7861,682,2182,3520,2006-08-17,2006
7861,682,3520,2182,2006-08-17,2006
7862,682,2267,3552,2006-08-17,2006
7862,682,3552,2267,2006-08-17,2006
7863,682,2079,1448,2006-08-17,2006
7863,682,1448,2079,2006-08-17,2006
7864,682,1953,4220,2006-08-17,2006
7864,682,4220,1953,2006-08-17,2006
7865,682,3310,4202,2006-08-17,2006
7865,682,4202,3310,2006-08-17,2006
7866,682,2889,2594,2006-08-17,2006
7866,682,2594,2889,2006-08-17,2006
7867,682,3115,2706,2006-08-17,2006
7867,682,2706,3115,2006-08-17,2006
7868,682,4035,1615,2006-08-17,2006
7868,682,1615,4035,2006-08-17,2006
7869,683,3922,180,2006-07-08,2006
7869,683,180,3922,2006-07-08,2006
7870,683,520,2814,2006-07-08,2006
7870,683,2814,520,2006-07-08,2006
7871,683,2949,3641,2006-07-08,2006
7871,683,3641,2949,2006-07-08,2006
7872,683,2625,693,2006-07-08,2006
7872,683,693,2625,2006-07-08,2006
7873,683,3855,1070,2006-07-08,2006
7873,683,1070,3855,2006-07-08,2006
7874,683,1255,1913,2006-07-08,2006
7874,683,1913,1255,2006-07-08,2006
7875,683,2667,3094,2006-07-08,2006
7875,683,3094,2667,2006-07-08,2006
7876,683,2073,60,2006-07-08,2006
7876,683,60,2073,2006-07-08,2006
7877,683,1198,3057,2006-07-08,2006
7877,683,3057,1198,2006-07-08,2006
7878,684,1448,830,2006-06-28,2006
7878,684,830,1448,2006-06-28,2006
7879,684,3678,2182,2006-06-28,2006
7879,684,2182,3678,2006-06-28,2006
7880,684,1143,410,2006-06-28,2006
7880,684,410,1143,2006-06-28,2006
7881,684,1709,1522,2006-06-28,2006
7881,684,1522,1709,2006-06-28,2006
7882,684,2079,2576,2006-06-28,2006
7882,684,2576,2079,2006-06-28,2006
7883,684,2138,1678,2006-06-28,2006
7883,684,1678,2138,2006-06-28,2006
7884,684,1222,112,2006-06-28,2006
7884,684,112,1222,2006-06-28,2006
7885,684,2337,3417,2006-06-28,2006
7885,684,3417,2337,2006-06-28,2006
7886,684,3520,2228,2006-06-28,2006
7886,684,2228,3520,2006-06-28,2006
7887,685,1232,3876,2006-06-24,2006
7887,685,3876,1232,2006-06-24,2006
7888,685,367,1612,2006-06-24,2006
7888,685,1612,367,2006-06-24,2006
7889,685,1502,1642,2006-06-24,2006
7889,685,1642,1502,2006-06-24,2006
7890,685,1835,1450,2006-06-24,2006
7890,685,1450,1835,2006-06-24,2006
7891,685,3725,3153,2006-06-24,2006
7891,685,3153,3725,2006-06-24,2006
7892,685,3841,2,2006-06-24,2006
7892,685,2,3841,2006-06-24,2006
7893,685,1215,1762,2006-06-24,2006
7893,685,1762,1215,2006-06-24,2006
7894,685,1559,1242,2006-06-24,2006
7894,685,1242,1559,2006-06-24,2006
7895,685,2837,740,2006-06-24,2006
7895,685,740,2837,2006-06-24,2006
7896,686,1748,1456,2006-05-27,2006
7896,686,1456,1748,2006-05-27,2006
7897,686,2267,3468,2006-05-27,2006
7897,686,3468,2267,2006-05-27,2006
7898,686,3493,69,2006-05-27,2006
7898,686,69,3493,2006-05-27,2006
7899,686,4156,3677,2006-05-27,2006
7899,686,3677,4156,2006-05-27,2006
7900,686,3914,3310,2006-05-27,2006
7900,686,3310,3914,2006-05-27,2006
7901,686,1724,3785,2006-05-27,2006
7901,686,3785,1724,2006-05-27,2006
7902,686,1219,4316,2006-05-27,2006
7902,686,4316,1219,2006-05-27,2006
7903,686,1421,3580,2006-05-27,2006
7903,686,3580,1421,2006-05-27,2006
7904,686,1515,878,2006-05-27,2006
7904,686,878,1515,2006-05-27,2006
7905,687,3922,180,2006-04-15,2006
7905,687,180,3922,2006-04-15,2006
7906,687,3648,955,2006-04-15,2006
7906,687,955,3648,2006-04-15,2006
7907,687,2949,1491,2006-04-15,2006
7907,687,1491,2949,2006-04-15,2006
7908,687,3956,2228,2006-04-15,2006
7908,687,2228,3956,2006-04-15,2006
7909,687,2667,818,2006-04-15,2006
7909,687,818,2667,2006-04-15,2006
7910,687,3009,4005,2006-04-15,2006
7910,687,4005,3009,2006-04-15,2006
7911,687,3987,3745,2006-04-15,2006
7911,687,3745,3987,2006-04-15,2006
7912,687,2138,2436,2006-04-15,2006
7912,687,2436,2138,2006-04-15,2006
7913,687,112,2855,2006-04-15,2006
7913,687,2855,112,2006-04-15,2006
7914,688,410,1835,2006-04-06,2006
7914,688,1835,410,2006-04-06,2006
7915,688,1143,1689,2006-04-06,2006
7915,688,1689,1143,2006-04-06,2006
7916,688,2814,3855,2006-04-06,2006
7916,688,3855,2814,2006-04-06,2006
7917,688,2182,1215,2006-04-06,2006
7917,688,1215,2182,2006-04-06,2006
7918,688,830,4202,2006-04-06,2006
7918,688,4202,830,2006-04-06,2006
7919,688,1222,520,2006-04-06,2006
7919,688,520,1222,2006-04-06,2006
7920,688,693,1779,2006-04-06,2006
7920,688,1779,693,2006-04-06,2006
7921,688,2079,657,2006-04-06,2006
7921,688,657,2079,2006-04-06,2006
7922,688,3785,3173,2006-04-06,2006
7922,688,3173,3785,2006-04-06,2006
7923,689,1260,2279,2006-03-04,2006
7923,689,2279,1260,2006-03-04,2006
7924,689,3914,4179,2006-03-04,2006
7924,689,4179,3914,2006-03-04,2006
7925,689,3830,3066,2006-03-04,2006
7925,689,3066,3830,2006-03-04,2006
7926,689,2424,983,2006-03-04,2006
7926,689,983,2424,2006-03-04,2006
7927,689,1709,1070,2006-03-04,2006
7927,689,1070,1709,2006-03-04,2006
7928,689,3876,1219,2006-03-04,2006
7928,689,1219,3876,2006-03-04,2006
7929,689,2138,2337,2006-03-04,2006
7929,689,2337,2138,2006-03-04,2006
7930,689,2752,2150,2006-03-04,2006
7930,689,2150,2752,2006-03-04,2006
7931,690,2243,792,2006-02-04,2006
7931,690,792,2243,2006-02-04,2006
7932,690,4156,1078,2006-02-04,2006
7932,690,1078,4156,2006-02-04,2006
7933,690,818,2625,2006-02-04,2006
7933,690,2625,818,2006-02-04,2006
7934,690,3772,4125,2006-02-04,2006
7934,690,4125,3772,2006-02-04,2006
7935,690,3310,955,2006-02-04,2006
7935,690,955,3310,2006-02-04,2006
7936,690,3468,3728,2006-02-04,2006
7936,690,3728,3468,2006-02-04,2006
7937,690,512,60,2006-02-04,2006
7937,690,60,512,2006-02-04,2006
7938,690,2667,1678,2006-02-04,2006
7938,690,1678,2667,2006-02-04,2006
7939,690,1835,4282,2006-02-04,2006
7939,690,4282,1835,2006-02-04,2006
7940,691,3922,3677,2006-01-16,2006
7940,691,3677,3922,2006-01-16,2006
7941,691,410,1792,2006-01-16,2006
7941,691,1792,410,2006-01-16,2006
7942,691,520,1198,2006-01-16,2006
7942,691,1198,520,2006-01-16,2006
7943,691,2182,3325,2006-01-16,2006
7943,691,3325,2182,2006-01-16,2006
7944,691,2814,1515,2006-01-16,2006
7944,691,1515,2814,2006-01-16,2006
7945,691,2316,1448,2006-01-16,2006
7945,691,1448,2316,2006-01-16,2006
7946,691,1219,3312,2006-01-16,2006
7946,691,3312,1219,2006-01-16,2006
7947,691,4202,1965,2006-01-16,2006
7947,691,1965,4202,2006-01-16,2006
7948,692,1260,3207,2005-11-19,2005
7948,692,3207,1260,2005-11-19,2005
7949,692,1421,1912,2005-11-19,2005
7949,692,1912,1421,2005-11-19,2005
7950,692,1748,3310,2005-11-19,2005
7950,692,3310,1748,2005-11-19,2005
7951,692,3830,3648,2005-11-19,2005
7951,692,3648,3830,2005-11-19,2005
7952,692,1724,3173,2005-11-19,2005
7952,692,3173,1724,2005-11-19,2005
7953,692,1689,2828,2005-11-19,2005
7953,692,2828,1689,2005-11-19,2005
7954,692,112,657,2005-11-19,2005
7954,692,657,112,2005-11-19,2005
7955,692,4005,4321,2005-11-19,2005
7955,692,4321,4005,2005-11-19,2005
7956,693,3493,955,2005-11-05,2005
7956,693,955,3493,2005-11-05,2005
7957,693,1143,1779,2005-11-05,2005
7957,693,1779,1143,2005-11-05,2005
7958,693,3855,830,2005-11-05,2005
7958,693,830,3855,2005-11-05,2005
7959,693,1232,759,2005-11-05,2005
7959,693,759,1232,2005-11-05,2005
7960,693,520,2706,2005-11-05,2005
7960,693,2706,520,2005-11-05,2005
7961,693,1515,879,2005-11-05,2005
7961,693,879,1515,2005-11-05,2005
7962,693,1835,3575,2005-11-05,2005
7962,693,3575,1835,2005-11-05,2005
7963,694,180,512,2005-10-07,2005
7963,694,512,180,2005-10-07,2005
7964,694,1678,1329,2005-10-07,2005
7964,694,1329,1678,2005-10-07,2005
7965,694,1491,3728,2005-10-07,2005
7965,694,3728,1491,2005-10-07,2005
7966,694,3772,3785,2005-10-07,2005
7966,694,3785,3772,2005-10-07,2005
7967,694,3310,2332,2005-10-07,2005
7967,694,2332,3310,2005-10-07,2005
7968,694,3325,1550,2005-10-07,2005
7968,694,1550,3325,2005-10-07,2005
7969,694,818,2105,2005-10-07,2005
7969,694,2105,818,2005-10-07,2005
7971,695,2279,3956,2005-10-03,2005
7971,695,3956,2279,2005-10-03,2005
7972,695,2182,941,2005-10-03,2005
7972,695,941,2182,2005-10-03,2005
7973,695,4156,3580,2005-10-03,2005
7973,695,3580,4156,2005-10-03,2005
7974,695,1198,2079,2005-10-03,2005
7974,695,2079,1198,2005-10-03,2005
7975,695,1219,112,2005-10-03,2005
7975,695,112,1219,2005-10-03,2005
7976,695,1222,2153,2005-10-03,2005
7976,695,2153,1222,2005-10-03,2005
7977,695,1448,1665,2005-10-03,2005
7977,695,1665,1448,2005-10-03,2005
7978,696,2243,1724,2005-08-20,2005
7978,696,1724,2243,2005-08-20,2005
7979,696,3922,3982,2005-08-20,2005
7979,696,3982,3922,2005-08-20,2005
7980,696,792,4125,2005-08-20,2005
7980,696,4125,792,2005-08-20,2005
7981,696,3493,1347,2005-08-20,2005
7981,696,1347,3493,2005-08-20,2005
7982,696,3830,4055,2005-08-20,2005
7982,696,4055,3830,2005-08-20,2005
7983,696,2260,983,2005-08-20,2005
7983,696,983,2260,2005-08-20,2005
7984,696,3173,2326,2005-08-20,2005
7984,696,2326,3173,2005-08-20,2005
7985,696,1792,2436,2005-08-20,2005
7985,696,2436,1792,2005-08-20,2005
7986,697,2424,3475,2005-08-06,2005
7986,697,3475,2424,2005-08-06,2005
7987,697,2182,787,2005-08-06,2005
7987,697,787,2182,2005-08-06,2005
7988,697,410,1689,2005-08-06,2005
7988,697,1689,410,2005-08-06,2005
7989,697,3207,3614,2005-08-06,2005
7989,697,3614,3207,2005-08-06,2005
7990,697,2079,3828,2005-08-06,2005
7990,697,3828,2079,2005-08-06,2005
7991,697,3914,3250,2005-08-06,2005
7991,697,3250,3914,2005-08-06,2005
7992,697,1232,1965,2005-08-06,2005
7992,697,1965,1232,2005-08-06,2005
7993,697,1198,2814,2005-08-06,2005
7993,697,2814,1198,2005-08-06,2005
7994,698,180,1078,2005-06-04,2005
7994,698,1078,180,2005-06-04,2005
7995,698,3009,3626,2005-06-04,2005
7995,698,3626,3009,2005-06-04,2005
7996,698,1260,3956,2005-06-04,2005
7996,698,3956,1260,2005-06-04,2005
7997,698,1491,2377,2005-06-04,2005
7997,698,2377,1491,2005-06-04,2005
7998,698,512,1912,2005-06-04,2005
7998,698,1912,512,2005-06-04,2005
7999,698,3207,620,2005-06-04,2005
7999,698,620,3207,2005-06-04,2005
8000,698,2279,2502,2005-06-04,2005
8000,698,2502,2279,2005-06-04,2005
8001,698,955,2911,2005-06-04,2005
8001,698,2911,955,2005-06-04,2005
8002,699,2243,792,2005-04-16,2005
8002,699,792,2243,2005-04-16,2005
8003,699,3772,4323,2005-04-16,2005
8003,699,4323,3772,2005-04-16,2005
8004,699,1748,4055,2005-04-16,2005
8004,699,4055,1748,2005-04-16,2005
8005,699,2260,2326,2005-04-16,2005
8005,699,2326,2260,2005-04-16,2005
8006,699,3830,2603,2005-04-16,2005
8006,699,2603,3830,2005-04-16,2005
8007,699,3475,3310,2005-04-16,2005
8007,699,3310,3475,2005-04-16,2005
8008,699,983,787,2005-04-16,2005
8008,699,787,983,2005-04-16,2005
8009,699,4125,2429,2005-04-16,2005
8009,699,2429,4125,2005-04-16,2005
8010,700,1260,3641,2005-04-09,2005
8010,700,3641,1260,2005-04-09,2005
8011,700,1491,410,2005-04-09,2005
8011,700,410,1491,2005-04-09,2005
8012,700,3493,1232,2005-04-09,2005
8012,700,1232,3493,2005-04-09,2005
8013,700,1689,3804,2005-04-09,2005
8013,700,3804,1689,2005-04-09,2005
8014,700,2182,3993,2005-04-09,2005
8014,700,3993,2182,2005-04-09,2005
8015,700,2079,3511,2005-04-09,2005
8015,700,3511,2079,2005-04-09,2005
8016,700,3207,3723,2005-04-09,2005
8016,700,3723,3207,2005-04-09,2005
8017,700,3914,3589,2005-04-09,2005
8017,700,3589,3914,2005-04-09,2005
8018,700,1965,3221,2005-04-09,2005
8018,700,3221,1965,2005-04-09,2005
8019,701,2949,319,2005-02-05,2005
8019,701,319,2949,2005-02-05,2005
8020,701,3614,277,2005-02-05,2005
8020,701,277,3614,2005-02-05,2005
8021,701,180,3922,2005-02-05,2005
8021,701,3922,180,2005-02-05,2005
8022,701,3956,3987,2005-02-05,2005
8022,701,3987,3956,2005-02-05,2005
8023,701,512,1078,2005-02-05,2005
8023,701,1078,512,2005-02-05,2005
8024,701,2119,1792,2005-02-05,2005
8024,701,1792,2119,2005-02-05,2005
8025,701,2279,3250,2005-02-05,2005
8025,701,3250,2279,2005-02-05,2005
8026,701,3009,2332,2005-02-05,2005
8026,701,2332,3009,2005-02-05,2005
8027,701,955,1198,2005-02-05,2005
8027,701,1198,955,2005-02-05,2005
8028,702,2949,787,2004-10-22,2004
8028,702,787,2949,2004-10-22,2004
8029,702,1260,3325,2004-10-22,2004
8029,702,3325,1260,2004-10-22,2004
8030,702,1748,3830,2004-10-22,2004
8030,702,3830,1748,2004-10-22,2004
8031,702,4055,4165,2004-10-22,2004
8031,702,4165,4055,2004-10-22,2004
8032,702,3956,2166,2004-10-22,2004
8032,702,2166,3956,2004-10-22,2004
8033,702,3475,1287,2004-10-22,2004
8033,702,1287,3475,2004-10-22,2004
8034,702,2326,1059,2004-10-22,2004
8034,702,1059,2326,2004-10-22,2004
8035,703,792,319,2004-08-21,2004
8035,703,319,792,2004-08-21,2004
8036,703,3310,983,2004-08-21,2004
8036,703,983,3310,2004-08-21,2004
8037,703,2243,4276,2004-08-21,2004
8037,703,4276,2243,2004-08-21,2004
8038,703,3987,2260,2004-08-21,2004
8038,703,2260,3987,2004-08-21,2004
8039,703,1078,2119,2004-08-21,2004
8039,703,2119,1078,2004-08-21,2004
8040,703,2332,1855,2004-08-21,2004
8040,703,1855,2332,2004-08-21,2004
8041,703,3009,955,2004-08-21,2004
8041,703,955,3009,2004-08-21,2004
8042,703,1070,4009,2004-08-21,2004
8042,703,4009,1070,2004-08-21,2004
8043,704,3641,2221,2004-06-19,2004
8043,704,2221,3641,2004-06-19,2004
8044,704,4055,1550,2004-06-19,2004
8044,704,1550,4055,2004-06-19,2004
8045,704,2625,3922,2004-06-19,2004
8045,704,3922,2625,2004-06-19,2004
8046,704,1748,4165,2004-06-19,2004
8046,704,4165,1748,2004-06-19,2004
8047,704,3956,277,2004-06-19,2004
8047,704,277,3956,2004-06-19,2004
8048,704,3626,2575,2004-06-19,2004
8048,704,2575,3626,2004-06-19,2004
8049,704,3830,1665,2004-06-19,2004
8049,704,1665,3830,2004-06-19,2004
8050,704,3173,3875,2004-06-19,2004
8050,704,3875,3173,2004-06-19,2004
8051,705,2243,2949,2004-04-02,2004
8051,705,2949,2243,2004-04-02,2004
8052,705,2332,1364,2004-04-02,2004
8052,705,1364,2332,2004-04-02,2004
8053,705,1070,1255,2004-04-02,2004
8053,705,1255,1070,2004-04-02,2004
8054,705,180,771,2004-04-02,2004
8054,705,771,180,2004-04-02,2004
8055,705,955,2166,2004-04-02,2004
8055,705,2166,955,2004-04-02,2004
8056,705,2119,3719,2004-04-02,2004
8056,705,3719,2119,2004-04-02,2004
8057,705,4290,3657,2004-04-02,2004
8057,705,3657,4290,2004-04-02,2004
8058,705,3892,479,2004-04-02,2004
8058,705,479,3892,2004-04-02,2004
8059,706,319,792,2004-01-31,2004
8059,706,792,319,2004-01-31,2004
8060,706,4165,2829,2004-01-31,2004
8060,706,2829,4165,2004-01-31,2004
8061,706,3066,1748,2004-01-31,2004
8061,706,1748,3066,2004-01-31,2004
8062,706,2625,3719,2004-01-31,2004
8062,706,3719,2625,2004-01-31,2004
8063,706,2758,3325,2004-01-31,2004
8063,706,3325,2758,2004-01-31,2004
8064,706,3830,3009,2004-01-31,2004
8064,706,3009,3830,2004-01-31,2004
8065,706,4009,1255,2004-01-31,2004
8065,706,1255,4009,2004-01-31,2004
8066,706,3626,837,2004-01-31,2004
8066,706,837,3626,2004-01-31,2004
8067,707,1748,4055,2003-11-21,2003
8067,707,4055,1748,2003-11-21,2003
8068,707,2260,4193,2003-11-21,2003
8068,707,4193,2260,2003-11-21,2003
8069,707,771,5,2003-11-21,2003
8069,707,5,771,2003-11-21,2003
8070,707,3956,277,2003-11-21,2003
8070,707,277,3956,2003-11-21,2003
8071,707,2166,2332,2003-11-21,2003
8071,707,2332,2166,2003-11-21,2003
8072,707,3334,3368,2003-11-21,2003
8072,707,3368,3334,2003-11-21,2003
8073,707,3361,2248,2003-11-21,2003
8073,707,2248,3361,2003-11-21,2003
8074,707,1070,24,2003-11-21,2003
8074,707,24,1070,2003-11-21,2003
8075,708,792,2949,2003-09-26,2003
8075,708,2949,792,2003-09-26,2003
8076,708,180,2485,2003-09-26,2003
8076,708,2485,180,2003-09-26,2003
8077,708,3922,2520,2003-09-26,2003
8077,708,2520,3922,2003-09-26,2003
8078,708,3325,2279,2003-09-26,2003
8078,708,2279,3325,2003-09-26,2003
8079,708,1260,941,2003-09-26,2003
8079,708,941,1260,2003-09-26,2003
8080,708,3009,3880,2003-09-26,2003
8080,708,3880,3009,2003-09-26,2003
8081,708,4009,3882,2003-09-26,2003
8081,708,3882,4009,2003-09-26,2003
8082,708,955,1817,2003-09-26,2003
8082,708,1817,955,2003-09-26,2003
8083,708,1255,4096,2003-09-26,2003
8083,708,4096,1255,2003-09-26,2003
8084,709,792,2243,2003-06-06,2003
8084,709,2243,792,2003-06-06,2003
8085,709,2221,5,2003-06-06,2003
8085,709,5,2221,2003-06-06,2003
8086,709,319,1059,2003-06-06,2003
8086,709,1059,319,2003-06-06,2003
8088,709,2625,3719,2003-06-06,2003
8088,709,3719,2625,2003-06-06,2003
8089,709,1070,3438,2003-06-06,2003
8089,709,3438,1070,2003-06-06,2003
8090,709,4193,2260,2003-06-06,2003
8090,709,2260,4193,2003-06-06,2003
8091,709,3334,3982,2003-06-06,2003
8091,709,3982,3334,2003-06-06,2003
8092,710,1748,3648,2003-04-25,2003
8092,710,3648,1748,2003-04-25,2003
8093,710,3828,2166,2003-04-25,2003
8093,710,2166,3828,2003-04-25,2003
8094,710,3880,168,2003-04-25,2003
8094,710,168,3880,2003-04-25,2003
8095,710,771,108,2003-04-25,2003
8095,710,108,771,2003-04-25,2003
8096,710,1260,3956,2003-04-25,2003
8096,710,3956,1260,2003-04-25,2003
8097,710,2316,3892,2003-04-25,2003
8097,710,3892,2316,2003-04-25,2003
8098,710,1255,816,2003-04-25,2003
8098,710,816,1255,2003-04-25,2003
8099,710,2279,4266,2003-04-25,2003
8099,710,4266,2279,2003-04-25,2003
8100,711,3922,3368,2003-02-28,2003
8100,711,3368,3922,2003-02-28,2003
8101,711,2625,5,2003-02-28,2003
8101,711,5,2625,2003-02-28,2003
8103,711,2260,277,2003-02-28,2003
8103,711,277,2260,2003-02-28,2003
8104,711,2485,3334,2003-02-28,2003
8104,711,3334,2485,2003-02-28,2003
8105,711,4000,3626,2003-02-28,2003
8105,711,3626,4000,2003-02-28,2003
8106,711,2520,869,2003-02-28,2003
8106,711,869,2520,2003-02-28,2003
8107,711,1070,714,2003-02-28,2003
8107,711,714,1070,2003-02-28,2003
8108,712,2949,3641,2002-11-22,2002
8108,712,3641,2949,2002-11-22,2002
8109,712,2243,3772,2002-11-22,2002
8109,712,3772,2243,2002-11-22,2002
8110,712,1748,635,2002-11-22,2002
8110,712,635,1748,2002-11-22,2002
8111,712,2829,3828,2002-11-22,2002
8111,712,3828,2829,2002-11-22,2002
8112,712,2166,1364,2002-11-22,2002
8112,712,1364,2166,2002-11-22,2002
8113,712,180,1267,2002-11-22,2002
8113,712,1267,180,2002-11-22,2002
8114,712,2485,4323,2002-11-22,2002
8114,712,4323,2485,2002-11-22,2002
8115,712,2602,4266,2002-11-22,2002
8115,712,4266,2602,2002-11-22,2002
8116,713,3368,792,2002-09-27,2002
8116,713,792,3368,2002-09-27,2002
8117,713,3922,771,2002-09-27,2002
8117,713,771,3922,2002-09-27,2002
8118,713,3066,3626,2002-09-27,2002
8118,713,3626,3066,2002-09-27,2002
8119,713,4096,4000,2002-09-27,2002
8119,713,4000,4096,2002-09-27,2002
8120,713,2520,3334,2002-09-27,2002
8120,713,3334,2520,2002-09-27,2002
8121,713,277,2576,2002-09-27,2002
8121,713,2576,277,2002-09-27,2002
8122,713,2260,3475,2002-09-27,2002
8122,713,3475,2260,2002-09-27,2002
8123,713,3648,3216,2002-09-27,2002
8123,713,3216,3648,2002-09-27,2002
8124,714,1748,2829,2002-07-13,2002
8124,714,2829,1748,2002-07-13,2002
8125,714,1267,2625,2002-07-13,2002
8125,714,2625,1267,2002-07-13,2002
8126,714,4266,1815,2002-07-13,2002
8126,714,1815,4266,2002-07-13,2002
8127,714,3892,3274,2002-07-13,2002
8127,714,3274,3892,2002-07-13,2002
8128,714,2602,4440,2002-07-13,2002
8128,714,4440,2602,2002-07-13,2002
8129,714,3772,3728,2002-07-13,2002
8129,714,3728,3772,2002-07-13,2002
8130,714,3956,1596,2002-07-13,2002
8130,714,1596,3956,2002-07-13,2002
8131,715,2243,319,2002-06-22,2002
8131,715,319,2243,2002-06-22,2002
8132,715,3216,3627,2002-06-22,2002
8132,715,3627,3216,2002-06-22,2002
8133,715,3828,2246,2002-06-22,2002
8133,715,2246,3828,2002-06-22,2002
8134,715,2166,339,2002-06-22,2002
8134,715,339,2166,2002-06-22,2002
8135,715,1287,3433,2002-06-22,2002
8135,715,3433,1287,2002-06-22,2002
8136,715,1070,3138,2002-06-22,2002
8136,715,3138,1070,2002-06-22,2002
8137,716,534,2260,2002-05-10,2002
8137,716,2260,534,2002-05-10,2002
8138,716,3368,2067,2002-05-10,2002
8138,716,2067,3368,2002-05-10,2002
8139,716,3066,805,2002-05-10,2002
8139,716,805,3066,2002-05-10,2002
8140,716,277,3899,2002-05-10,2002
8140,716,3899,277,2002-05-10,2002
8141,716,4096,1070,2002-05-10,2002
8141,716,1070,4096,2002-05-10,2002
8142,716,3475,3616,2002-05-10,2002
8142,716,3616,3475,2002-05-10,2002
8144,716,2166,3312,2002-05-10,2002
8144,716,3312,2166,2002-05-10,2002
8145,717,273,792,2002-03-22,2002
8145,717,792,273,2002-03-22,2002
8146,717,3334,180,2002-03-22,2002
8146,717,180,3334,2002-03-22,2002
8147,717,1748,3472,2002-03-22,2002
8147,717,3472,1748,2002-03-22,2002
8148,717,2260,2600,2002-03-22,2002
8148,717,2600,2260,2002-03-22,2002
8149,717,3956,3728,2002-03-22,2002
8149,717,3728,3956,2002-03-22,2002
8150,717,2625,4299,2002-03-22,2002
8150,717,4299,2625,2002-03-22,2002
8151,717,3626,1038,2002-03-22,2002
8151,717,1038,3626,2002-03-22,2002
8152,717,3648,2787,2002-03-22,2002
8152,717,2787,3648,2002-03-22,2002
8153,718,3197,3066,2002-01-11,2002
8153,718,3066,3197,2002-01-11,2002
8154,718,3368,2667,2002-01-11,2002
8154,718,2667,3368,2002-01-11,2002
8155,718,534,2576,2002-01-11,2002
8155,718,2576,534,2002-01-11,2002
8156,718,2243,3899,2002-01-11,2002
8156,718,3899,2243,2002-01-11,2002
8157,718,3616,93,2002-01-11,2002
8157,718,93,3616,2002-01-11,2002
8158,718,3243,3772,2002-01-11,2002
8158,718,3772,3243,2002-01-11,2002
8159,718,635,457,2002-01-11,2002
8159,718,457,635,2002-01-11,2002
8160,718,1815,3361,2002-01-11,2002
8160,718,3361,1815,2002-01-11,2002
8161,719,792,3334,2001-11-02,2001
8161,719,3334,792,2001-11-02,2001
8162,719,3368,4299,2001-11-02,2001
8162,719,4299,3368,2001-11-02,2001
8163,719,1748,2829,2001-11-02,2001
8163,719,2829,1748,2001-11-02,2001
8164,719,3066,4096,2001-11-02,2001
8164,719,4096,3066,2001-11-02,2001
8165,719,273,1687,2001-11-02,2001
8165,719,1687,273,2001-11-02,2001
8166,719,3956,2680,2001-11-02,2001
8166,719,2680,3956,2001-11-02,2001
8167,719,2260,277,2001-11-02,2001
8167,719,277,2260,2001-11-02,2001
8168,719,2625,4050,2001-11-02,2001
8168,719,4050,2625,2001-11-02,2001
8169,720,2949,2485,2001-09-28,2001
8169,720,2485,2949,2001-09-28,2001
8170,720,3197,1550,2001-09-28,2001
8170,720,1550,3197,2001-09-28,2001
8171,720,2243,534,2001-09-28,2001
8171,720,534,2243,2001-09-28,2001
8172,720,3626,1070,2001-09-28,2001
8172,720,1070,3626,2001-09-28,2001
8173,720,2576,635,2001-09-28,2001
8173,720,635,2576,2001-09-28,2001
8174,720,2787,937,2001-09-28,2001
8174,720,937,2787,2001-09-28,2001
8175,720,93,1815,2001-09-28,2001
8175,720,1815,93,2001-09-28,2001
8176,720,4000,1772,2001-09-28,2001
8176,720,1772,4000,2001-09-28,2001
8177,721,2949,3728,2001-06-29,2001
8177,721,3728,2949,2001-06-29,2001
8178,721,3066,4000,2001-06-29,2001
8178,721,4000,3066,2001-06-29,2001
8179,721,273,3584,2001-06-29,2001
8179,721,3584,273,2001-06-29,2001
8180,721,2600,620,2001-06-29,2001
8180,721,620,2600,2001-06-29,2001
8181,721,4096,1772,2001-06-29,2001
8181,721,1772,4096,2001-06-29,2001
8182,721,2485,2070,2001-06-29,2001
8182,721,2070,2485,2001-06-29,2001
8183,721,3368,180,2001-06-29,2001
8183,721,180,3368,2001-06-29,2001
8184,721,937,3367,2001-06-29,2001
8184,721,3367,937,2001-06-29,2001
8185,722,792,3334,2001-05-04,2001
8185,722,3334,792,2001-05-04,2001
8186,722,2829,2600,2001-05-04,2001
8186,722,2600,2829,2001-05-04,2001
8187,722,2243,3243,2001-05-04,2001
8187,722,3243,2243,2001-05-04,2001
8188,722,620,3626,2001-05-04,2001
8188,722,3626,620,2001-05-04,2001
8189,722,3584,4299,2001-05-04,2001
8189,722,4299,3584,2001-05-04,2001
8190,722,2260,93,2001-05-04,2001
8190,722,93,2260,2001-05-04,2001
8191,722,3066,1376,2001-05-04,2001
8191,722,1376,3066,2001-05-04,2001
8192,722,937,339,2001-05-04,2001
8192,722,339,937,2001-05-04,2001
8193,723,2949,3956,2001-02-23,2001
8193,723,3956,2949,2001-02-23,2001
8194,723,3197,4096,2001-02-23,2001
8194,723,4096,3197,2001-02-23,2001
8195,723,1772,1865,2001-02-23,2001
8195,723,1865,1772,2001-02-23,2001
8196,723,3728,1724,2001-02-23,2001
8196,723,1724,3728,2001-02-23,2001
8197,723,3334,273,2001-02-23,2001
8197,723,273,3334,2001-02-23,2001
8199,723,277,3875,2001-02-23,2001
8199,723,3875,277,2001-02-23,2001
8200,723,3648,1364,2001-02-23,2001
8200,723,1364,3648,2001-02-23,2001
8201,724,2949,2070,2000-12-16,2000
8201,724,2070,2949,2000-12-16,2000
8202,724,2600,4359,2000-12-16,2000
8202,724,4359,2600,2000-12-16,2000
8203,724,2260,154,2000-12-16,2000
8203,724,154,2260,2000-12-16,2000
8204,724,1772,3940,2000-12-16,2000
8204,724,3940,1772,2000-12-16,2000
8205,724,3956,1369,2000-12-16,2000
8205,724,1369,3956,2000-12-16,2000
8206,724,1550,1748,2000-12-16,2000
8206,724,1748,1550,2000-12-16,2000
8207,724,2243,2667,2000-12-16,2000
8207,724,2667,2243,2000-12-16,2000
8208,725,792,3243,2000-11-17,2000
8208,725,3243,792,2000-11-17,2000
8209,725,3772,3743,2000-11-17,2000
8209,725,3743,3772,2000-11-17,2000
8210,725,273,2520,2000-11-17,2000
8210,725,2520,273,2000-11-17,2000
8211,725,180,464,2000-11-17,2000
8211,725,464,180,2000-11-17,2000
8212,725,3197,2233,2000-11-17,2000
8212,725,2233,3197,2000-11-17,2000
8213,725,1749,3860,2000-11-17,2000
8213,725,3860,1749,2000-11-17,2000
8214,725,1057,2332,2000-11-17,2000
8214,725,2332,1057,2000-11-17,2000
8215,726,3334,3632,2000-09-22,2000
8215,726,3632,3334,2000-09-22,2000
8216,726,3743,1687,2000-09-22,2000
8216,726,1687,3743,2000-09-22,2000
8217,726,1724,1815,2000-09-22,2000
8217,726,1815,1724,2000-09-22,2000
8218,726,1772,704,2000-09-22,2000
8218,726,704,1772,2000-09-22,2000
8219,726,2070,869,2000-09-22,2000
8219,726,869,2070,2000-09-22,2000
8220,726,1267,4298,2000-09-22,2000
8220,726,4298,1267,2000-09-22,2000
8221,726,2667,2134,2000-09-22,2000
8221,726,2134,2667,2000-09-22,2000
8223,727,3243,3334,2000-06-09,2000
8223,727,3334,3243,2000-06-09,2000
8224,727,3342,981,2000-06-09,2000
8224,727,981,3342,2000-06-09,2000
8225,727,2600,69,2000-06-09,2000
8225,727,69,2600,2000-06-09,2000
8226,727,368,143,2000-06-09,2000
8226,727,143,368,2000-06-09,2000
8227,727,1748,27,2000-06-09,2000
8227,727,27,1748,2000-06-09,2000
8228,727,3197,3404,2000-06-09,2000
8228,727,3404,3197,2000-06-09,2000
8229,727,1267,3593,2000-06-09,2000
8229,727,3593,1267,2000-06-09,2000
8230,727,620,3628,2000-06-09,2000
8230,727,3628,620,2000-06-09,2000
8231,728,2949,3679,2000-04-14,2000
8231,728,3679,2949,2000-04-14,2000
8232,728,534,154,2000-04-14,2000
8232,728,154,534,2000-04-14,2000
8233,728,2017,1815,2000-04-14,2000
8233,728,1815,2017,2000-04-14,2000
8234,728,4246,1714,2000-04-14,2000
8234,728,1714,4246,2000-04-14,2000
8235,728,2622,3740,2000-04-14,2000
8235,728,3740,2622,2000-04-14,2000
8236,728,704,2911,2000-04-14,2000
8236,728,2911,704,2000-04-14,2000
8237,729,4298,1932,2000-03-10,2000
8237,729,1932,4298,2000-03-10,2000
8238,729,1369,146,2000-03-10,2000
8238,729,146,1369,2000-03-10,2000
8239,729,2576,1772,2000-03-10,2000
8239,729,1772,2576,2000-03-10,2000
8240,729,750,1364,2000-03-10,2000
8240,729,1364,750,2000-03-10,2000
8241,729,3197,4150,2000-03-10,2000
8241,729,4150,3197,2000-03-10,2000
8242,729,17,1267,2000-03-10,2000
8242,729,1267,17,2000-03-10,2000
8243,729,620,1519,2000-03-10,2000
8243,729,1519,620,2000-03-10,2000
8244,730,3243,4299,1999-11-19,1999
8244,730,4299,3243,1999-11-19,1999
8245,730,3334,2067,1999-11-19,1999
8245,730,2067,3334,1999-11-19,1999
8246,730,4359,1290,1999-11-19,1999
8246,730,1290,4359,1999-11-19,1999
8247,730,3740,927,1999-11-19,1999
8247,730,927,3740,1999-11-19,1999
8248,730,1815,4358,1999-11-19,1999
8248,730,4358,1815,1999-11-19,1999
8249,730,4359,3940,1999-11-19,1999
8249,730,3940,4359,1999-11-19,1999
8250,730,1290,4375,1999-11-19,1999
8250,730,4375,1290,1999-11-19,1999
8251,731,3642,2949,1999-09-24,1999
8251,731,2949,3642,1999-09-24,1999
8253,731,1724,1400,1999-09-24,1999
8253,731,1400,1724,1999-09-24,1999
8254,731,2065,1932,1999-09-24,1999
8254,731,1932,2065,1999-09-24,1999
8255,731,2243,1892,1999-09-24,1999
8255,731,1892,2243,1999-09-24,1999
8256,731,1748,1770,1999-09-24,1999
8256,731,1770,1748,1999-09-24,1999
8257,731,2233,137,1999-09-24,1999
8257,731,137,2233,1999-09-24,1999
8259,732,3743,3432,1999-07-16,1999
8259,732,3432,3743,1999-07-16,1999
8260,732,2600,3050,1999-07-16,1999
8260,732,3050,2600,1999-07-16,1999
8261,732,1724,3940,1999-07-16,1999
8261,732,3940,1724,1999-07-16,1999
8262,732,1892,2721,1999-07-16,1999
8262,732,2721,1892,1999-07-16,1999
8263,732,2067,2134,1999-07-16,1999
8263,732,2134,2067,1999-07-16,1999
8264,732,1815,78,1999-07-16,1999
8264,732,78,1815,1999-07-16,1999
8265,732,3339,4246,1999-07-16,1999
8265,732,4246,3339,1999-07-16,1999
8266,732,1296,981,1999-07-16,1999
8266,732,981,1296,1999-07-16,1999
8267,733,3443,3243,1999-05-07,1999
8267,733,3243,3443,1999-05-07,1999
8268,733,3334,3982,1999-05-07,1999
8268,733,3982,3334,1999-05-07,1999
8269,733,4299,1296,1999-05-07,1999
8269,733,1296,4299,1999-05-07,1999
8270,733,3679,3102,1999-05-07,1999
8270,733,3102,3679,1999-05-07,1999
8271,733,2564,3340,1999-05-07,1999
8271,733,3340,2564,1999-05-07,1999
8272,733,704,1772,1999-05-07,1999
8272,733,1772,704,1999-05-07,1999
8273,733,4246,744,1999-05-07,1999
8273,733,744,4246,1999-05-07,1999
8274,734,2949,2586,1999-03-05,1999
8274,734,2586,2949,1999-03-05,1999
8275,734,1436,3339,1999-03-05,1999
8275,734,3339,1436,1999-03-05,1999
8276,734,1724,2243,1999-03-05,1999
8276,734,2243,1724,1999-03-05,1999
8277,734,3243,3743,1999-03-05,1999
8277,734,3743,3243,1999-03-05,1999
8278,734,3956,1770,1999-03-05,1999
8278,734,1770,3956,1999-03-05,1999
8279,734,4299,1400,1999-03-05,1999
8279,734,1400,4299,1999-03-05,1999
8280,734,2157,3341,1999-03-05,1999
8280,734,3341,2157,1999-03-05,1999
8281,735,3443,2067,1999-01-08,1999
8281,735,2067,3443,1999-01-08,1999
8282,735,2600,3032,1999-01-08,1999
8282,735,3032,2600,1999-01-08,1999
8283,735,3334,733,1999-01-08,1999
8283,735,733,3334,1999-01-08,1999
8284,735,2949,398,1999-01-08,1999
8284,735,398,2949,1999-01-08,1999
8285,735,523,3564,1999-01-08,1999
8285,735,3564,523,1999-01-08,1999
8286,735,3956,1363,1999-01-08,1999
8286,735,1363,3956,1999-01-08,1999
8287,735,704,594,1999-01-08,1999
8287,735,594,704,1999-01-08,1999
8288,736,3642,2273,1998-10-16,1998
8288,736,2273,3642,1998-10-16,1998
8289,736,319,3679,1998-10-16,1998
8289,736,3679,319,1998-10-16,1998
8290,736,3334,5,1998-10-16,1998
8290,736,5,3334,1998-10-16,1998
8291,736,2600,523,1998-10-16,1998
8291,736,523,2600,1998-10-16,1998
8292,736,2067,4299,1998-10-16,1998
8292,736,4299,2067,1998-10-16,1998
8293,736,443,1724,1998-10-16,1998
8293,736,1724,443,1998-10-16,1998
8294,736,2996,3526,1998-10-16,1998
8294,736,3526,2996,1998-10-16,1998
8295,736,2428,3527,1998-10-16,1998
8295,736,3527,2428,1998-10-16,1998
8296,737,3642,1724,1998-05-15,1998
8296,737,1724,3642,1998-05-15,1998
8297,737,4299,733,1998-05-15,1998
8297,737,733,4299,1998-05-15,1998
8298,737,1628,2829,1998-05-15,1998
8298,737,2829,1628,1998-05-15,1998
8299,737,5,1022,1998-05-15,1998
8299,737,1022,5,1998-05-15,1998
8300,737,4125,3004,1998-05-15,1998
8300,737,3004,4125,1998-05-15,1998
8301,737,2829,1385,1998-05-15,1998
8301,737,1385,2829,1998-05-15,1998
8302,737,1628,1401,1998-05-15,1998
8302,737,1401,1628,1998-05-15,1998
8303,737,3339,2716,1998-05-15,1998
8303,737,2716,3339,1998-05-15,1998
8304,737,2243,1645,1998-05-15,1998
8304,737,1645,2243,1998-05-15,1998
8305,738,3642,4443,1998-03-13,1998
8305,738,4443,3642,1998-03-13,1998
8306,738,2067,2221,1998-03-13,1998
8306,738,2221,2067,1998-03-13,1998
8307,738,2600,457,1998-03-13,1998
8307,738,457,2600,1998-03-13,1998
8308,738,398,1814,1998-03-13,1998
8308,738,1814,398,1998-03-13,1998
8309,738,2600,3564,1998-03-13,1998
8309,738,3564,2600,1998-03-13,1998
8310,738,523,3928,1998-03-13,1998
8310,738,3928,523,1998-03-13,1998
8311,738,457,4081,1998-03-13,1998
8311,738,4081,457,1998-03-13,1998
8312,738,704,3887,1998-03-13,1998
8312,738,3887,704,1998-03-13,1998
8313,739,792,3743,1997-12-21,1997
8313,739,3743,792,1997-12-21,1997
8314,739,3471,3713,1997-12-21,1997
8314,739,3713,3471,1997-12-21,1997
8315,739,319,663,1997-12-21,1997
8315,739,663,319,1997-12-21,1997
8316,739,3642,1814,1997-12-21,1997
8316,739,1814,3642,1997-12-21,1997
8318,739,5,154,1997-12-21,1997
8318,739,154,5,1997-12-21,1997
8319,739,3982,2065,1997-12-21,1997
8319,739,2065,3982,1997-12-21,1997
8320,740,3743,5,1997-10-17,1997
8320,740,5,3743,1997-10-17,1997
8321,740,2002,631,1997-10-17,1997
8321,740,631,2002,1997-10-17,1997
8322,740,792,319,1997-10-17,1997
8322,740,319,792,1997-10-17,1997
8323,740,327,279,1997-10-17,1997
8323,740,279,327,1997-10-17,1997
8324,740,2002,3874,1997-10-17,1997
8324,740,3874,2002,1997-10-17,1997
8325,740,631,994,1997-10-17,1997
8325,740,994,631,1997-10-17,1997
8326,740,1759,2716,1997-10-17,1997
8326,740,2716,1759,1997-10-17,1997
8327,741,3743,733,1997-07-27,1997
8327,741,733,3743,1997-07-27,1997
8328,741,2002,388,1997-07-27,1997
8328,741,388,2002,1997-07-27,1997
8329,741,1814,1287,1997-07-27,1997
8329,741,1287,1814,1997-07-27,1997
8330,741,388,1888,1997-07-27,1997
8330,741,1888,388,1997-07-27,1997
8331,741,2002,1720,1997-07-27,1997
8331,741,1720,2002,1997-07-27,1997
8332,741,1814,538,1997-07-27,1997
8332,741,538,1814,1997-07-27,1997
8333,741,2698,4142,1997-07-27,1997
8333,741,4142,2698,1997-07-27,1997
8334,741,1759,1297,1997-07-27,1997
8334,741,1297,1759,1997-07-27,1997
8335,741,1287,662,1997-07-27,1997
8335,741,662,1287,1997-07-27,1997
8336,742,319,5,1997-05-30,1997
8336,742,5,319,1997-05-30,1997
8337,742,792,1473,1997-05-30,1997
8337,742,1473,792,1997-05-30,1997
8338,742,2586,2949,1997-05-30,1997
8338,742,2949,2586,1997-05-30,1997
8339,742,792,1552,1997-05-30,1997
8339,742,1552,792,1997-05-30,1997
8340,742,1473,3851,1997-05-30,1997
8340,742,3851,1473,1997-05-30,1997
8341,742,1785,78,1997-05-30,1997
8341,742,78,1785,1997-05-30,1997
8342,742,2586,2213,1997-05-30,1997
8342,742,2213,2586,1997-05-30,1997
8343,742,2846,1730,1997-05-30,1997
8343,742,1730,2846,1997-05-30,1997
8344,742,2949,53,1997-05-30,1997
8344,742,53,2949,1997-05-30,1997
8345,743,733,3632,1997-02-07,1997
8345,743,3632,733,1997-02-07,1997
8346,743,319,1195,1997-02-07,1997
8346,743,1195,319,1997-02-07,1997
8347,743,398,3545,1997-02-07,1997
8347,743,3545,398,1997-02-07,1997
8348,743,319,3982,1997-02-07,1997
8348,743,3982,319,1997-02-07,1997
8349,743,1195,2735,1997-02-07,1997
8349,743,2735,1195,1997-02-07,1997
8350,743,3938,1802,1997-02-07,1997
8350,743,1802,3938,1997-02-07,1997
8351,743,398,2445,1997-02-07,1997
8351,743,2445,398,1997-02-07,1997
8352,743,2438,2437,1997-02-07,1997
8352,743,2437,2438,1997-02-07,1997
8353,743,3545,2189,1997-02-07,1997
8353,743,2189,3545,1997-02-07,1997
8354,744,1285,5,1996-12-07,1996
8354,744,5,1285,1996-12-07,1996
8355,744,5,2816,1996-12-07,1996
8355,744,2816,5,1996-12-07,1996
8356,744,1285,1547,1996-12-07,1996
8356,744,1547,1285,1996-12-07,1996
8357,744,3641,1888,1996-12-07,1996
8357,744,1888,3641,1996-12-07,1996
8358,744,2221,4136,1996-12-07,1996
8358,744,4136,2221,1996-12-07,1996
8359,744,5,4337,1996-12-07,1996
8359,744,4337,5,1996-12-07,1996
8360,744,1285,1436,1996-12-07,1996
8360,744,1436,1285,1996-12-07,1996
8361,744,431,2846,1996-12-07,1996
8361,744,2846,431,1996-12-07,1996
8362,744,2816,421,1996-12-07,1996
8362,744,421,2816,1996-12-07,1996
8363,744,1547,2634,1996-12-07,1996
8363,744,2634,1547,1996-12-07,1996
8364,745,1195,5,1996-09-20,1996
8364,745,5,1195,1996-09-20,1996
8365,745,733,1888,1996-09-20,1996
8365,745,1888,733,1996-09-20,1996
8366,745,398,1523,1996-09-20,1996
8366,745,1523,398,1996-09-20,1996
8367,745,5,22,1996-09-20,1996
8367,745,22,5,1996-09-20,1996
8368,745,1888,2800,1996-09-20,1996
8368,745,2800,1888,1996-09-20,1996
8369,745,733,3495,1996-09-20,1996
8369,745,3495,733,1996-09-20,1996
8370,745,4050,346,1996-09-20,1996
8370,745,346,4050,1996-09-20,1996
8371,745,1195,1297,1996-09-20,1996
8371,745,1297,1195,1996-09-20,1996
8372,746,733,1285,1996-07-12,1996
8372,746,1285,733,1996-07-12,1996
8373,746,733,1436,1996-07-12,1996
8373,746,1436,733,1996-07-12,1996
8374,746,1285,1888,1996-07-12,1996
8374,746,1888,1285,1996-07-12,1996
8375,746,1436,576,1996-07-12,1996
8375,746,576,1436,1996-07-12,1996
8376,746,733,1720,1996-07-12,1996
8376,746,1720,733,1996-07-12,1996
8377,746,1888,1199,1996-07-12,1996
8377,746,1199,1888,1996-07-12,1996
8378,746,1285,1547,1996-07-12,1996
8378,746,1547,1285,1996-07-12,1996
8379,746,22,2634,1996-07-12,1996
8379,746,2634,22,1996-07-12,1996
8380,746,1947,348,1996-07-12,1996
8380,746,348,1947,1996-07-12,1996
8381,747,3632,3641,1996-05-17,1996
8381,747,3641,3632,1996-05-17,1996
8382,747,1285,368,1996-05-17,1996
8382,747,368,1285,1996-05-17,1996
8383,747,1547,2044,1996-05-17,1996
8383,747,2044,1547,1996-05-17,1996
8384,747,3595,1436,1996-05-17,1996
8384,747,1436,3595,1996-05-17,1996
8385,747,603,135,1996-05-17,1996
8385,747,135,603,1996-05-17,1996
8386,747,4337,1264,1996-05-17,1996
8386,747,1264,4337,1996-05-17,1996
8387,747,2816,431,1996-05-17,1996
8387,747,431,2816,1996-05-17,1996
8388,748,1285,1436,1996-02-16,1996
8388,748,1436,1285,1996-02-16,1996
8389,748,3641,2221,1996-02-16,1996
8389,748,2221,3641,1996-02-16,1996
8390,748,1436,398,1996-02-16,1996
8390,748,398,1436,1996-02-16,1996
8391,748,1285,22,1996-02-16,1996
8391,748,22,1285,1996-02-16,1996
8392,748,1436,1653,1996-02-16,1996
8392,748,1653,1436,1996-02-16,1996
8393,748,398,1195,1996-02-16,1996
8393,748,1195,398,1996-02-16,1996
8394,748,4136,2698,1996-02-16,1996
8394,748,2698,4136,1996-02-16,1996
8395,748,1285,3230,1996-02-16,1996
8395,748,3230,1285,1996-02-16,1996
8396,748,22,2595,1996-02-16,1996
8396,748,2595,22,1996-02-16,1996
8397,749,3632,3944,1995-12-16,1995
8397,749,3944,3632,1995-12-16,1995
8398,749,3944,3432,1995-12-16,1995
8398,749,3432,3944,1995-12-16,1995
8399,749,3632,5,1995-12-16,1995
8399,749,5,3632,1995-12-16,1995
8400,749,3944,327,1995-12-16,1995
8400,749,327,3944,1995-12-16,1995
8401,749,3432,1536,1995-12-16,1995
8401,749,1536,3432,1995-12-16,1995
8402,749,3632,4136,1995-12-16,1995
8402,749,4136,3632,1995-12-16,1995
8403,749,5,1850,1995-12-16,1995
8403,749,1850,5,1995-12-16,1995
8404,749,1547,1845,1995-12-16,1995
8404,749,1845,1547,1995-12-16,1995
8405,749,663,352,1995-12-16,1995
8405,749,352,663,1995-12-16,1995
